æœç´¢è¯,æ ‡é¢˜,æœç´¢ç»“æœé“¾æ¥,ä½œè€…,ä½œè€…ä¸»é¡µ,ç¬”è®°å‘å¸ƒæ—¶é—´,ç‚¹èµæ•°,å¸–å­é“¾æ¥,å°é¢é“¾æ¥åœ°å€
ç‘å¹¸ æƒ…ç»ª,åˆæ˜¯ä¸ºæƒ…ç»ªä¹°å•çš„ä¸€å¤©,https://www.xiaohongshu.com/search_result?keyword=%25E7%2591%259E%25E5%25B9%25B8%2520%25E6%2583%2585%25E7%25BB%25AA&source=unknown,å‘å‘å‘,https://www.xiaohongshu.com/user/profile/5b7cb08cbb095a0001265b4b?channel_type=web_search_result_notes&parent_page_channel_type=web_profile_board&xsec_token=ABK-bFyz0Xd0CJDcR0G2Zcw5m1NmSP3O_et3xGgmJalJs=&xsec_source=pc_search,6æœˆ16æ—¥,3,https://www.xiaohongshu.com/search_result/684fdadd000000001101d67f?xsec_token=AB3gCASVWwJ0Tz_xs9Zryz7GcNTaINEo8K8-XWOL3nQ5U=&xsec_source=,https://sns-webpic-qc.xhscdn.com/202512071925/71fcf2572c5dca0e984a68e1b9a32f18/1040g2sg31ipljd4k1ce04ahslno8omqbf932le8!nc_n_webp_mw_1
ç‘å¹¸ æƒ…ç»ª,è¿™ä¸ªæ¯å­æˆ‘çœŸçš„å¥½å–œæ¬¢ï¼ğŸ±,https://www.xiaohongshu.com/search_result?keyword=%25E7%2591%259E%25E5%25B9%25B8%2520%25E6%2583%2585%25E7%25BB%25AA&source=unknown,RickğŸ¤£,https://www.xiaohongshu.com/user/profile/6673bb8f0000000007004358?channel_type=web_search_result_notes&parent_page_channel_type=web_profile_board&xsec_token=AB5Y9MgxKvnDvcKSjdbF0JcffrfvhTujZmMkiDUuYoC5I=&xsec_source=pc_search,7æœˆ21æ—¥,3,https://www.xiaohongshu.com/search_result/687dfcc4000000001c0333b7?xsec_token=ABjHhy4sNXiKGoj5kEtg_LhToX_aEpdajxClia8DfTiWQ=&xsec_source=,https://sns-webpic-qc.xhscdn.com/202512071925/bbc8318a9903c240d3bf6a1c3a07dbd3/notes_pre_post/1040g3k831k6nai5k32d05pjjne7hogqoplief0o!nc_n_webp_mw_1
ç‘å¹¸ æƒ…ç»ª,ç‘å¹¸å’–å•¡é€€æ¬¾,https://www.xiaohongshu.com/search_result?keyword=%25E7%2591%259E%25E5%25B9%25B8%2520%25E6%2583%2585%25E7%25BB%25AA&source=unknown,xå•Š~,https://www.xiaohongshu.com/user/profile/5db4797a000000000100585e?channel_type=web_search_result_notes&parent_page_channel_type=web_profile_board&xsec_token=ABy94CktqUmxfE7ar-zJBTQPGt45faLLO7Jsy_H42kM0Q=&xsec_source=pc_search,9æœˆ13æ—¥,èµ,https://www.xiaohongshu.com/search_result/68c4c851000000001d03688c?xsec_token=AB6GZrlE1AnwpS5lopboX6p3_hC2LzeoKG9AK0_Tb1p3I=&xsec_source=,https://sns-webpic-qc.xhscdn.com/202512071925/293c05b2876c9fe1c41d23a54a59101d/1040g00831mbr3hcg5i0g5ndkf5t08m2u2mprq50!nc_n_webp_mw_1
ç‘å¹¸ æƒ…ç»ª,å‰ç‘å¹¸åº—é•¿æƒ…ç»ªç®¡ç†ï¼Œæˆ‘ç”¨è¿™3æ­¥æ‰›è¿‡æƒ…ç»ªå´©æºƒ,https://www.xiaohongshu.com/search_result?keyword=%25E7%2591%259E%25E5%25B9%25B8%2520%25E6%2583%2585%25E7%25BB%25AA&source=unknown,äºŒåä¸€ç‚¹ä¸€,https://www.xiaohongshu.com/user/profile/5afc0afa11be105fbe1f0834?channel_type=web_search_result_notes&parent_page_channel_type=web_profile_board&xsec_token=ABTznJz-PlFlizRi2e1Ck2n6tN-VsHHCj8ca07JGQdh9k=&xsec_source=pc_search,10æœˆ23æ—¥,198,https://www.xiaohongshu.com/search_result/68eb9b2b0000000007015f64?xsec_token=ABP2vgLgTn-OXSVkQ1rkcasXOL13PUo0QucJz9xdWY54w=&xsec_source=,https://sns-webpic-qc.xhscdn.com/202512071925/e11cd0fa27be8faf5bd5b96db7cf0b9c/1040g00831nhoha98kq004a5ciu5fk21kqkbehho!nc_n_webp_mw_1
ç‘å¹¸ æƒ…ç»ª,è¯´å¤šäº†éƒ½æ˜¯æ³ª,https://www.xiaohongshu.com/search_result?keyword=%25E7%2591%259E%25E5%25B9%25B8%2520%25E6%2583%2585%25E7%25BB%25AA&source=unknown,æ±‡å’Œå›½é™…å°ç‘ç‘,https://www.xiaohongshu.com/user/profile/66c2b066000000001d021b64?channel_type=web_search_result_notes&parent_page_channel_type=web_profile_board&xsec_token=ABxvfQaiY8NKb_hjUseAHMqqt3PZ56ej7Bi7_k4zL9QUo=&xsec_source=pc_search,7æœˆ14æ—¥,306,https://www.xiaohongshu.com/search_result/6874c370000000002203eec2?xsec_token=ABrwy3s04KB3_6S9VCJQTnlsDJHMI4oCuzPnc3-4WdV2o=&xsec_source=,https://sns-webpic-qc.xhscdn.com/202512071925/bfd6b8c454eaa42a7272671ec823566a/1040g00831jtn2s5uj46g5pm2m1j7c6r4pj4n2jo!nc_n_webp_mw_1
ç‘å¹¸ æƒ…ç»ª,æ”¾ç©ºçš„å¿ƒï¼Œæ˜¯æœ€å¥½çš„ç¤¼ç‰©,https://www.xiaohongshu.com/search_result?keyword=%25E7%2591%259E%25E5%25B9%25B8%2520%25E6%2583%2585%25E7%25BB%25AA&source=unknown,ç¾ç¾,https://www.xiaohongshu.com/user/profile/5c1f43870000000005023722?channel_type=web_search_result_notes&parent_page_channel_type=web_profile_board&xsec_token=ABnK0DZyh58dv_KmuainCpC2aS6MY2PjAXhbHh05K2vH8=&xsec_source=pc_search,2023/12/26,2,https://www.xiaohongshu.com/search_result/658ae717000000001101acc1?xsec_token=ABwa3b7b9agfrrDxN3mT1qgkNwcq8OSzLN1Cm6Tzo9rBI=&xsec_source=,https://sns-webpic-qc.xhscdn.com/202512071925/46efd2932ba75dd8a2ae64891b1ddcef/1040g2sg30t5aueop44005n0v8e3hcdp2jgulpf8!nc_n_webp_mw_1
ç‘å¹¸ æƒ…ç»ª,ç¢ç¢å¿µï½œæœ‰è¢«å›åº”åˆ°ï¼å°Šæ»´å¾ˆå¼€å¿ƒï¼,https://www.xiaohongshu.com/search_result?keyword=%25E7%2591%259E%25E5%25B9%25B8%2520%25E6%2583%2585%25E7%25BB%25AA&source=unknown,æ¨±æ¡ƒğŸ’å°åœ†å­,https://www.xiaohongshu.com/user/profile/5e09f65a0000000001000477?channel_type=web_search_result_notes&parent_page_channel_type=web_profile_board&xsec_token=ABZSlnlojrO3Uh8oGz_ciyi7EXrqoNflCl_bhuXUtLAJw=&xsec_source=pc_search,7æœˆ3æ—¥,2,https://www.xiaohongshu.com/search_result/6865e3e80000000017036857?xsec_token=ABX0iExZ7MSBNOwXioEkaK4a2zhc1AUmSLZTxL9uZkr38=&xsec_source=,https://sns-webpic-qc.xhscdn.com/202512071925/3d014eab5db5f28cd176fe73d50467ea/1040g00831jf63ngeiu705ng9upd0813nipvab3o!nc_n_webp_mw_1
ç‘å¹¸ æƒ…ç»ª,è®°å½•ç¬¬1.2å¤©,https://www.xiaohongshu.com/search_result?keyword=%25E7%2591%259E%25E5%25B9%25B8%2520%25E6%2583%2585%25E7%25BB%25AA&source=unknown,è¯·ç¥,https://www.xiaohongshu.com/user/profile/5cf5a67c00000000170356a9?channel_type=web_search_result_notes&parent_page_channel_type=web_profile_board&xsec_token=ABtoXbV1pbi7sVST9C_XuHec4CJMrSLf6Mc29G2S7TSeo=&xsec_source=pc_search,11æœˆ12æ—¥,3,https://www.xiaohongshu.com/search_result/6913645e000000000301cb0a?xsec_token=ABER2ksmmHEaw4ZacG_xzNpw7dAkHtPdg_wexuFCEug3c=&xsec_source=,https://sns-webpic-qc.xhscdn.com/202512071925/104f94a9e189060a6f4ebb39f3b00cee/1040g00831oojvet0g66g5n7lkpu5ull9ml6a9q8!nc_n_webp_mw_1
ç‘å¹¸ æƒ…ç»ª,,https://www.xiaohongshu.com/search_result?keyword=%25E7%2591%259E%25E5%25B9%25B8%2520%25E6%2583%2585%25E7%25BB%25AA&source=unknown,æˆ‘çˆ±åƒæ€ä¹ˆäº†,https://www.xiaohongshu.com/user/profile/5b5c9dbd11be1029da8004bb?channel_type=web_search_result_notes&parent_page_channel_type=web_profile_board&xsec_token=AB3BZN8hBcHMiuN0zJtZ4cHL2vLb9Axx1ZN1K_iH-q-FM=&xsec_source=pc_search,6å¤©å‰,9,https://www.xiaohongshu.com/search_result/692d3d10000000001b033834?xsec_token=ABOdQbz9-xhya0iQXPjlFQodAenNydmoS2twxZuEjH0oE=&xsec_source=,https://sns-webpic-qc.xhscdn.com/202512071925/7eb03235f2fcff965911e25b7871e4a4/note_pre_post_uhdr/1040g3r831phrq7g6ka6g4a7kdeerq15revbmalg!nc_n_webp_mw_1
ç‘å¹¸ æƒ…ç»ª,ä¹°æ¯ç‘å¹¸ï¼Œå“„è‡ªå·±ä¸Šç­,https://www.xiaohongshu.com/search_result?keyword=%25E7%2591%259E%25E5%25B9%25B8%2520%25E6%2583%2585%25E7%25BB%25AA&source=unknown,å–œé£.,https://www.xiaohongshu.com/user/profile/60c047e5000000000100a4ea?channel_type=web_search_result_notes&parent_page_channel_type=web_profile_board&xsec_token=ABnDDPabUNpSEbH_3pdbLHxs5O1L2QeF5OEQDCh2bUtBo=&xsec_source=pc_search,2024/9/22,2,https://www.xiaohongshu.com/search_result/66efd1780000000025031177?xsec_token=ABC5ZueKgewlUWkZHLfa6zyN9lYwATw6lT9pViigKsizU=&xsec_source=,https://sns-webpic-qc.xhscdn.com/202512071925/0c022227d0f70480c3c958c94fb0e6b7/1040g0083181si2fgk6005o608vig997ai5jelbo!nc_n_webp_mw_1
ç‘å¹¸ æƒ…ç»ª,ç‘å¹¸æˆ‘å°†èµ·è¯‰ä½ ,https://www.xiaohongshu.com/search_result?keyword=%25E7%2591%259E%25E5%25B9%25B8%2520%25E6%2583%2585%25E7%25BB%25AA&source=unknown,äº”å¸¸å¤§ç±³æ¢¦å¥³,https://www.xiaohongshu.com/user/profile/62e22a78000000001e01f0a2?channel_type=web_search_result_notes&parent_page_channel_type=web_profile_board&xsec_token=AB2nvomLPhQ_q267V8jG0ZvsNs0oP-j_mM4k4Siopsabo=&xsec_source=pc_search,3æœˆ28æ—¥,èµ,https://www.xiaohongshu.com/search_result/67e62cd000000000090176d5?xsec_token=ABBhzpuiHNjb4s1wtU6lAH1F0C0gZ7kU-LMOFKIJukF1g=&xsec_source=,https://sns-webpic-qc.xhscdn.com/202512071925/4da52753da4f1ed40a18ef964459b1e2/notes_pre_post/1040g3k831fif66dk06705on259s7js52a5fbtc0!nc_n_webp_mw_1
ç‘å¹¸ æƒ…ç»ª,åŸæ¥è¿™å°±æ˜¯ç‘å¹¸â€¦â€¦,https://www.xiaohongshu.com/search_result?keyword=%25E7%2591%259E%25E5%25B9%25B8%2520%25E6%2583%2585%25E7%25BB%25AA&source=unknown,#NAME?,https://www.xiaohongshu.com/user/profile/595852bb50c4b413a7cb9529?channel_type=web_search_result_notes&parent_page_channel_type=web_profile_board&xsec_token=AByas8BjfL2TD4mZ2D5rcMEv2NtRmJ6PWB5I_WNrnqTtM=&xsec_source=pc_search,6æœˆ8æ—¥,30,https://www.xiaohongshu.com/search_result/6845a941000000000303f5e4?xsec_token=AB1P-uWOKPGTl3tVZtBRQf4uBpcRkjVMB-nd5kNYBWAjs=&xsec_source=,https://sns-webpic-qc.xhscdn.com/202512071925/43e8bb895eb19cad2b3849e35918eff5/notes_pre_post/1040g3k031ifmmcdi0c0049l74c9bn599e0ms6qo!nc_n_webp_mw_1
ç‘å¹¸ æƒ…ç»ª,å®¶äººä»¬å–å’–å•¡åè§‰å¾—æŠ‘éƒæ˜¯æ€ä¹ˆå›äº‹ï¼Ÿ,https://www.xiaohongshu.com/search_result?keyword=%25E7%2591%259E%25E5%25B9%25B8%2520%25E6%2583%2585%25E7%25BB%25AA&source=unknown,è¿½é£ç­çš„äºº,https://www.xiaohongshu.com/user/profile/5ad08d2d4eacab7d19570e5e?channel_type=web_search_result_notes&parent_page_channel_type=web_profile_board&xsec_token=ABOs4_z4wXHD_6jyOT-hcEGK_osGazc9ZTI3aHbUDJm5Y=&xsec_source=pc_search,2024/1/22,2,https://www.xiaohongshu.com/search_result/659d4c490000000011019e13?xsec_token=ABp8ci8FA-BJU5mMeqedq441jMXwDpob20py3fw1y6L3U=&xsec_source=,https://sns-webpic-qc.xhscdn.com/202512071925/2d9d92e57a0a4d80c934081b8458d8d6/1040g00830tn9pqgvkq604a4gke6iq3iu5t28mk8!nc_n_webp_mw_1
ç‘å¹¸ æƒ…ç»ª,æ­¤åˆ»æˆ‘å°±åƒjerryä¸€æ ·æ„¤æ€’å€¼æ‹‰æ»¡,https://www.xiaohongshu.com/search_result?keyword=%25E7%2591%259E%25E5%25B9%25B8%2520%25E6%2583%2585%25E7%25BB%25AA&source=unknown,DD,https://www.xiaohongshu.com/user/profile/541d8599b4c4d665e6541cb0?channel_type=web_search_result_notes&parent_page_channel_type=web_profile_board&xsec_token=ABUcSMB_0YJ_b05df0qvGyYASQpJTf9H5sVU1cLugB5CM=&xsec_source=pc_search,2023/10/9,7,https://www.xiaohongshu.com/search_result/6523b128000000001c016557?xsec_token=ABPffd5kQWpouNQ0KCXHGXPfleG7VGkv3LMj7f0_4ZMFw=&xsec_source=,https://sns-webpic-qc.xhscdn.com/202512071925/337b84b2523bf7d85604d3a0ec37b498/1040g2sg30q0hjpfr7g0g40073f2pi75glv3t4fg!nc_n_webp_mw_1
ç‘å¹¸ æƒ…ç»ª,ä»Šå¤©æ˜¯å¹¸è¿çš„ï¼Œç‘å¹¸å‘¨è¾¹,https://www.xiaohongshu.com/search_result?keyword=%25E7%2591%259E%25E5%25B9%25B8%2520%25E6%2583%2585%25E7%25BB%25AA&source=unknown,æš–é˜³æµ…ç¬‘,https://www.xiaohongshu.com/user/profile/65632b8d000000000202ac95?channel_type=web_search_result_notes&parent_page_channel_type=web_profile_board&xsec_token=AB8sWvatRoZTOE8-T56sLao-E90_JhipvcY6ZoswlPU0I=&xsec_source=pc_search,11æœˆ24æ—¥,1,https://www.xiaohongshu.com/search_result/69243f0f000000000d039b51?xsec_token=ABahLKWW4srn8z5-SAqwD8k81P4kGowmWDqJW6cQQHQP0=&xsec_source=,https://sns-webpic-qc.xhscdn.com/202512071925/001fdac1a7717676c8d3c74e1437b6f1/notes_pre_post/1040g3k031p92scbtis6g5pb35e6glb4lbu2i8s8!nc_n_webp_mw_1
ç‘å¹¸ æƒ…ç»ª,,https://www.xiaohongshu.com/search_result?keyword=%25E7%2591%259E%25E5%25B9%25B8%2520%25E6%2583%2585%25E7%25BB%25AA&source=unknown,åŸå—æ—§äº‹,https://www.xiaohongshu.com/user/profile/5936566f5e87e728c30338f3?channel_type=web_search_result_notes&parent_page_channel_type=web_profile_board&xsec_token=ABFfQLTFdcydw_cZc3sxjg98uGLhTXyvujbDXr7k2XUGk=&xsec_source=pc_search,2023/11/13,èµ,https://www.xiaohongshu.com/search_result/65520c5e0000000032024929?xsec_token=ABwXL7sSqduxImtu_1_CedS0vjcEi-ejaIaD8XljQabTk=&xsec_source=,https://sns-webpic-qc.xhscdn.com/202512071925/f6cd8054996c55b7a5c65276d0aa0124/1040g00830rdq84hmh85g49io37b6ue7jdbkqp78!nc_n_webp_mw_1
ç‘å¹¸ æƒ…ç»ª,å‘¨æœ«æ‰èƒ½å–ç‘å¹¸ï¼,https://www.xiaohongshu.com/search_result?keyword=%25E7%2591%259E%25E5%25B9%25B8%2520%25E6%2583%2585%25E7%25BB%25AA&source=unknown,æˆ‘è§‰å¾—æˆ‘åº”è¯¥æ˜¯è‡ªç”±çš„ã€‚,https://www.xiaohongshu.com/user/profile/6144aeca000000001f03c55a?channel_type=web_search_result_notes&parent_page_channel_type=web_profile_board&xsec_token=ABkgCdW3Wb4_Y8QGwCCg1yqjFEWhirByp-2cPfGqEv3OA=&xsec_source=pc_search,2023/5/7,èµ,https://www.xiaohongshu.com/search_result/645735e6000000001203cc93?xsec_token=ABO5AMZRa_ZZHpYBmOB4NUXrv2n2YoAlIGsnRn8UVUgNk=&xsec_source=,https://sns-webpic-qc.xhscdn.com/202512071925/ebbbe53d48e6ad6a370b92f56ba65369/1000g0082f3e9gtuha05g5oa4lr57vhaqd4v4np8!nc_n_webp_mw_1
ç‘å¹¸ æƒ…ç»ª,ç‘å¹¸èœœé›ªçš„çˆ±æ¨æƒ…ä»‡ï¼Œä½ ä»¬åˆ«åµå•¦ğŸ¤ª,https://www.xiaohongshu.com/search_result?keyword=%25E7%2591%259E%25E5%25B9%25B8%2520%25E6%2583%2585%25E7%25BB%25AA&source=unknown,ç™½æ—¥æ¢¦æƒ³å®¶,https://www.xiaohongshu.com/user/profile/65ee9127000000000500d829?channel_type=web_search_result_notes&parent_page_channel_type=web_profile_board&xsec_token=AB2fB6O2-_i0bHdnPqgDrRW-8vuzoQmSD2kYvOdWJddmI=&xsec_source=pc_search,2024/3/28,65,https://www.xiaohongshu.com/search_result/660579be0000000014005a5a?xsec_token=ABZGeWtfm35MULj4oKFRE73PrNfm6WjtuaMlvVX2RduK8=&xsec_source=,https://sns-webpic-qc.xhscdn.com/202512071925/5ffcc608273bcd5009b58a71b0ebc5ac/1040g008310t17fs46m305pfei4jh9m19qf6o9f8!nc_n_webp_mw_1
ç‘å¹¸ æƒ…ç»ª,ç‘å¹¸å·®è¯„ï¼ï¼ï¼,https://www.xiaohongshu.com/search_result?keyword=%25E7%2591%259E%25E5%25B9%25B8%2520%25E6%2583%2585%25E7%25BB%25AA&source=unknown,CIARA_YE,https://www.xiaohongshu.com/user/profile/59a8b80d50c4b474d4ad5480?channel_type=web_search_result_notes&parent_page_channel_type=web_profile_board&xsec_token=AB1om0zpvJ0MqtQwBrVRMc2WfkPcuiA0XcBGxWiREytQg=&xsec_source=pc_search,9æœˆ2æ—¥,19,https://www.xiaohongshu.com/search_result/68b6604b000000001d00f306?xsec_token=ABkGCfJJH5cRd5yzYI29DC3Wi3DgEARaXFoJN3g6z9c74=&xsec_source=,https://sns-webpic-qc.xhscdn.com/202512071925/571b28f48e799fa06dee3290a9ed3fd1/1040g00831lto9t674u0049p2h9s0ql40splavmg!nc_n_webp_mw_1
ç‘å¹¸ æƒ…ç»ª,æ—©èµ·æç¥ï¼Œåˆ¶ä½œä¸€æ¯ï¼Œé»‘å’–å•¡ï¼ˆè€¶åŠ é›ªè²ï¼‰,https://www.xiaohongshu.com/search_result?keyword=%25E7%2591%259E%25E5%25B9%25B8%2520%25E6%2583%2585%25E7%25BB%25AA&source=unknown,å¤©ä¹™,https://www.xiaohongshu.com/user/profile/6594395500000000220045fd?channel_type=web_search_result_notes&parent_page_channel_type=web_profile_board&xsec_token=ABnYOc6mRJPBMEbgnYvUTeonfsjmfY4esbs6BtFjTE_hk=&xsec_source=pc_search,4æœˆ28æ—¥,2,https://www.xiaohongshu.com/search_result/68082d49000000000b01e4ab?xsec_token=AB4soYUD4NavpTojkSrzPk8P4Fb4kTAWEB3-FJhLmMzq8=&xsec_source=,https://sns-webpic-qc.xhscdn.com/202512071925/e0f25fee32c489d4e0bb79080915bfbc/1040g2sg31gjlon0f3uk05pck75aoghftmeiu7ao!nc_n_webp_mw_1
ç‘å¹¸ æƒ…ç»ª,,https://www.xiaohongshu.com/search_result?keyword=%25E7%2591%259E%25E5%25B9%25B8%2520%25E6%2583%2585%25E7%25BB%25AA&source=unknown,ç¤¼å°šå¾€æ¥,https://www.xiaohongshu.com/user/profile/5d68fe05000000000101aee9?channel_type=web_search_result_notes&parent_page_channel_type=web_profile_board&xsec_token=ABgk7GahLdqv4FXFfZTyo2o1ZX6WNmMIAOWD9FOcb1ero=&xsec_source=pc_search,2023/7/22,èµ,https://www.xiaohongshu.com/search_result/64bbe6720000000012018f7b?xsec_token=ABe3NYRT0iUvQcsIYZ-6trmZ-IrribdsBFT-bOCTnY3Cs=&xsec_source=,https://sns-webpic-qc.xhscdn.com/202512071925/203bfa8ec56e154e99465bb27a991b28/1040g00830mr640av4e6g5nb8vo2gbbn9vjn8lb0!nc_n_webp_mw_1
ç‘å¹¸ æƒ…ç»ª,ç‘å¹¸ï¼šä¸€æ¯æ¸©æš–ï¼Œå¿ƒæƒ…è½¬æ™´,https://www.xiaohongshu.com/search_result?keyword=%25E7%2591%259E%25E5%25B9%25B8%2520%25E6%2583%2585%25E7%25BB%25AA&source=unknown,è›®è›®,https://www.xiaohongshu.com/user/profile/65cd554700000000050310c6?channel_type=web_search_result_notes&parent_page_channel_type=web_profile_board&xsec_token=ABHh_-httj3NUDvTU8H2-DTniv8-BqkPbiryziKSGNhfw=&xsec_source=pc_search,2024/9/24,4,https://www.xiaohongshu.com/search_result/66f294f5000000001a020ba9?xsec_token=AB-vX5V9B8yGIysdwr9Rr_EvQMNBB6vCW4mWPflH9J9SE=&xsec_source=,https://sns-webpic-qc.xhscdn.com/202512071925/45cd8b0b9fe612a10efc8904672768f6/1040g2sg3184itmccgq7g5pedal3he466itd0ek8!nc_n_webp_mw_1
ç‘å¹¸ æƒ…ç»ª,æœ‰å¹¸æ— å¹¸ å–æ¯ç‘å¹¸â˜•ï¸,https://www.xiaohongshu.com/search_result?keyword=%25E7%2591%259E%25E5%25B9%25B8%2520%25E6%2583%2585%25E7%25BB%25AA&source=unknown,å¤§ç”·ä¸»ä¹‰.,https://www.xiaohongshu.com/user/profile/602fcf5e000000000100525f?channel_type=web_search_result_notes&parent_page_channel_type=web_profile_board&xsec_token=ABDfVrYm6krri-WLCHRjysxFFnq87mSmA35br6fV6-RSM=&xsec_source=pc_search,2023/8/13,38,https://www.xiaohongshu.com/search_result/64d8e0ed00000000030229e1?xsec_token=ABsTUDg8Q-lpGukgSSxECugIia_W75njsBty-21D-HFXw=&xsec_source=,https://sns-webpic-qc.xhscdn.com/202512071925/58faba14a74dae0eee32493b4f6862d8/1040g00830nnfme74ng5g5o1fptf08kiv2in8ofo!nc_n_webp_mw_1
ç‘å¹¸ æƒ…ç»ª,,https://www.xiaohongshu.com/search_result?keyword=%25E7%2591%259E%25E5%25B9%25B8%2520%25E6%2583%2585%25E7%25BB%25AA&source=unknown,FLF,https://www.xiaohongshu.com/user/profile/61ee6f8e000000001000f76b?channel_type=web_search_result_notes&parent_page_channel_type=web_profile_board&xsec_token=ABhUZEfcPy6OKHgBUWWvVl2YCb3PhNbb5oThmAUeL4iiI=&xsec_source=pc_search,11æœˆ25æ—¥,èµ,https://www.xiaohongshu.com/search_result/6924a9e0000000001e00fc90?xsec_token=ABahLKWW4srn8z5-SAqwD8k2R2JMiQceNr9f5UKDwcUAk=&xsec_source=,https://sns-webpic-qc.xhscdn.com/202512071925/ace72dadcde9e4b07fcc6b567aa9fe3a/1040g00831p9fufjsi6005ofedu741trbb5qjs78!nc_n_webp_mw_1
ç‘å¹¸ æƒ…ç»ª,æˆ‘å®‰æ…°è‡ªå·±æ˜¯çƒ­çˆ±ç”Ÿæ´»çš„è¡¨ç°,https://www.xiaohongshu.com/search_result?keyword=%25E7%2591%259E%25E5%25B9%25B8%2520%25E6%2583%2585%25E7%25BB%25AA&source=unknown,å°è—å­â„¢,https://www.xiaohongshu.com/user/profile/59b1d83a82ec3943ba829940?channel_type=web_search_result_notes&parent_page_channel_type=web_profile_board&xsec_token=ABnCMXCu0rSHh0B20-ES7Aqjl1Ogz3Pg9EiBDvZ7W1XfE=&xsec_source=pc_search,2024/9/16,1,https://www.xiaohongshu.com/search_result/66e7bfd30000000027001da6?xsec_token=ABBGL9mB6odiKm3YzqmTJ9F8n6Waa4H4CdsU_XhYfObGw=&xsec_source=,https://sns-webpic-qc.xhscdn.com/202512071925/beadc79f6565c3422bbe8d1348ecb7a0/1040g2sg317q0d4ng44cg49pe8mc3l6a02e44ff0!nc_n_webp_mw_1
ç‘å¹¸ æƒ…ç»ª,æ”¶é›†å°å¼€å¿ƒ,https://www.xiaohongshu.com/search_result?keyword=%25E7%2591%259E%25E5%25B9%25B8%2520%25E6%2583%2585%25E7%25BB%25AA&source=unknown,ç»ƒå°±é’æ„ŸåŠ›,https://www.xiaohongshu.com/user/profile/5a77b08e11be1041da02a227?channel_type=web_search_result_notes&parent_page_channel_type=web_profile_board&xsec_token=ABr7zGI_fdzTQZWIxslhOHnp_xZeBnXOI_L8xHSrMfME4=&xsec_source=pc_search,2023/10/19,2,https://www.xiaohongshu.com/search_result/6530a7070000000025020818?xsec_token=ABuPigk8vF3ZHviAtA_hkRJdVlBKi2RAYlVSHIPoWulmU=&xsec_source=,https://sns-webpic-qc.xhscdn.com/202512071925/675a1f4bb55e11ef9934ad704cace6a3/1040g00830qd6k9bm7u6g4a197mo8t8h7ocspfag!nc_n_webp_mw_1
ç‘å¹¸ æƒ…ç»ª,,https://www.xiaohongshu.com/search_result?keyword=%25E7%2591%259E%25E5%25B9%25B8%2520%25E6%2583%2585%25E7%25BB%25AA&source=unknown,ç‹ä¸‰å²,https://www.xiaohongshu.com/user/profile/60aecc18000000000101fb11?channel_type=web_search_result_notes&parent_page_channel_type=web_profile_board&xsec_token=ABAfa4RvrNixJFTNirf3vUN4SVQL8b4XkApu24zftS-Yo=&xsec_source=pc_search,11æœˆ25æ—¥,10,https://www.xiaohongshu.com/search_result/6925676f000000001f00eb3f?xsec_token=ABpV5UnXXtOg6uJv1RrqUn0e4PvjfIkpx3chcy732SxJw=&xsec_source=,https://sns-webpic-qc.xhscdn.com/202512071925/10ffe8d979962f1c44a3222e5eb68c88/1040g00831pa7285ijc005o5epgc0buoht33583o!nc_n_webp_mw_1
ç‘å¹¸ æƒ…ç»ª,æŒ‘æˆ˜ç‘å¹¸ç¬¬4å¤©ä¸Šç­,https://www.xiaohongshu.com/search_result?keyword=%25E7%2591%259E%25E5%25B9%25B8%2520%25E6%2583%2585%25E7%25BB%25AA&source=unknown,æå°ğŸ·,https://www.xiaohongshu.com/user/profile/65915572000000001f03be02?channel_type=web_search_result_notes&parent_page_channel_type=web_profile_board&xsec_token=AB20-Z7hi-BCew7ZLg_DFPlhi9wVGjzBt4gMuLMiD6GRI=&xsec_source=pc_search,8æœˆ13æ—¥,3,https://www.xiaohongshu.com/search_result/689cb117000000001c03d7d6?xsec_token=AByPQuV79dJn3po4Nrj3RhBLIaKsKVXmxQO3dz0284qNY=&xsec_source=,https://sns-webpic-qc.xhscdn.com/202512071925/6d941b113eb7732e4a019e459cf70112/1040g2sg31l4mripo2g5g5pchalp7vfg2td95558!nc_n_webp_mw_1
ç‘å¹¸ æƒ…ç»ª,äº²çˆ±çš„ç‘ç‘,https://www.xiaohongshu.com/search_result?keyword=%25E7%2591%259E%25E5%25B9%25B8%2520%25E6%2583%2585%25E7%25BB%25AA&source=unknown,å°çº¢è–¯67281251,https://www.xiaohongshu.com/user/profile/67270367000000001d02d976?channel_type=web_search_result_notes&parent_page_channel_type=web_profile_board&xsec_token=AB7Zhlrr8ZPQnElXgS4I4ZwEhE4w1VuNiJKUW1_YydUhg=&xsec_source=pc_search,10æœˆ2æ—¥,1,https://www.xiaohongshu.com/search_result/68de128d0000000005039b8d?xsec_token=ABoBPjtx8Yvl8o7wm8VVy-dwz1MpdfX56RgSi-chHTGPE=&xsec_source=,https://sns-webpic-qc.xhscdn.com/202512071925/d50dea76342f72cb671789b601bb9492/1040g00831n4hqonv6m505pp70djndmbm6kbc9b8!nc_n_webp_mw_1
ç‘å¹¸ æƒ…ç»ª,æƒ…ç»ªæŠ½å±‰â˜ºæ–‡è‰ºçš„ç‘å¹¸,https://www.xiaohongshu.com/search_result?keyword=%25E7%2591%259E%25E5%25B9%25B8%2520%25E6%2583%2585%25E7%25BB%25AA&source=unknown,è‰åŸäº”ç­å¤§é˜Ÿé•¿,https://www.xiaohongshu.com/user/profile/648cfb9d000000002a0344bd?channel_type=web_search_result_notes&parent_page_channel_type=web_profile_board&xsec_token=ABehq8gHVcxG40j4NM3K59KLMdmas4HRKlaQalMG0yFf4=&xsec_source=pc_search,7æœˆ8æ—¥,1,https://www.xiaohongshu.com/search_result/686c6bfc000000001202125d?xsec_token=ABV9a8esmoNB4zxhQoboA1j5LpdsJPch2-Bi5Gii0A3Rk=&xsec_source=,https://sns-webpic-qc.xhscdn.com/202512071925/74dd279d1957f65365ddc141eea81a5d/notes_pre_post/1040g3k831jlh9ppr30605p4cveeqmh5t37f7ok8!nc_n_webp_mw_1
ç‘å¹¸ æƒ…ç»ª,,https://www.xiaohongshu.com/search_result?keyword=%25E7%2591%259E%25E5%25B9%25B8%2520%25E6%2583%2585%25E7%25BB%25AA&source=unknown,ã€‚,https://www.xiaohongshu.com/user/profile/60569baf0000000001008451?channel_type=web_search_result_notes&parent_page_channel_type=web_profile_board&xsec_token=ABGiJ26RVkmwc0tpIdYPgFSX8bkfsVguOHFxZ8FZtUKkQ=&xsec_source=pc_search,5æœˆ28æ—¥,12,https://www.xiaohongshu.com/search_result/6836f82f0000000012006a65?xsec_token=ABjWTX00uVIOkt_NIWvWqQWJy4LeqnROhwbBiiiTtai90=&xsec_source=,https://sns-webpic-qc.xhscdn.com/202512071925/4a50dd14eb491daf85a78ab09359cbdf/1040g2sg31i17iu9dnce05o2mjeng912hait5oe0!nc_n_webp_mw_1
ç‘å¹¸ æƒ…ç»ª,,https://www.xiaohongshu.com/search_result?keyword=%25E7%2591%259E%25E5%25B9%25B8%2520%25E6%2583%2585%25E7%25BB%25AA&source=unknown,ğŸ‘¼ç²,https://www.xiaohongshu.com/user/profile/58a4210a50c4b4217ff7b24d?channel_type=web_search_result_notes&parent_page_channel_type=web_profile_board&xsec_token=ABO4ORgN9idsUkP0168aDRDA9Plb-mktKQCGX9MilFuXE=&xsec_source=pc_search,2023/7/15,3,https://www.xiaohongshu.com/search_result/64b188cd0000000035009fbb?xsec_token=AB35ufkKTNIp3K6OevONo4JBm1F2p6I7HdgrmXjYZTEuA=&xsec_source=,https://sns-webpic-qc.xhscdn.com/202512071925/40fa352d6b61e0d3f68201b82d35b466/1000g0082q48op22jm0004958ajgglcidos454co!nc_n_webp_mw_1
ç‘å¹¸ æƒ…ç»ª,å¿ƒæƒ…ä¸å¥½,https://www.xiaohongshu.com/search_result?keyword=%25E7%2591%259E%25E5%25B9%25B8%2520%25E6%2583%2585%25E7%25BB%25AA&source=unknown,ç•ªèŒ„é…±,https://www.xiaohongshu.com/user/profile/5d8a3d06000000000100732e?channel_type=web_search_result_notes&parent_page_channel_type=web_profile_board&xsec_token=ABDsjEhBqo4fWBQ_efVAgm98cXnic8RvcQrkT6KgQK968=&xsec_source=pc_search,2024/8/11,2,https://www.xiaohongshu.com/search_result/66b883c40000000009014c56?xsec_token=AB9FJGcc7bxl_r4hiEtehm_veUR5DgF5_GPPvKO39w1Lc=&xsec_source=,https://sns-webpic-qc.xhscdn.com/202512071925/aef724fdfda0d49fdce96f62c2a02d11/1040g008316bsaherhc005nca7k308spesail07g!nc_n_webp_mw_1
ç‘å¹¸ æƒ…ç»ª,è·Ÿçƒ¦æ¼è¯´bye bye ğŸ¤ºğŸ¤º,https://www.xiaohongshu.com/search_result?keyword=%25E7%2591%259E%25E5%25B9%25B8%2520%25E6%2583%2585%25E7%25BB%25AA&source=unknown,å…®é±¼å¾qq,https://www.xiaohongshu.com/user/profile/612ce4ad000000000101c913?channel_type=web_search_result_notes&parent_page_channel_type=web_profile_board&xsec_token=ABoBP2sNQ8h6nQgndwUnx6dI037GayjdrCYpRzr5y_hpY=&xsec_source=pc_search,2023/8/9,8,https://www.xiaohongshu.com/search_result/64d31338000000000c035a9d?xsec_token=ABxPnluA8Vu6Ygzu68-BJQNCSXSzzjxjs28dOoAQ5n5No=&xsec_source=,https://sns-webpic-qc.xhscdn.com/202512071925/c7791ad511471d9c46553fd76ac78556/1040g00830nhqat5k74005o9csimgbi8jq31j8o8!nc_n_webp_mw_1
ç‘å¹¸ æƒ…ç»ª,ç”µå…¬ä¸»ğŸ‘¸ğŸ»çš„ç»­å‘½åŠç“¶,https://www.xiaohongshu.com/search_result?keyword=%25E7%2591%259E%25E5%25B9%25B8%2520%25E6%2583%2585%25E7%25BB%25AA&source=unknown,æ­¦æ±‰ç”µä¿¡,https://www.xiaohongshu.com/user/profile/661787fd000000000b032834?channel_type=web_search_result_notes&parent_page_channel_type=web_profile_board&xsec_token=AB5mMiXYi31GPelukBLE2ZBB09cIS-kVgeIwofgaKSDTU=&xsec_source=pc_search,2024/8/2,85,https://www.xiaohongshu.com/search_result/66ac39a300000000050232ae?xsec_token=ABemaePevtDlBLz5ik90gR7tmd--VzhszAMF1XjaRcjgM=&xsec_source=,https://sns-webpic-qc.xhscdn.com/202512071925/4ef9916c1fe01a0514a6c80ac0e99643/1040g2sg315vs8uuh1c005pgngvuiua1k1f9h4eg!nc_n_webp_mw_1
ç‘å¹¸ æƒ…ç»ª,,https://www.xiaohongshu.com/search_result?keyword=%25E7%2591%259E%25E5%25B9%25B8%2520%25E6%2583%2585%25E7%25BB%25AA&source=unknown,ä¸é‡é€¢,https://www.xiaohongshu.com/user/profile/63f4a610000000000f010618?channel_type=web_search_result_notes&parent_page_channel_type=web_profile_board&xsec_token=ABnJ3wvdqofImtrUq2r_rj9vxA0BT1nLUvx4EFE35PDbU=&xsec_source=pc_search,2023/9/22,5,https://www.xiaohongshu.com/search_result/650d8ed3000000001e031cf7?xsec_token=ABE9gj4LEOGiBpG-K23_5KY4h-KUsV7DancMKYGsCPsgI=&xsec_source=,https://sns-webpic-qc.xhscdn.com/202512071925/05ff141d325d72bf582ea945e97303f9/1040g00830pato93n3q5g5ovkko83q1govip4gf0!nc_n_webp_mw_1
ç‘å¹¸ æƒ…ç»ª,ç‘å¹¸ä½ å°çº¸å¥½æ ·çš„,https://www.xiaohongshu.com/search_result?keyword=%25E7%2591%259E%25E5%25B9%25B8%2520%25E6%2583%2585%25E7%25BB%25AA&source=unknown,æˆ‘æ­£åœ¨çœ‹ç€ä½ ,https://www.xiaohongshu.com/user/profile/5c0aed150000000006008019?channel_type=web_search_result_notes&parent_page_channel_type=web_profile_board&xsec_token=ABP_wb84DDjcWhnftmfHIRi4EgWinxVx2_VWQLietRTBY=&xsec_source=pc_search,2024/8/23,7,https://www.xiaohongshu.com/search_result/66c824b9000000001d0198d9?xsec_token=ABpQwgjsII85VcvehaI_ujW5i-A9fKpcG0ZqcibiEnM6U=&xsec_source=,https://sns-webpic-qc.xhscdn.com/202512071925/9b1bd0075c8e8d19bfd0291368187e7a/1040g008316r4n7h83q6g4butfjmhb00p28dl0o0!nc_n_webp_mw_1
ç‘å¹¸ æƒ…ç»ª,çœ‹ç–¯ç‹‚åŠ¨ç‰©åŸ2è¢«ç‘å¹¸æ‰«äº†å…´,https://www.xiaohongshu.com/search_result?keyword=%25E7%2591%259E%25E5%25B9%25B8%2520%25E6%2583%2585%25E7%25BB%25AA&source=unknown,è èè èå¤§è è,https://www.xiaohongshu.com/user/profile/54ed8dbf4fac632d805544af?channel_type=web_search_result_notes&parent_page_channel_type=web_profile_board&xsec_token=ABs4YhOKWMm8Oy86eqjH0ORiilWhcuBCato9xOrCY_k-c=&xsec_source=pc_search,6å¤©å‰,3,https://www.xiaohongshu.com/search_result/692c596e000000001e0092f8?xsec_token=ABgHzAqbQr_eApO0YrXI4s26yjimizP0Hu_3tTU0qGFa8=&xsec_source=,https://sns-webpic-qc.xhscdn.com/202512071925/9d5b16f2fa9c0f9305bbf3d380bf8c35/notes_pre_post/1040g3k831ph053ehicdg401iqs6ruh5f1jkl0go!nc_n_webp_mw_1
ç‘å¹¸ æƒ…ç»ª,TOPï½œå¦‚æœè‡ªå·±ç‘å¹¸æƒ³ä»€ä¹ˆ,https://www.xiaohongshu.com/search_result?keyword=%25E7%2591%259E%25E5%25B9%25B8%2520%25E6%2583%2585%25E7%25BB%25AA&source=unknown,èŠ‹æ³¥éº»è–¯å·,https://www.xiaohongshu.com/user/profile/65769f3a0000000020037145?channel_type=web_search_result_notes&parent_page_channel_type=web_profile_board&xsec_token=ABpln213otmu3nbI5GUgWXp7nEo2SvoxLxQLYYB4oKCRk=&xsec_source=pc_search,11æœˆ19æ—¥,1940,https://www.xiaohongshu.com/search_result/691d9e0d000000001f00f38a?xsec_token=ABC2LNyw1hXD9z1jbeuGXDKEtjmjjsB6axsNfEVeVXxWY=&xsec_source=,https://sns-webpic-qc.xhscdn.com/202512071925/4c1799e973de6882339b20c235a68684/1040g00831p2jo5r2j2e05pbmjst86sa5ph7ce2g!nc_n_webp_mw_1
ç‘å¹¸ æƒ…ç»ª,æ¥è‡ªç‘å¹¸çš„æµªæ¼«ï½œ,https://www.xiaohongshu.com/search_result?keyword=%25E7%2591%259E%25E5%25B9%25B8%2520%25E6%2583%2585%25E7%25BB%25AA&source=unknown,æŸ”è½¯deæƒ…ç»ª,https://www.xiaohongshu.com/user/profile/5bd417fc313b650001dfbeab?channel_type=web_search_result_notes&parent_page_channel_type=web_profile_board&xsec_token=ABi_oPLj1KKsRZ47lwi79D5GBdktOfwMqHhGfgv_234Os=&xsec_source=pc_search,2023/2/27,èµ,https://www.xiaohongshu.com/search_result/63fbff76000000002702bbc5?xsec_token=ABd1_lmN4d7oQCnPKSXNVmvfDaSqY-6nnyg3aqLNHJHxU=&xsec_source=,https://sns-webpic-qc.xhscdn.com/202512071925/2c5e48622c95a10892f824f15779e114/1000g00823v4mm2qfq0004bkqghbvpflbdq89v0g!nc_n_webp_mw_1
ç‘å¹¸ æƒ…ç»ª,ç‘å¹¸æ¯å¤©ç»™æˆ‘æä¾›æœ€å¼ºçš„æƒ…ç»ªä»·å€¼,https://www.xiaohongshu.com/search_result?keyword=%25E7%2591%259E%25E5%25B9%25B8%2520%25E6%2583%2585%25E7%25BB%25AA&source=unknown,æ¤°æ¤°æ¤°è“‰åŒ…ğŸ¥•,https://www.xiaohongshu.com/user/profile/65e92e0f000000000d0255ed?channel_type=web_search_result_notes&parent_page_channel_type=web_profile_board&xsec_token=AB_aKIE-jvho-l7N-zQ6c6VewfRAHaNWhkc6Gt0Zb5V1M=&xsec_source=pc_search,7æœˆ20æ—¥,1,https://www.xiaohongshu.com/search_result/687cf4e1000000001203cfd5?xsec_token=ABai60DLZj-48TgPb0sCsAuH61gmV7ep7Bjpfe_9ZUecE=&xsec_source=,https://sns-webpic-qc.xhscdn.com/202512071925/f70f74e78f603e54241e646567c7fc70/notes_pre_post/1040g3k831k5mtn8dj0fg5pf95o7jclfdhgg3mng!nc_n_webp_mw_1
ç‘å¹¸ æƒ…ç»ª,å¿ƒæ€çˆ†ç‚¸ğŸ˜¡,https://www.xiaohongshu.com/search_result?keyword=%25E7%2591%259E%25E5%25B9%25B8%2520%25E6%2583%2585%25E7%25BB%25AA&source=unknown,å°æ¨,https://www.xiaohongshu.com/user/profile/6116145b000000002002a25c?channel_type=web_search_result_notes&parent_page_channel_type=web_profile_board&xsec_token=AB2d0R_FgCrjME-siB0nesq2-tAfF1Fo2pAKN-Z2pM6TI=&xsec_source=pc_search,2022/3/30,29,https://www.xiaohongshu.com/search_result/6243dcce000000002103818a?xsec_token=ABdOjreAYQmIGIyTS9p4_ZzZsdRwV76V_dYRzyF1OouK8=&xsec_source=,https://sns-webpic-qc.xhscdn.com/202512071925/75d559aced7ac8138c27a010e03b4935/01023u01kqug7aps6sc010qslqz0az22cm!nc_n_webp_mw_1
ç‘å¹¸ æƒ…ç»ª,è¿™ä¹Ÿå¤ªå¥½çœ‹äº†å§â—ç‘å¹¸Ã—ç–¯ç‹‚åŠ¨ç‰©åŸè”åŠ¨å•¦,https://www.xiaohongshu.com/search_result?keyword=%25E7%2591%259E%25E5%25B9%25B8%2520%25E6%2583%2585%25E7%25BB%25AA&source=unknown,é±¼é±¼çˆ±è”åï¼ˆèµ„è®¯ç‰ˆï¼‰,https://www.xiaohongshu.com/user/profile/6200dd600000000021027548?channel_type=web_search_result_notes&parent_page_channel_type=web_profile_board&xsec_token=ABo_VHp9m417Y5fU2yhUomcVptUqFkwOTEG9w0wM1Cby4=&xsec_source=pc_search,4å¤©å‰,130,https://www.xiaohongshu.com/search_result/691e8c94000000000d0342d9?xsec_token=ABcXKfblI0TFD50uhX89m1kyu2HXX2_lyx0mWNseMzoZ8=&xsec_source=,https://sns-webpic-qc.xhscdn.com/202512071925/dd280dd4a0863bbca8f00725b3bf6816/1040g2sg31pjaufa84a905og0rlg8cta85r7o0rg!nc_n_webp_mw_1
ç‘å¹¸ æƒ…ç»ª,,https://www.xiaohongshu.com/search_result?keyword=%25E7%2591%259E%25E5%25B9%25B8%2520%25E6%2583%2585%25E7%25BB%25AA&source=unknown,åˆºçŒ¬,https://www.xiaohongshu.com/user/profile/58fff21f82ec39607badb250?channel_type=web_search_result_notes&parent_page_channel_type=web_profile_board&xsec_token=ABWOgWXIopv9p3wiwF891BB8OPKOdC8OdRH620bRIH2eY=&xsec_source=pc_search,2023/10/20,èµ,https://www.xiaohongshu.com/search_result/653293fd000000001e023db5?xsec_token=ABis8GPgpfMeFrk2rlwcvnzk4rlvPkybjvJjprHn8trsI=&xsec_source=,https://sns-webpic-qc.xhscdn.com/202512071925/024ba72eeb5c0dcb4626b3d5b8b68149/1040g00830qf2pspu7u0049eeaep1vcigu7ml050!nc_n_webp_mw_1
ç‘å¹¸ æƒ…ç»ª,ç‘å¹¸ä¸ºä»€ä¹ˆä¸å‡ºå¡çš®å·´æ‹‰æ¯å­å•Š,https://www.xiaohongshu.com/search_result?keyword=%25E7%2591%259E%25E5%25B9%25B8%2520%25E6%2583%2585%25E7%25BB%25AA&source=unknown,ä¸€åªæ—ºä»”è–¯ğŸ ,https://www.xiaohongshu.com/user/profile/5f065a880000000001007009?channel_type=web_search_result_notes&parent_page_channel_type=web_profile_board&xsec_token=ABDWJxCBKOzIWtre_hPLSEUW7yq4kWj7KgfV0rIyucvVo=&xsec_source=pc_search,11æœˆ27æ—¥,107,https://www.xiaohongshu.com/search_result/692822d5000000001e031db1?xsec_token=ABPmFcKFewuSoXJkAqloNAHsy0GturlAwHbXZD--7E5Kg=&xsec_source=,https://sns-webpic-qc.xhscdn.com/202512071925/1cde12dd60c44e9622433dae7b0a83ec/1040g00831pcsf0riio0g5no6ba408s09ckear3o!nc_n_webp_mw_1
ç‘å¹¸ æƒ…ç»ª,åœ¨ç‘å¹¸å½“ç‰›é©¬ä¸æƒ³å¹²äº†,https://www.xiaohongshu.com/search_result?keyword=%25E7%2591%259E%25E5%25B9%25B8%2520%25E6%2583%2585%25E7%25BB%25AA&source=unknown,ä¸åƒé¦™èœ.,https://www.xiaohongshu.com/user/profile/5d566d2d0000000001019e00?channel_type=web_search_result_notes&parent_page_channel_type=web_profile_board&xsec_token=AB-4NXggVRSgjvt7WvwOhxEdEWt4zyjIaUFfoovPipfHs=&xsec_source=pc_search,2024/12/7,215,https://www.xiaohongshu.com/search_result/675467ff0000000001028a6b?xsec_token=ABks9iUFGvcRwABTGcip_sby7GV2uqdXO6s-jbGil8BqQ=&xsec_source=,https://sns-webpic-qc.xhscdn.com/202512071925/b65055afd0a5b6a156b6b3daeaa7ae36/1040g00831b43tp8ine005namdkmgb7g0k5vdkdg!nc_n_webp_mw_1
ç‘å¹¸ æƒ…ç»ª,ç‘å¹¸é»‘å¥´,https://www.xiaohongshu.com/search_result?keyword=%25E7%2591%259E%25E5%25B9%25B8%2520%25E6%2583%2585%25E7%25BB%25AA&source=unknown,ä¹æ­Œ,https://www.xiaohongshu.com/user/profile/609a8d14000000000101c018?channel_type=web_search_result_notes&parent_page_channel_type=web_profile_board&xsec_token=ABbEM_8vz5ehKNlACXKNE5gVPhx3cb-10G-O46vLhCBbI=&xsec_source=pc_search,2024/5/19,53,https://www.xiaohongshu.com/search_result/6649f85f0000000015012a25?xsec_token=ABlbQZzQg0oyTyoZAoRdexSLMrlzaaaczoV_ZrB9wSFfw=&xsec_source=,https://sns-webpic-qc.xhscdn.com/202512071925/5bfc92f9fb154c74b0fdfbf4dc9b7f64/1040g008312vtq1816a6g5o4qhka0bg0obrik7io!nc_n_webp_mw_1
ç‘å¹¸ æƒ…ç»ª,ç”Ÿæ´»æ¯”è¾ƒè‹¦ï¼Œå–æ¯å’–å•¡åšæŒä¸‹å»,https://www.xiaohongshu.com/search_result?keyword=%25E7%2591%259E%25E5%25B9%25B8%2520%25E6%2583%2585%25E7%25BB%25AA&source=unknown,ï¼Œã€‚,https://www.xiaohongshu.com/user/profile/65b64842000000000e024600?channel_type=web_search_result_notes&parent_page_channel_type=web_profile_board&xsec_token=AB3PKFg13JeJx690vfhcmBAT3DtEXRX47cCncQ9H30xTI=&xsec_source=pc_search,2024/8/28,4,https://www.xiaohongshu.com/search_result/66cf45eb000000001f0173da?xsec_token=ABpMF1-U-lLrDWz5DYDytk3vK-G4lHxTvemOPVSeRHot8=&xsec_source=,https://sns-webpic-qc.xhscdn.com/202512071925/6c62445a6e4194e8f85e97b8b255c863/1040g2sg31723gu2bju605pdm9113khg05l161e8!nc_n_webp_mw_1
ç‘å¹¸ æƒ…ç»ª,,https://www.xiaohongshu.com/search_result?keyword=%25E7%2591%259E%25E5%25B9%25B8%2520%25E6%2583%2585%25E7%25BB%25AA&source=unknown,ç‘çº³å†°ä¸åŠ å†°,https://www.xiaohongshu.com/user/profile/67f272ca000000000e01f373?channel_type=web_search_result_notes&parent_page_channel_type=web_profile_board&xsec_token=ABc9Zn4CZ2O3so5sPPK7m4ggt2rqxSK7UXyd4qCQtq2qM=&xsec_source=pc_search,7æœˆ8æ—¥,62,https://www.xiaohongshu.com/search_result/686c9a0f000000001202c277?xsec_token=ABV9a8esmoNB4zxhQoboA1j-s3OzRaiiCYmG76jJL3Nvk=&xsec_source=,https://sns-webpic-qc.xhscdn.com/202512071925/ead550d17f80dd26cab818e31e465e67/1040g2sg31jln618234l05pvieb53jsrjlma99h8!nc_n_webp_mw_1
ç‘å¹¸ æƒ…ç»ª,æ­¤æ—¶æ­¤åˆ»ï¼Œé™ä¸‹å¿ƒæ¥ï¼Œæ„Ÿå—å†…å¿ƒçš„å–œæ‚¦ï¼,https://www.xiaohongshu.com/search_result?keyword=%25E7%2591%259E%25E5%25B9%25B8%2520%25E6%2583%2585%25E7%25BB%25AA&source=unknown,é–ä½³å¤§è±¡Rose-L,https://www.xiaohongshu.com/user/profile/6395e14500000000260132d3?channel_type=web_search_result_notes&parent_page_channel_type=web_profile_board&xsec_token=ABfMbYVpvVTyc2QITQvLPLr1bocIpyvzFguFy3NS58swY=&xsec_source=pc_search,2023/11/28,4,https://www.xiaohongshu.com/search_result/6565d2c8000000000f025a4b?xsec_token=ABFAwJTBQVHUwApHfby79sfrZIv3ypvogXFzfkfuXnW0o=&xsec_source=,https://sns-webpic-qc.xhscdn.com/202512071925/cf34ea27d356b18c68a4687bca80f1ee/1040g2sg30s13u93viq0g5osls52picmj6f75jpo!nc_n_webp_mw_1
ç‘å¹¸ æƒ…ç»ª,æ­è¿ç‘å¹¸å¸å¦ƒå›å®«ï¼ï¼ï¼ï¼,https://www.xiaohongshu.com/search_result?keyword=%25E7%2591%259E%25E5%25B9%25B8%2520%25E6%2583%2585%25E7%25BB%25AA&source=unknown,åŠç½è¯æ¢…,https://www.xiaohongshu.com/user/profile/5a69f0e7e8ac2b314d37cce4?channel_type=web_search_result_notes&parent_page_channel_type=web_profile_board&xsec_token=ABvq_yMhZ1S_R8-OTMRjmRrzy8gXvqTNI0VNI3CsRHR5E=&xsec_source=pc_search,4æœˆ14æ—¥,6916,https://www.xiaohongshu.com/search_result/67fc7b76000000001a0061cf?xsec_token=ABe5VamQ66L99lkiO3tfuaMopipA73TgkSQ-z0MQZcEMs=&xsec_source=,https://sns-webpic-qc.xhscdn.com/202512071925/1037f4b59b1984ffd3ca877e10b21427/1040g2sg31g889m4o20704a12teoefj746h4vld8!nc_n_webp_mw_1
ç‘å¹¸ æƒ…ç»ª,ç‘å¹¸ä½ è¦æè”åå…ˆæŠŠäº§å“ææ˜ç™½å¥½å—ï¼Ÿ,https://www.xiaohongshu.com/search_result?keyword=%25E7%2591%259E%25E5%25B9%25B8%2520%25E6%2583%2585%25E7%25BB%25AA&source=unknown,ç»´ä»–é­”åŒ èŒ¶,https://www.xiaohongshu.com/user/profile/616698dd0000000002023499?channel_type=web_search_result_notes&parent_page_channel_type=web_profile_board&xsec_token=ABQPenGMAxsKPznNeWVWBZTvfAZ7P81ftyxELyV-SdD6M=&xsec_source=pc_search,7æœˆ30æ—¥,1431,https://www.xiaohongshu.com/search_result/688965f5000000002302c317?xsec_token=ABq_KWQ3KhegDG_AS1eZCIvKVAKeYmJT39eUVMnmCLc4Q=&xsec_source=,https://sns-webpic-qc.xhscdn.com/202512071925/02a914ea006dd07c707796fc17bd7954/1040g2sg31khrtomij2e05ob6j3egkd4pa794b1o!nc_n_webp_mw_1
ç‘å¹¸ æƒ…ç»ª,ç‘å¹¸å’–å•¡,https://www.xiaohongshu.com/search_result?keyword=%25E7%2591%259E%25E5%25B9%25B8%2520%25E6%2583%2585%25E7%25BB%25AA&source=unknown,ç‹æ¸©æŸ”ğŸ’,https://www.xiaohongshu.com/user/profile/5cd0dfaf00000000120194eb?channel_type=web_search_result_notes&parent_page_channel_type=web_profile_board&xsec_token=ABCFg8Qs-9k1G7pH01uFwKZNZLBJXGTws2wVACv9WCeXc=&xsec_source=pc_search,2023/9/6,4,https://www.xiaohongshu.com/search_result/64f8215c000000001f036a5a?xsec_token=ABe0zm-Cs1B4U19lUUtFDPDstxZY3Ixp4X8bIwSrumPjU=&xsec_source=,https://sns-webpic-qc.xhscdn.com/202512071925/c2718450fc1de1f2f4d0a50229b7aa3a/1040g00830om09ap726005n6grunkj57be1hmfp0!nc_n_webp_mw_1
ç‘å¹¸ æƒ…ç»ª,,https://www.xiaohongshu.com/search_result?keyword=%25E7%2591%259E%25E5%25B9%25B8%2520%25E6%2583%2585%25E7%25BB%25AA&source=unknown,çˆ±åƒé¢çš„å³è€³æœµğŸœ,https://www.xiaohongshu.com/user/profile/67b7d3ad000000000e013f02?channel_type=web_search_result_notes&parent_page_channel_type=web_profile_board&xsec_token=ABkhFR4c2THcA9aoOoqBMku9hSDnCJFSvyoadiCeuWOzg=&xsec_source=pc_search,2å°æ—¶å‰,6,https://www.xiaohongshu.com/search_result/693540a0000000001e02d624?xsec_token=ABKzGgyCeO6xZvhIkBrU5A47dzoPEnpBzohQAqX0quVds=&xsec_source=,https://sns-webpic-qc.xhscdn.com/202512071925/ff6ebcfc42581a746876cfbb81d8a280/1040g2sg31ppmaamikm705ptnqemjifo232j6rv8!nc_n_webp_mw_1
ç‘å¹¸ æƒ…ç»ª,åœ¨mannerä¸Šç­æƒ…ç»ªå¾ˆç¨³å®š,https://www.xiaohongshu.com/search_result?keyword=%25E7%2591%259E%25E5%25B9%25B8%2520%25E6%2583%2585%25E7%25BB%25AA&source=unknown,æˆ‘è·Ÿä½ é¥¼äº†,https://www.xiaohongshu.com/user/profile/58a1594550c4b43ec41ef72f?channel_type=web_search_result_notes&parent_page_channel_type=web_profile_board&xsec_token=ABZod7AiHzGMl3dkKqu42MXgDDGgPaI-_6QtRW4QCjaE4=&xsec_source=pc_search,9æœˆ28æ—¥,12,https://www.xiaohongshu.com/search_result/68d903ca000000000b013d44?xsec_token=ABH0VtCy4zUugS5-I6JtQqd7Lz9rJX6oHF5ilf5UtJBXQ=&xsec_source=,https://sns-webpic-qc.xhscdn.com/202512071925/d594df87f219aa996f77e3ed2c811964/1040g00831mvj5dibl80g494u7ackbtpf0p4o5jo!nc_n_webp_mw_1
ç‘å¹¸ æƒ…ç»ª,ç‘å¹¸å’–å•¡è‹å·åˆ†å…¬å¸æ€»ç›‘æ˜¯ä¸æ˜¯æœ‰é‚£ä¸ªå¤§ğŸ§Š,https://www.xiaohongshu.com/search_result?keyword=%25E7%2591%259E%25E5%25B9%25B8%2520%25E6%2583%2585%25E7%25BB%25AA&source=unknown,è‰¯äººå¦‚åˆé¡¾,https://www.xiaohongshu.com/user/profile/55dfc0e962a60c1a556538a6?channel_type=web_search_result_notes&parent_page_channel_type=web_profile_board&xsec_token=ABvmf4qqH9VqGVL6fpXS9bbqVRNR2YcdW45qgRKyJ1pis=&xsec_source=pc_search,10æœˆ12æ—¥,9,https://www.xiaohongshu.com/search_result/68ea6140000000000301aca7?xsec_token=ABTocsfgO_j5eJ9t2UnPZI-8eEV6Xs48WETl1dmYSYq34=&xsec_source=,https://sns-webpic-qc.xhscdn.com/202512071925/505d459902f4d3f061096b46e8aa8473/1040g00831nh60ik1l80g414o560eie56bh9f5qo!nc_n_webp_mw_1
ç‘å¹¸ æƒ…ç»ª,â˜•ï¸æƒ…ç»ªåœ¨å’–å•¡é‡Œå¾—åˆ°é‡Šæ”¾,https://www.xiaohongshu.com/search_result?keyword=%25E7%2591%259E%25E5%25B9%25B8%2520%25E6%2583%2585%25E7%25BB%25AA&source=unknown,çˆ±å–çš„ä¹”ä¹”å­,https://www.xiaohongshu.com/user/profile/5f0e56e80000000001000fc8?channel_type=web_search_result_notes&parent_page_channel_type=web_profile_board&xsec_token=ABkV604e8fH9BxGx7usGIv6bmOM6s3mkBd32RSFvtgjUg=&xsec_source=pc_search,2021/12/16,1,https://www.xiaohongshu.com/search_result/61bacb4200000000210343d2?xsec_token=ABFGarMTXaUmoocvPTlZz58ZjaRgJm8MyNxU4jURnulM0=&xsec_source=,https://sns-webpic-qc.xhscdn.com/202512071925/6922a3707d4eb4232908575cd560e9b8/04b7ecab-50ea-36aa-bdc1-3cb071252908!nc_n_webp_mw_1
ç‘å¹¸ æƒ…ç»ª,å—äº†ç‚¹å§”å±ˆï¼Œæ²¡å…³ç³»æˆ‘è¿˜èƒ½åšæŒ,https://www.xiaohongshu.com/search_result?keyword=%25E7%2591%259E%25E5%25B9%25B8%2520%25E6%2583%2585%25E7%25BB%25AA&source=unknown,å°æ¢¨ğŸ,https://www.xiaohongshu.com/user/profile/683149ff0000000007002f19?channel_type=web_search_result_notes&parent_page_channel_type=web_profile_board&xsec_token=AB2lACYOG3JoROC3mKxHv3dDqsSmwPRQqkKAVvnbAn-FM=&xsec_source=pc_search,9æœˆ4æ—¥,31,https://www.xiaohongshu.com/search_result/68b9a1f6000000001d00cedd?xsec_token=AByJ4KsVHTpT-mTXpuvRoVsG7xenFJlWZJE06v2AvWWFw=&xsec_source=,https://sns-webpic-qc.xhscdn.com/202512071925/84fbc2ac3fe09c2002a2ee7814ea6f2d/1040g00831m0v7bu3l26g5q1h97vhobopp2e8q2o!nc_n_webp_mw_1
ç‘å¹¸ æƒ…ç»ª,ä¸Šç­æ—¥çš„emoæ—¥å¸¸,https://www.xiaohongshu.com/search_result?keyword=%25E7%2591%259E%25E5%25B9%25B8%2520%25E6%2583%2585%25E7%25BB%25AA&source=unknown,æ™“æ™“,https://www.xiaohongshu.com/user/profile/61ceeabf0000000010005e0d?channel_type=web_search_result_notes&parent_page_channel_type=web_profile_board&xsec_token=ABdMlS7Vvn5G1JHf689Ueg4rxBm_RiamdRtmgnDjEaMH8=&xsec_source=pc_search,2024/1/3,2,https://www.xiaohongshu.com/search_result/65951238000000000f01ff12?xsec_token=ABmZE4z_nAcn8QJB1q11CwSsqX6SSvvDDXlffyo6SVbMU=&xsec_source=,https://sns-webpic-qc.xhscdn.com/202512071925/a681ebaabef59045d231cef4357df053/1040g2sg30tf8mvjek2005oeetavk0ngd7taqhr0!nc_n_webp_mw_1
ç‘å¹¸ æƒ…ç»ª,å¥³å­ç‚¹å’–å•¡å› æ’é˜Ÿæ—¶é—´é•¿ä¸æ»¡ æ€’æ€¼æœåŠ¡å‘˜,https://www.xiaohongshu.com/search_result?keyword=%25E7%2591%259E%25E5%25B9%25B8%2520%25E6%2583%2585%25E7%25BB%25AA&source=unknown,å“ˆå°”æ»¨æ—¥æŠ¥å†°åŸ+,https://www.xiaohongshu.com/user/profile/5ff26b060000000001003a8d?channel_type=web_search_result_notes&parent_page_channel_type=web_profile_board&xsec_token=ABJxeD59wVjUBND4oOETLdUjypIRq2A44wGDXJZ63jWgk=&xsec_source=pc_search,11æœˆ27æ—¥,265,https://www.xiaohongshu.com/search_result/6927f0c2000000001d03a922?xsec_token=ABaYXO-MWXOMF5C5HGVsJ6F8IPHOX2nvmq_PZkbRHEdnQ=&xsec_source=,https://sns-webpic-qc.xhscdn.com/202512071925/6d5647f52214cb1361d92d0cebcc7ed3/1040g00831pcfvqk124405nvidc308ekd6845ij0!nc_n_webp_mw_1
ç‘å¹¸ æƒ…ç»ª,ä¸æ˜¯ï¼Ÿä½ ä»¬å–ç‘å¹¸ä¸ä¼šå¿ƒæ‚¸å—ï¼Ÿ,https://www.xiaohongshu.com/search_result?keyword=%25E7%2591%259E%25E5%25B9%25B8%2520%25E6%2583%2585%25E7%25BB%25AA&source=unknown,ç†Šç†Š,https://www.xiaohongshu.com/user/profile/64d7cfcb0000000001004b5c?channel_type=web_search_result_notes&parent_page_channel_type=web_profile_board&xsec_token=ABaMImvWXIVA3HpLznkWutm2lqHAEqxuZVhhJNx2hx4gU=&xsec_source=pc_search,2024/9/7,40,https://www.xiaohongshu.com/search_result/66dbe71a000000000c01b186?xsec_token=ABbe7ZClWwSY9RUjSfA9WbYk_3o3xWUa0dW7sPl3tctbc=&xsec_source=,https://sns-webpic-qc.xhscdn.com/202512071925/e74d54fe42413c177f1c03e40b69443c/1040g2sg317ee6if60oc05p6npv5g8iqs5sfnio0!nc_n_webp_mw_1
ç‘å¹¸ æƒ…ç»ª,å¬è¯´å’–å•¡æ˜¯æœ€å°å•ä½çš„åŠç“¶,https://www.xiaohongshu.com/search_result?keyword=%25E7%2591%259E%25E5%25B9%25B8%2520%25E6%2583%2585%25E7%25BB%25AA&source=unknown,ç‘å¹¸å’–å•¡,https://www.xiaohongshu.com/user/profile/5bac7d93168a6000019384c5?channel_type=web_search_result_notes&parent_page_channel_type=web_profile_board&xsec_token=ABHmA3Gj9LjvjfCfQ_KtL1_4WOF5QzIceqNiARJdLPVP0=&xsec_source=pc_search,2024/7/9,1270,https://www.xiaohongshu.com/search_result/668cb3220000000025005350?xsec_token=ABt5EGmLsSdM9YPNQLHFkzEoI7kVf1rEwCRiNx8IQ1L5E=&xsec_source=,https://sns-webpic-qc.xhscdn.com/202512071925/b8c30b146fd0f2edb4f63cf228fb8efd/spectrum/1040g0k031513241agk004b69sfup71652teaq58!nc_n_webp_mw_1
ç‘å¹¸ æƒ…ç»ª,æƒ³è¦ä¸€ä¸ªæ»¡æ˜¯ç‘å¹¸ç…§ç‰‡çš„è¯„è®ºåŒºï¼ï¼ï¼,https://www.xiaohongshu.com/search_result?keyword=%25E7%2591%259E%25E5%25B9%25B8%2520%25E6%2583%2585%25E7%25BB%25AA&source=unknown,é¢œå¿,https://www.xiaohongshu.com/user/profile/5c9f5aeb000000001001ce8a?channel_type=web_search_result_notes&parent_page_channel_type=web_profile_board&xsec_token=ABYkhVFWEY1D03DwtyK9e12B8HaBgl6ExLumeUp4T_U9M=&xsec_source=pc_search,1æœˆ16æ—¥,409,https://www.xiaohongshu.com/search_result/678875dc00000000190008e5?xsec_token=ABPPvPQreSfRhgfm00C_GlNYLb43RQ40n6KgwSpJP-ptY=&xsec_source=,https://sns-webpic-qc.xhscdn.com/202512071925/5902e0e0a6d53be6c14df77242d24a58/1040g00831cmujt4vgm005n4vbblk3jkavn6qj0o!nc_n_webp_mw_1
ç‘å¹¸ æƒ…ç»ª,ä½ ä»¬ä¸è¦è¿‡æ¥å•Š,https://www.xiaohongshu.com/search_result?keyword=%25E7%2591%259E%25E5%25B9%25B8%2520%25E6%2583%2585%25E7%25BB%25AA&source=unknown,æˆ‘æ˜¯ç‘å¹¸lucky,https://www.xiaohongshu.com/user/profile/68243316000000000601074e?channel_type=web_search_result_notes&parent_page_channel_type=web_profile_board&xsec_token=ABlEnTFzWk6ZcMryk1Pi_ct99NuRaLT0SPkBQM3sbQ0xE=&xsec_source=pc_search,8æœˆ21æ—¥,4050,https://www.xiaohongshu.com/search_result/68a69b94000000001c031c3b?xsec_token=ABSGP2nlBP9OSYZBZbQawTnzZ0RWmPx0Q3X9bYEewWoN8=&xsec_source=,https://sns-webpic-qc.xhscdn.com/202512071925/49a35b71284bf1e8fb1a12faaa590180/spectrum/1040g0k031leck7oeks005q146cb1i1qeilh7dr0!nc_n_webp_mw_1
ç‘å¹¸ æƒ…ç»ª,å°ç‘çš„å¡çš®å·´æ‹‰ï¼,https://www.xiaohongshu.com/search_result?keyword=%25E7%2591%259E%25E5%25B9%25B8%2520%25E6%2583%2585%25E7%25BB%25AA&source=unknown,æœ¬è¯é¬¼æ‰,https://www.xiaohongshu.com/user/profile/5f638a6a000000000100af30?channel_type=web_search_result_notes&parent_page_channel_type=web_profile_board&xsec_token=AB85z7y6aYm1psBZao-jqgiWzUfGHfoqBwZpTE0y9l9SA=&xsec_source=pc_search,6å¤©å‰,302,https://www.xiaohongshu.com/search_result/692d49f1000000001e00af96?xsec_token=ABOdQbz9-xhya0iQXPjlFQoXsgV7MA1QqiwcZG1NPo1yM=&xsec_source=,https://sns-webpic-qc.xhscdn.com/202512071925/f950d1365b1e1b7903ace431197322f5/notes_pre_post/1040g3k831phtct47js705nr3h9l09bpga3n0gtg!nc_n_webp_mw_1
ç‘å¹¸ æƒ…ç»ª,ç‘å¹¸å’–å•¡çœŸçš„å¥½æç¬‘,https://www.xiaohongshu.com/search_result?keyword=%25E7%2591%259E%25E5%25B9%25B8%2520%25E6%2583%2585%25E7%25BB%25AA&source=unknown,äº‘æœµç”œå“,https://www.xiaohongshu.com/user/profile/5c4434ce0000000006036254?channel_type=web_search_result_notes&parent_page_channel_type=web_profile_board&xsec_token=ABwuYVkU5uR6rh5c_LZoKc1IiCld9fkeZ6c_Ob8Y3RIVY=&xsec_source=pc_search,10æœˆ13æ—¥,8,https://www.xiaohongshu.com/search_result/68ec51550000000004000c21?xsec_token=ABmWEEFRrZ1FxBkmW99i77nJYFgOzLD_6_cVhX-BX_5DI=&xsec_source=,https://sns-webpic-qc.xhscdn.com/202512071925/7bc16553a7ed2a9f29710e4a1737b9d1/notes_pre_post/1040g3k031nif4seulm5g5n246j71moik1kj5sb0!nc_n_webp_mw_1
ç‘å¹¸ æƒ…ç»ª,ä»€ä¹ˆè·Ÿç½‘ä¸Šçš„ä¸ä¸€æ ·å•ŠğŸ¤¨,https://www.xiaohongshu.com/search_result?keyword=%25E7%2591%259E%25E5%25B9%25B8%2520%25E6%2583%2585%25E7%25BB%25AA&source=unknown,æˆ‘å«æ‰§ç²’èŠéº»,https://www.xiaohongshu.com/user/profile/5eea572900000000010067d5?channel_type=web_search_result_notes&parent_page_channel_type=web_profile_board&xsec_token=AB7__BvQ1opS0cADcMoD2KHeC14gDxKQsBYYWHq4UKCV8=&xsec_source=pc_search,9æœˆ25æ—¥,556,https://www.xiaohongshu.com/search_result/68d4b5f000000000130342ec?xsec_token=ABhHP9sZn3gsBauN-Z3AbfXqp8azMr_M4wcx_cDRRTxc4=&xsec_source=,https://sns-webpic-qc.xhscdn.com/202512071925/86aeebdea7c5f83630b85a4811c91f40/notes_pre_post/1040g3k031mrddkfkli0g5nnaaskg8pul1nuh480!nc_n_webp_mw_1
ç‘å¹¸ æƒ…ç»ª,å¤©èµ‹å‹é€‰æ‰‹è¯·è¿›,https://www.xiaohongshu.com/search_result?keyword=%25E7%2591%259E%25E5%25B9%25B8%2520%25E6%2583%2585%25E7%25BB%25AA&source=unknown,æ—ºæ—ºç¢ç¢å†°å„¿,https://www.xiaohongshu.com/user/profile/686cfa5f0000000008038c0e?channel_type=web_search_result_notes&parent_page_channel_type=web_profile_board&xsec_token=ABV9a8esmoNB4zxhQoboA1j8S_SP8Vc5NmjlCWM8blpRA=&xsec_source=pc_search,2å¤©å‰,3,https://www.xiaohongshu.com/search_result/6932a682000000001b022e5b?xsec_token=ABojgMZroluhB5yqYqIL_OAx_o7vi7gwtZNwOZZ6Q_trk=&xsec_source=,https://sns-webpic-qc.xhscdn.com/202512071925/8d8feaa86a039389cf0491e308f3d3c2/1040g00831pn50aa752005q3cv9fi730eidr46m0!nc_n_webp_mw_1
ç‘å¹¸ æƒ…ç»ª,æƒ…ç»ªä¸Šæ¥äº†,https://www.xiaohongshu.com/search_result?keyword=%25E7%2591%259E%25E5%25B9%25B8%2520%25E6%2583%2585%25E7%25BB%25AA&source=unknown,Msbeer,https://www.xiaohongshu.com/user/profile/5ac0e86f11be10363495db36?channel_type=web_search_result_notes&parent_page_channel_type=web_profile_board&xsec_token=ABTECEj6zMnopAknIM8TgzpShsVYcvsefhzxTJ9Gy2E70=&xsec_source=pc_search,2023/8/8,105,https://www.xiaohongshu.com/search_result/64d23f70000000000a0182e2?xsec_token=ABEmeJ_ArSyhV7lD66yitasmZLFsjWXzlTz41gWH6hoQY=&xsec_source=,https://sns-webpic-qc.xhscdn.com/202512071925/529d057688d20a58be7d22cd1355b112/1040g00830nh0fki270604a4700k6vmpm1hahej0!nc_n_webp_mw_1
ç‘å¹¸ æƒ…ç»ª,ç‘å¹¸çœŸçš„æŠŠæˆ‘å½“äººå—,https://www.xiaohongshu.com/search_result?keyword=%25E7%2591%259E%25E5%25B9%25B8%2520%25E6%2583%2585%25E7%25BB%25AA&source=unknown,å°æ©ª,https://www.xiaohongshu.com/user/profile/606d4d6d0000000001007df5?channel_type=web_search_result_notes&parent_page_channel_type=web_profile_board&xsec_token=AB_zc0wTXau1CaGVKfsevoX67ERnQTTcnx4120L-DBTs4=&xsec_source=pc_search,11æœˆ18æ—¥,2827,https://www.xiaohongshu.com/search_result/691bbb7f00000000190272a5?xsec_token=ABPZBSkkRktkc3ERAEUTCMOKFEK9-iEA0guaFgOyXHXJg=&xsec_source=,https://sns-webpic-qc.xhscdn.com/202512071925/e9392c30e2a0ba34a2e3c110dfe962db/1040g2sg31p0oqt9s2of05o3d9lmg8vfld2bbkhg!nc_n_webp_mw_1
