搜索词,标题,搜索结果链接,作者,作者主页,笔记发布时间,点赞数,帖子链接,封面链接地址
瑞幸 活动,我们中奖啦！！！,https://www.xiaohongshu.com/search_result?keyword=%25E7%2591%259E%25E5%25B9%25B8%2520%25E6%25B4%25BB%25E5%258A%25A8&source=unknown,就是小赵,https://www.xiaohongshu.com/user/profile/62f8bf1b000000001e01d065?channel_type=web_search_result_notes&parent_page_channel_type=web_profile_board&xsec_token=AB829nThQzXKAchPV3cHpJLmu4P_g5swGknoIZe5hwyyE=&xsec_source=pc_search,11-22,1354,https://www.xiaohongshu.com/search_result/6921b043000000001e03b1e3?xsec_token=ABljtOpBhgIbo-HBHoMljNjpXARCT3cQTbecaU18mKDt8=&xsec_source=,https://sns-webpic-qc.xhscdn.com/202512072115/2428aff22917826a7301d37ee9e47166/notes_pre_post/1040g3k031p6irtqo2o305ononsdnjk3553biito!nc_n_webp_mw_1
瑞幸 活动,大中午的瑞幸咖啡0.01快去,https://www.xiaohongshu.com/search_result?keyword=%25E7%2591%259E%25E5%25B9%25B8%2520%25E6%25B4%25BB%25E5%258A%25A8&source=unknown,达蕊惠甄选,https://www.xiaohongshu.com/user/profile/68c2707a0000000019018adb?channel_type=web_search_result_notes&parent_page_channel_type=web_profile_board&xsec_token=ABrJveZhdFuvdwibtqmakedBEZQnkA-KJRbMl7F44AGJE=&xsec_source=pc_search,2天前,2,https://www.xiaohongshu.com/search_result/693251aa000000001e01153a?xsec_token=ABojgMZroluhB5yqYqIL_OAxCzwEcEWKPvnLoy60VzMd8=&xsec_source=,https://sns-webpic-qc.xhscdn.com/202512072115/9b893418e7f051b8e92a4bbab381fd8e/1040g2sg31pmndoiek0gg5q62e1t6b2mr7i1bb28!nc_n_webp_mw_1
瑞幸 活动,省钱妙招｜ 点瑞小技巧（大学生版）☕️,https://www.xiaohongshu.com/search_result?keyword=%25E7%2591%259E%25E5%25B9%25B8%2520%25E6%25B4%25BB%25E5%258A%25A8&source=unknown,22:30,https://www.xiaohongshu.com/user/profile/639575520000000027028647?channel_type=web_search_result_notes&parent_page_channel_type=web_profile_board&xsec_token=ABfMbYVpvVTyc2QITQvLPLr05_gOwDQsyOFnMvfgR5ESI=&xsec_source=pc_search,06-25,1845,https://www.xiaohongshu.com/search_result/685babd7000000001d00e101?xsec_token=ABFiCCBA70vydigKAxBqdIs6XTy2DCGE-A8QucAH5jGKQ=&xsec_source=,https://sns-webpic-qc.xhscdn.com/202512072115/bbe19eaaba6e68ddb5ef0687fd748bdb/1040g00831j56lu0o2u0g5oslel99t1i7r0fqokg!nc_n_webp_mw_1
瑞幸 活动,大晚上的瑞幸咖啡0.01快去,https://www.xiaohongshu.com/search_result?keyword=%25E7%2591%259E%25E5%25B9%25B8%2520%25E6%25B4%25BB%25E5%258A%25A8&source=unknown,达蕊惠甄选,https://www.xiaohongshu.com/user/profile/68c2707a0000000019018adb?channel_type=web_search_result_notes&parent_page_channel_type=web_profile_board&xsec_token=ABrJveZhdFuvdwibtqmakedBEZQnkA-KJRbMl7F44AGJE=&xsec_source=pc_search,2天前,1,https://www.xiaohongshu.com/search_result/6932a708000000001e002890?xsec_token=ABojgMZroluhB5yqYqIL_OA5C4btKNWP9hvChkcDfG9pw=&xsec_source=,https://sns-webpic-qc.xhscdn.com/202512072115/02ee5a73e97fd40832b589e058c7ef8a/1040g2sg31pmndoiek0ig5q62e1t6b2mrq50gbjg!nc_n_webp_mw_1
瑞幸 活动,12月🆕吃喝联名预告‼️吃不完根本吃不完🧋,https://www.xiaohongshu.com/search_result?keyword=%25E7%2591%259E%25E5%25B9%25B8%2520%25E6%25B4%25BB%25E5%258A%25A8&source=unknown,你今天买周边了吗,https://www.xiaohongshu.com/user/profile/62a0224e000000001b02b4d9?channel_type=web_search_result_notes&parent_page_channel_type=web_profile_board&xsec_token=ABjFXisN8MJEDqugd3g7Eri_0IBNUaTkfm6_WU1f-oXq4=&xsec_source=pc_search,6天前,1346,https://www.xiaohongshu.com/search_result/692c4b9900000000190243d5?xsec_token=ABgHzAqbQr_eApO0YrXI4s2yDSRWUJqfg4e5Z1Vq9VwB0=&xsec_source=,https://sns-webpic-qc.xhscdn.com/202512072115/1199833a39c9736a8f211d31faf4de72/1040g2sg31pgt0tp42gjg5ol04976td6pcbe4lgo!nc_n_webp_mw_1
瑞幸 活动,瑞幸✖️小黄人‼️太好了是小黄人🍌,https://www.xiaohongshu.com/search_result?keyword=%25E7%2591%259E%25E5%25B9%25B8%2520%25E6%25B4%25BB%25E5%258A%25A8&source=unknown,我怎么这么喜欢这个周边呢,https://www.xiaohongshu.com/user/profile/63aeeb0f000000002600683b?channel_type=web_search_result_notes&parent_page_channel_type=web_profile_board&xsec_token=ABjP_1-k9yFIC93mkscovanTMxl6ECLpOWnm5HHNku_XE=&xsec_source=pc_search,3天前,18,https://www.xiaohongshu.com/search_result/693160e4000000001e0144b3?xsec_token=ABp_RmYKeT3AG72g3U8f6UuUOoyV-iEiLPlhyqS9jlSv8=&xsec_source=,https://sns-webpic-qc.xhscdn.com/202512072115/93e655858dc91edfc34d788fdcdf9b80/notes_pre_post/1040g3k831plt8sbs3u705otetc7pgq1rsh9dveo!nc_n_webp_mw_1
瑞幸 活动,,https://www.xiaohongshu.com/search_result?keyword=%25E7%2591%259E%25E5%25B9%25B8%2520%25E6%25B4%25BB%25E5%258A%25A8&source=unknown,,,,,,
瑞幸 活动,招行12月活动,https://www.xiaohongshu.com/search_result?keyword=%25E7%2591%259E%25E5%25B9%25B8%2520%25E6%25B4%25BB%25E5%258A%25A8&source=unknown,面包超人🎄,https://www.xiaohongshu.com/user/profile/5fe35e7f0000000001009184?channel_type=web_search_result_notes&parent_page_channel_type=web_profile_board&xsec_token=ABncRqLmEJzk8k9GjiD_3G9VKF7iA7scSh06XDnNWxP2c=&xsec_source=pc_search,6天前,6,https://www.xiaohongshu.com/search_result/692d4e36000000001e024d82?xsec_token=ABOdQbz9-xhya0iQXPjlFQoR4P_SaFPkr73P9_VHUVsOk=&xsec_source=,https://sns-webpic-qc.xhscdn.com/202512072115/485140e8e211a53e2386ad4e60392743/1040g00831phu19tgkg005nv3bpvg94c42pgdm5o!nc_n_webp_mw_1
瑞幸 活动,谁要喝瑞幸，三杯自提。,https://www.xiaohongshu.com/search_result?keyword=%25E7%2591%259E%25E5%25B9%25B8%2520%25E6%25B4%25BB%25E5%258A%25A8&source=unknown,鱼子酱,https://www.xiaohongshu.com/user/profile/619ecf45000000001000ff9f?channel_type=web_search_result_notes&parent_page_channel_type=web_profile_board&xsec_token=ABmdo43kfXJz3X89OFYJ9HDkeVg4Wu1JwiKTJ8O3xgKGY=&xsec_source=pc_search,2天前,13,https://www.xiaohongshu.com/search_result/69329c22000000000d0398ef?xsec_token=ABojgMZroluhB5yqYqIL_OA97dGEltyKDV2rEnsmgvffY=&xsec_source=,https://sns-webpic-qc.xhscdn.com/202512072115/d350e43ed4baa0c59be8a7b031beafb9/1040g00831pn3ob144u105ocupt2k1vsvptunka8!nc_n_webp_mw_1
瑞幸 活动,报❗12月奶茶联名大合集！！！请查收,https://www.xiaohongshu.com/search_result?keyword=%25E7%2591%259E%25E5%25B9%25B8%2520%25E6%25B4%25BB%25E5%258A%25A8&source=unknown,联名挖掘机（资讯版）,https://www.xiaohongshu.com/user/profile/606db7bd00000000010015fa?channel_type=web_search_result_notes&parent_page_channel_type=web_profile_board&xsec_token=AB_zc0wTXau1CaGVKfsevoX-SP3gihcKPGCzl5u7wPbRY=&xsec_source=pc_search,1天前,404,https://www.xiaohongshu.com/search_result/692ede8f000000000d03ef9e?xsec_token=AB8lKgRFdsiVpTdLKPFyUV9oB2Z9PgBH9z7X4k6dhksp8=&xsec_source=,https://sns-webpic-qc.xhscdn.com/202512072115/d5da4e6863800199dcc35ee9b87e0f04/notes_pre_post/1040g3k831pjes3br4omg5o3dmuug85fqbqvmbfg!nc_n_webp_mw_1
瑞幸 活动,☕️ 瑞幸巴西🇧🇷主题季联名测评！,https://www.xiaohongshu.com/search_result?keyword=%25E7%2591%259E%25E5%25B9%25B8%2520%25E6%25B4%25BB%25E5%258A%25A8&source=unknown,斯辰同学,https://www.xiaohongshu.com/user/profile/63096f65000000001200ffc0?channel_type=web_search_result_notes&parent_page_channel_type=web_profile_board&xsec_token=ABsFxa9YbyAmLDOxj95JS9PftVSKO4UCHTNBIhhwZDito=&xsec_source=pc_search,6天前,164,https://www.xiaohongshu.com/search_result/692d0874000000000d036157?xsec_token=ABOdQbz9-xhya0iQXPjlFQocq7hDiqB1f9Qj5iSPX2QzU=&xsec_source=,https://sns-webpic-qc.xhscdn.com/202512072115/bb398665d7ff09d5ddda59215bf44087/notes_pre_post/1040g3k831phl4m3rigd05oo9dtikhvu0ni0ja2g!nc_n_webp_mw_1
瑞幸 活动,今日的快乐它给的---尼克毛绒绒冰箱贴,https://www.xiaohongshu.com/search_result?keyword=%25E7%2591%259E%25E5%25B9%25B8%2520%25E6%25B4%25BB%25E5%258A%25A8&source=unknown,天儿宝儿妈,https://www.xiaohongshu.com/user/profile/5b892908581a390001e68d61?channel_type=web_search_result_notes&parent_page_channel_type=web_profile_board&xsec_token=ABZr2XH6xruf6be4B-FZkQRhWHzRnoyHF25loobDXpB6A=&xsec_source=pc_search,11小时前,25,https://www.xiaohongshu.com/search_result/6934d72e000000001e02cada?xsec_token=ABWVrbEhJ2q6q1BxoupwZJzDty78OopGx947uRl9wQSmI=&xsec_source=,https://sns-webpic-qc.xhscdn.com/202512072115/f95334e1f5b1e86fe706f66ae0009a08/1040g2sg31pp6ppn74md04amvd5kgh3b1sqnrk3o!nc_n_webp_mw_1
瑞幸 活动,12.8瑞幸《阿卡拉比皮巴拉》第二弹实拍,https://www.xiaohongshu.com/search_result?keyword=%25E7%2591%259E%25E5%25B9%25B8%2520%25E6%25B4%25BB%25E5%258A%25A8&source=unknown,超哥隔扣他,https://www.xiaohongshu.com/user/profile/5ff69018000000000100b028?channel_type=web_search_result_notes&parent_page_channel_type=web_profile_board&xsec_token=ABEI7vpnmESA5oahxkQ_kSakgz7kRtY4_9wpnAZAzSs4w=&xsec_source=pc_search,4天前,45,https://www.xiaohongshu.com/search_result/692ef517000000001e014265?xsec_token=AB8lKgRFdsiVpTdLKPFyUV9kf9U6yXHWBClXsVU2S6ukI=&xsec_source=,https://sns-webpic-qc.xhscdn.com/202512072115/6380f715cce9320f7c671282f5ea56f8/1040g00831pjhl0t3kq305nvmi0c09c189pmj7kg!nc_n_webp_mw_1
瑞幸 活动,瑞幸不夜城活动千呼万唤不出来,https://www.xiaohongshu.com/search_result?keyword=%25E7%2591%259E%25E5%25B9%25B8%2520%25E6%25B4%25BB%25E5%258A%25A8&source=unknown,多多小红薯,https://www.xiaohongshu.com/user/profile/60c2b39c00000000200294f1?channel_type=web_search_result_notes&parent_page_channel_type=web_profile_board&xsec_token=ABrtmzroZQ8KtYKFKU1xlE5BsP3JSG9QfH7yGS43XylSI=&xsec_source=pc_search,1天前,2,https://www.xiaohongshu.com/search_result/6933ac0e000000001d03c926?xsec_token=ABzMrTckGbLYZmuBKZ2_CW2bWhR5h9g9iv6eeaLt_Ke8k=&xsec_source=,https://sns-webpic-qc.xhscdn.com/202512072115/6b45da8cabe155bdc90b3c40eeeddac1/notes_pre_post/1040g3k831po4vsk8ju005o62mee8557hoih4gh0!nc_n_webp_mw_1
瑞幸 活动,瑞幸与王者联名，不考虑一下店员么？,https://www.xiaohongshu.com/search_result?keyword=%25E7%2591%259E%25E5%25B9%25B8%2520%25E6%25B4%25BB%25E5%258A%25A8&source=unknown,滴滴小琳,https://www.xiaohongshu.com/user/profile/62c02f63000000001b02462e?channel_type=web_search_result_notes&parent_page_channel_type=web_profile_board&xsec_token=AB3HOs6M-QHlKzUzwJ-4rPBCt6fZscNeB72CBZi5l7jNk=&xsec_source=pc_search,10-11,397,https://www.xiaohongshu.com/search_result/68e87ef500000000070177ef?xsec_token=ABUuizSXFhrOSZgJAu0ZF0uAigrB0bkoO61LScMfoGI4s=&xsec_source=,https://sns-webpic-qc.xhscdn.com/202512072115/2db12c669d75ba5bef2ce712bbb27f1d/1040g00831nenhf2ckub05om05thmshher275foo!nc_n_webp_mw_1
瑞幸 活动,瑞幸勋章获取方式大合集⑩篇～,https://www.xiaohongshu.com/search_result?keyword=%25E7%2591%259E%25E5%25B9%25B8%2520%25E6%25B4%25BB%25E5%258A%25A8&source=unknown,圆脸团儿,https://www.xiaohongshu.com/user/profile/5bd083f0e141ce0001fef8d1?channel_type=web_search_result_notes&parent_page_channel_type=web_profile_board&xsec_token=ABMAFU0o1ffvI4AjQEDWdJ39qRJLg6Uc_qqBcrNl20jj8=&xsec_source=pc_search,4天前,25,https://www.xiaohongshu.com/search_result/68fa4c4e0000000007001482?xsec_token=AB5jqPtR8pvcDJHLEzXcbpe5f5Fie_yxhQNdrxE68wBFw=&xsec_source=,https://sns-webpic-qc.xhscdn.com/202512072115/3281fe1a09fdc59968d30361a23014e5/notes_pre_post/1040g3k831pctjr7sic704bjn3p1v1u6huuva0vo!nc_n_webp_mw_1
瑞幸 活动,东为什么取消了1r瑞幸福利,https://www.xiaohongshu.com/search_result?keyword=%25E7%2591%259E%25E5%25B9%25B8%2520%25E6%25B4%25BB%25E5%258A%25A8&source=unknown,PEEK,https://www.xiaohongshu.com/user/profile/5d8c89dd0000000001019b43?channel_type=web_search_result_notes&parent_page_channel_type=web_profile_board&xsec_token=ABiF-Ij3iglJTE0vJO5g3vMZFVc5Iw7esWnXB0yFxZBsE=&xsec_source=pc_search,06-29,156,https://www.xiaohongshu.com/search_result/6860f749000000000b01fb95?xsec_token=ABcVGQZEZ8cbwZxEMBlWWyUWhZ3yHn9lLTvxhvulMrA-Q=&xsec_source=,https://sns-webpic-qc.xhscdn.com/202512072115/dd9e3055683e465780ee44bd2cf2764c/notes_pre_post/1040g3k831jac066e2gk05ncch7egb6q37b4s628!nc_n_webp_mw_1
瑞幸 活动,仅用0秒就爱上了此款萌物！,https://www.xiaohongshu.com/search_result?keyword=%25E7%2591%259E%25E5%25B9%25B8%2520%25E6%25B4%25BB%25E5%258A%25A8&source=unknown,瑞幸咖啡,https://www.xiaohongshu.com/user/profile/5bac7d93168a6000019384c5?channel_type=web_search_result_notes&parent_page_channel_type=web_profile_board&xsec_token=ABHmA3Gj9LjvjfCfQ_KtL1_4WOF5QzIceqNiARJdLPVP0=&xsec_source=pc_search,3天前,828,https://www.xiaohongshu.com/search_result/692d053e000000001f005bc3?xsec_token=ABOdQbz9-xhya0iQXPjlFQoW1HPwFnntujjv0AVzXt1kM=&xsec_source=,https://sns-webpic-qc.xhscdn.com/202512072115/a52c9930c38b91445ff8254e11e9bdc8/1040g2sg31pkqhh8pkmb04b69sfup71652b7eqa8!nc_n_webp_mw_1
瑞幸 活动,瑞幸巴西主题季…周一联名预告12/1版,https://www.xiaohongshu.com/search_result?keyword=%25E7%2591%259E%25E5%25B9%25B8%2520%25E6%25B4%25BB%25E5%258A%25A8&source=unknown,扇扇,https://www.xiaohongshu.com/user/profile/5573ad6a9eb5785105881e6b?channel_type=web_search_result_notes&parent_page_channel_type=web_profile_board&xsec_token=ABnnE71tnqB66ngA8GGjE92X8ancu1sLtG814r0ZvTCpM=&xsec_source=pc_search,6天前,69,https://www.xiaohongshu.com/search_result/692c470a000000001b03135e?xsec_token=ABgHzAqbQr_eApO0YrXI4s2-v6V0pIhNWDXePP8_VMky8=&xsec_source=,https://sns-webpic-qc.xhscdn.com/202512072115/2674b366e45ae3af8196bc2755b012b0/notes_pre_post/1040g3k831pgtqe8iig9040p4q2mmk7jb7a8vuog!nc_n_webp_mw_1
瑞幸 活动,瑞幸的员工都很有爱心，一起帮助香港。,https://www.xiaohongshu.com/search_result?keyword=%25E7%2591%259E%25E5%25B9%25B8%2520%25E6%25B4%25BB%25E5%258A%25A8&source=unknown,精灵之母哺育之神（田媛慧金牌月嫂李姐）,https://www.xiaohongshu.com/user/profile/67f63fbf000000000601ca48?channel_type=web_search_result_notes&parent_page_channel_type=web_profile_board&xsec_token=ABLSegBcL4Y20LlUfRqql8jRt_7iSnUqi3JlOvfdVssr4=&xsec_source=pc_search,2天前,29,https://www.xiaohongshu.com/search_result/6932986b000000001b020b1c?xsec_token=ABojgMZroluhB5yqYqIL_OAyuBTqONYRJzihNp5Qix7HQ=&xsec_source=,https://sns-webpic-qc.xhscdn.com/202512072115/7977ebf24fbb12eb3c6dbd2e84f1220d/notes_pre_post/1040g3k831pn3atsfkub05pvm7uvhjii8hkv1flo!nc_n_webp_mw_1
瑞幸 活动,请瑞幸停止欺骗消费者,https://www.xiaohongshu.com/search_result?keyword=%25E7%2591%259E%25E5%25B9%25B8%2520%25E6%25B4%25BB%25E5%258A%25A8&source=unknown,美好一天🔆🔅,https://www.xiaohongshu.com/user/profile/5ef23370000000000101f141?channel_type=web_search_result_notes&parent_page_channel_type=web_profile_board&xsec_token=ABPDgh0SeRq9OSJmQUQgjl2Lz_SKW8h1U1F_SKQX4PAtQ=&xsec_source=pc_search,2天前,1,https://www.xiaohongshu.com/search_result/693280b2000000001e00fadc?xsec_token=ABojgMZroluhB5yqYqIL_OA7Tt2RDBxjVhGrgcuAfUqsg=&xsec_source=,https://sns-webpic-qc.xhscdn.com/202512072115/fe7425dfe9f9eed2687d407f3367d7e3/notes_pre_post/1040g3k031pn0eh77ju6g5nni6do0bsa1b5as410!nc_n_webp_mw_1
瑞幸 活动,大中午的瑞幸0.01快去冲,https://www.xiaohongshu.com/search_result?keyword=%25E7%2591%259E%25E5%25B9%25B8%2520%25E6%25B4%25BB%25E5%258A%25A8&source=unknown,沐团团,https://www.xiaohongshu.com/user/profile/6894674e000000002802ae13?channel_type=web_search_result_notes&parent_page_channel_type=web_profile_board&xsec_token=ABXz-_aVgSZ0tIvLEiaSOvXsh0K0e2B1kMyZ8jZfOE5_0=&xsec_source=pc_search,3天前,2,https://www.xiaohongshu.com/search_result/693101af000000001e000cc1?xsec_token=ABp_RmYKeT3AG72g3U8f6UuQu38GRFKH-hne8XjrK6qbg=&xsec_source=,https://sns-webpic-qc.xhscdn.com/202512072115/469fa0ab27e6f09e39dbc512656c4189/1040g00831pled7o8l04g5q4kct7a5bgj3c9pn6g!nc_n_webp_mw_1
瑞幸 活动,没有9.9就不喝,https://www.xiaohongshu.com/search_result?keyword=%25E7%2591%259E%25E5%25B9%25B8%2520%25E6%25B4%25BB%25E5%258A%25A8&source=unknown,一个有自知力的疯子,https://www.xiaohongshu.com/user/profile/6049e33c0000000001008018?channel_type=web_search_result_notes&parent_page_channel_type=web_profile_board&xsec_token=ABRsXFwtQqqgrJLUVr-s-enMFbSppxqRyrNanPr14CbRs=&xsec_source=pc_search,2天前,1,https://www.xiaohongshu.com/search_result/6932b447000000001b027d88?xsec_token=ABojgMZroluhB5yqYqIL_OA0jf5tui1gvrkPIOIdyxXfc=&xsec_source=,https://sns-webpic-qc.xhscdn.com/202512072115/6323417878bc7339a2873bcafa342327/1040g00831pn6kk4u4u005o29scu0900ol67460g!nc_n_webp_mw_1
瑞幸 活动,瑞幸发票太难开,https://www.xiaohongshu.com/search_result?keyword=%25E7%2591%259E%25E5%25B9%25B8%2520%25E6%25B4%25BB%25E5%258A%25A8&source=unknown,小红薯5DEEA663,https://www.xiaohongshu.com/user/profile/5dee4295000000000100976a?channel_type=web_search_result_notes&parent_page_channel_type=web_profile_board&xsec_token=ABwCroG959b87IFeY7Qr6VqHF7CewdQVIiig57YWhIQic=&xsec_source=pc_search,6天前,赞,https://www.xiaohongshu.com/search_result/692cf70b000000001b033cfb?xsec_token=ABgHzAqbQr_eApO0YrXI4s22Fb9OwuvjF_XYGxQOT1kYw=&xsec_source=,https://sns-webpic-qc.xhscdn.com/202512072115/d4cf42a0727b7092010b158c692fbb64/1040g00831phj8o833c005nfe8aag95ra4744vj8!nc_n_webp_mw_1
瑞幸 活动,明天上！瑞幸巴西主题季🦒diy卡皮巴拉捏捏,https://www.xiaohongshu.com/search_result?keyword=%25E7%2591%259E%25E5%25B9%25B8%2520%25E6%25B4%25BB%25E5%258A%25A8&source=unknown,多梨🍓,https://www.xiaohongshu.com/user/profile/58399d0aa9b2ed01dc01e6ca?channel_type=web_search_result_notes&parent_page_channel_type=web_profile_board&xsec_token=ABYxta9Y0ERndcY6Xm1hXUsd4bhIDpWC7SHxURCXOob8g=&xsec_source=pc_search,2天前,691,https://www.xiaohongshu.com/search_result/692bc490000000001e00258f?xsec_token=ABW3qJGtMNvx_ocROMkeY5lfiAVUZ2C2avGrLUCayc4lw=&xsec_source=,https://sns-webpic-qc.xhscdn.com/202512072115/cb3e0ad02bd46e9d25e25ee68c705a02/notes_pre_post/1040g3k031pgdrd4qi80048tes4eglpmatdnqcr8!nc_n_webp_mw_1
瑞幸 活动,12月4日瑞幸最新运营事物通知20251204,https://www.xiaohongshu.com/search_result?keyword=%25E7%2591%259E%25E5%25B9%25B8%2520%25E6%25B4%25BB%25E5%258A%25A8&source=unknown,枫叶,https://www.xiaohongshu.com/user/profile/5c2863520000000005010939?channel_type=web_search_result_notes&parent_page_channel_type=web_profile_board&xsec_token=ABbOgTxBt9-u-hfk4yEj1zAZmNqq0AEluH-qhTt_Yk5Tk=&xsec_source=pc_search,3天前,74,https://www.xiaohongshu.com/search_result/69315b76000000001f00cf64?xsec_token=ABp_RmYKeT3AG72g3U8f6UuSQRMSSwfmrEUc3OoYawJDA=&xsec_source=,https://sns-webpic-qc.xhscdn.com/202512072115/9c68da8bc50766e3be1d66cc7d10849a/notes_pre_post/1040g3k031plsl0c5km6g5n18cd91a29pht5k1bg!nc_n_webp_mw_1
瑞幸 活动,瑞幸咖啡礼品卡 大骗局电信诈骗,https://www.xiaohongshu.com/search_result?keyword=%25E7%2591%259E%25E5%25B9%25B8%2520%25E6%25B4%25BB%25E5%258A%25A8&source=unknown,陈三多很固执,https://www.xiaohongshu.com/user/profile/557123db33f60c2c98e8dfb1?channel_type=web_search_result_notes&parent_page_channel_type=web_profile_board&xsec_token=AB33kYTraQ1psxToStXJJcarBB8b7IcAaXCnUJI2elS1I=&xsec_source=pc_search,2天前,赞,https://www.xiaohongshu.com/search_result/6932b8ca000000001d03a08b?xsec_token=ABojgMZroluhB5yqYqIL_OA79GcR9b6LDfOJwA5heSA4E=&xsec_source=,https://sns-webpic-qc.xhscdn.com/202512072115/597c8b03133e96ac2157cda457dc1e15/1040g2sg31pn55b6pjqjg40o23thtnnth1q5e49g!nc_n_webp_mw_1
瑞幸 活动,瑞幸最新一期运营事物答案2025/12/4,https://www.xiaohongshu.com/search_result?keyword=%25E7%2591%259E%25E5%25B9%25B8%2520%25E6%25B4%25BB%25E5%258A%25A8&source=unknown,不愛喝美式,https://www.xiaohongshu.com/user/profile/5d11f8410000000012013fcf?channel_type=web_search_result_notes&parent_page_channel_type=web_profile_board&xsec_token=ABB2ni5_MdHHvJWm20ZUnNFN36pvNl_ES8mos33NJlCZE=&xsec_source=pc_search,3天前,89,https://www.xiaohongshu.com/search_result/693156df000000001e03b752?xsec_token=ABp_RmYKeT3AG72g3U8f6UuYaFTuyKUrLKBpRzNhltyTw=&xsec_source=,https://sns-webpic-qc.xhscdn.com/202512072115/5cd9a164c2577976930b6c1257c064ff/notes_pre_post/1040g3k831pls2pmvkmd05n8hv10kifuf7shearg!nc_n_webp_mw_1
瑞幸 活动,支付宝食神卡教程,https://www.xiaohongshu.com/search_result?keyword=%25E7%2591%259E%25E5%25B9%25B8%2520%25E6%25B4%25BB%25E5%258A%25A8&source=unknown,star,https://www.xiaohongshu.com/user/profile/6698c27b0000000003032408?channel_type=web_search_result_notes&parent_page_channel_type=web_profile_board&xsec_token=ABT4tH_kBXj6L24vt7eaEKy7P_dUFDEhYk5QMMkM6z6Lo=&xsec_source=pc_search,11-28,5284,https://www.xiaohongshu.com/search_result/6928f013000000000d03b0a8?xsec_token=ABPmFcKFewuSoXJkAqloNAHmAl5U3KhWt8R70pghjGRDo=&xsec_source=,https://sns-webpic-qc.xhscdn.com/202512072116/4d3757842db77fe14795b286d211798d/notes_pre_post/1040g3k031pdlh9nb3c005pkoo9tgu9085uihnt8!nc_n_webp_mw_1
瑞幸 活动,12.8冬至五养拿铁&咸芝士豆乳 拿铁上市考试,https://www.xiaohongshu.com/search_result?keyword=%25E7%2591%259E%25E5%25B9%25B8%2520%25E6%25B4%25BB%25E5%258A%25A8&source=unknown,淡淡,https://www.xiaohongshu.com/user/profile/631eeb02000000002303cbb5?channel_type=web_search_result_notes&parent_page_channel_type=web_profile_board&xsec_token=ABrQofrOQIofWw9WmzH95LYaxmYQYACv5Qq_9RGIusC7Q=&xsec_source=pc_search,4天前,20,https://www.xiaohongshu.com/search_result/692f8f4b000000000d03d93a?xsec_token=ABGuGFIFvexu6PyktFbeJY_VVZFwPVWmuOiYZbJYyhQg8=&xsec_source=,https://sns-webpic-qc.xhscdn.com/202512072116/082afbee6eb28831bc35f305ce86526d/1040g2sg31pk4fi5f4u005ooutc18vitlmuf3lrg!nc_n_webp_mw_1
瑞幸 活动,瑞幸最新运营事物1204,https://www.xiaohongshu.com/search_result?keyword=%25E7%2591%259E%25E5%25B9%25B8%2520%25E6%25B4%25BB%25E5%258A%25A8&source=unknown,Wuli亲,https://www.xiaohongshu.com/user/profile/5e039f16000000000100b92e?channel_type=web_search_result_notes&parent_page_channel_type=web_profile_board&xsec_token=ABUMjs-JpE5ybYasOp7wcqMwJbZdAlJueJOEZG_Hidpug=&xsec_source=pc_search,1天前,27,https://www.xiaohongshu.com/search_result/6932f65c000000001e027b16?xsec_token=ABojgMZroluhB5yqYqIL_OA1-p7-ow2fpaw0tMTORwfYE=&xsec_source=,https://sns-webpic-qc.xhscdn.com/202512072116/bd6f8287d895ee61f64efcfcdd20a504/notes_pre_post/1040g3k031pnep78el2005ng3jsb09e9ee309m7o!nc_n_webp_mw_1
瑞幸 活动,瑞幸运营事务更新,https://www.xiaohongshu.com/search_result?keyword=%25E7%2591%259E%25E5%25B9%25B8%2520%25E6%25B4%25BB%25E5%258A%25A8&source=unknown,Camellia,https://www.xiaohongshu.com/user/profile/6541ef24000000000d005ad3?channel_type=web_search_result_notes&parent_page_channel_type=web_profile_board&xsec_token=ABjPC-k6L09oVzAmj2Kd-GRpYsUy_vu-dNuXYSZHTpMzY=&xsec_source=pc_search,3天前,83,https://www.xiaohongshu.com/search_result/69315b22000000001b022260?xsec_token=ABp_RmYKeT3AG72g3U8f6UucPs4IDugeMli6-c0JEpges=&xsec_source=,https://sns-webpic-qc.xhscdn.com/202512072116/dc0684c63948461ccaf8de2d10757621/notes_pre_post/1040g3k831plsjoqu4kdg5pa1tsi38mmjarv9jl8!nc_n_webp_mw_1
瑞幸 活动,瑞幸咖啡,https://www.xiaohongshu.com/search_result?keyword=%25E7%2591%259E%25E5%25B9%25B8%2520%25E6%25B4%25BB%25E5%258A%25A8&source=unknown,芝士玉米粒🧀,https://www.xiaohongshu.com/user/profile/64e433d4000000000100c787?channel_type=web_search_result_notes&parent_page_channel_type=web_profile_board&xsec_token=ABrnUNwQVpnNRACYPGVhRx1ADbX02rPmet6DmwsXjbhnA=&xsec_source=pc_search,6天前,21,https://www.xiaohongshu.com/search_result/692d280e000000000d00fe69?xsec_token=ABOdQbz9-xhya0iQXPjlFQoWVprtORsFWZaozUJdPtXTE=&xsec_source=,https://sns-webpic-qc.xhscdn.com/202512072116/8d5ffebd98cb7f69473dcf55c5c8580b/1040g2sg31phpb5ijiukg5p746fa09hs737fbko8!nc_n_webp_mw_1
瑞幸 活动,☕️盗笔十年，咖啡为约！瑞幸这次赢麻了！！,https://www.xiaohongshu.com/search_result?keyword=%25E7%2591%259E%25E5%25B9%25B8%2520%25E6%25B4%25BB%25E5%258A%25A8&source=unknown,叫你多读苏,https://www.xiaohongshu.com/user/profile/607bee0e0000000001006fc6?channel_type=web_search_result_notes&parent_page_channel_type=web_profile_board&xsec_token=ABT5YBZgLn3xVstivOb4KofgrJ5RInuZbtw_mkaFbqTKs=&xsec_source=pc_search,4天前,3399,https://www.xiaohongshu.com/search_result/692f3975000000001e03a6bb?xsec_token=ABGuGFIFvexu6PyktFbeJY_V16jeTUYBjUVDt34q-KGC0=&xsec_source=,https://sns-webpic-qc.xhscdn.com/202512072116/884b9e284eb2d2f4a70c35b77cc200bf/1040g2sg31pkk1kf14k705o3rto708ru64he2mj8!nc_n_webp_mw_1
瑞幸 活动,咖啡,https://www.xiaohongshu.com/search_result?keyword=%25E7%2591%259E%25E5%25B9%25B8%2520%25E6%25B4%25BB%25E5%258A%25A8&source=unknown,Étudiant,https://www.xiaohongshu.com/user/profile/5ce0dc3b000000001601c9f9?channel_type=web_search_result_notes&parent_page_channel_type=web_profile_board&xsec_token=AB0avrcGaf16pdQOTbwIIfmkv4K9BNGPMXyRdiacQsNdg=&xsec_source=pc_search,2天前,1,https://www.xiaohongshu.com/search_result/69323615000000001e034d56?xsec_token=ABojgMZroluhB5yqYqIL_OA_9wntMcJJ0fvrPv6azMxCY=&xsec_source=,https://sns-webpic-qc.xhscdn.com/202512072116/4556e9eb668bf265e5349d8f4936eca8/1040g00831pmmvroc4u005n70rgtljifpv4326q8!nc_n_webp_mw_1
瑞幸 活动,《一颗深烘豆的一生》,https://www.xiaohongshu.com/search_result?keyword=%25E7%2591%259E%25E5%25B9%25B8%2520%25E6%25B4%25BB%25E5%258A%25A8&source=unknown,瑞幸咖啡,https://www.xiaohongshu.com/user/profile/5bac7d93168a6000019384c5?channel_type=web_search_result_notes&parent_page_channel_type=web_profile_board&xsec_token=ABHmA3Gj9LjvjfCfQ_KtL1_4WOF5QzIceqNiARJdLPVP0=&xsec_source=pc_search,2天前,138,https://www.xiaohongshu.com/search_result/69302de3000000001f00d851?xsec_token=AB19SE94c2iF840OmiUHBnRL3SqhEbzquENog5c-jJrVA=&xsec_source=,https://sns-webpic-qc.xhscdn.com/202512072116/820ddeec2f582f295a9e41faf21f8fd6/spectrum/1040g0k031pkk516e3q004b69sfup7165t0r8ldo!nc_n_webp_mw_1
瑞幸 活动,全攻略❗瑞幸咖啡✖️卡皮巴拉🔥双弹齐上,https://www.xiaohongshu.com/search_result?keyword=%25E7%2591%259E%25E5%25B9%25B8%2520%25E6%25B4%25BB%25E5%258A%25A8&source=unknown,七安的IP情报局,https://www.xiaohongshu.com/user/profile/676e125f0000000014030385?channel_type=web_search_result_notes&parent_page_channel_type=web_profile_board&xsec_token=ABuEucn3CkZKi8tKaG0aezYkCvAgJyC2PMQOpvYGPNhf4=&xsec_source=pc_search,6天前,31,https://www.xiaohongshu.com/search_result/692d2855000000001e03037f?xsec_token=ABOdQbz9-xhya0iQXPjlFQoc6nrUmHKoprB6piSz3zwTc=&xsec_source=,https://sns-webpic-qc.xhscdn.com/202512072116/9f82bdb2ec2344c831d6669fc56e4d20/notes_pre_post/1040g3k831phnl30higag5ouprrlq371esa0ei60!nc_n_webp_mw_1
瑞幸 活动,12.3新品上市考试,https://www.xiaohongshu.com/search_result?keyword=%25E7%2591%259E%25E5%25B9%25B8%2520%25E6%25B4%25BB%25E5%258A%25A8&source=unknown,生椰拿铁多冰去糖,https://www.xiaohongshu.com/user/profile/59e751224eacab6565a31ee5?channel_type=web_search_result_notes&parent_page_channel_type=web_profile_board&xsec_token=ABU2_RPEmSY7RvSFv_GsLQbCbs6n3vCrMLXAS_SeWhWiM=&xsec_source=pc_search,4天前,31,https://www.xiaohongshu.com/search_result/693014db000000001e00b593?xsec_token=AB19SE94c2iF840OmiUHBnRA8nX2MRAJL7H1_qoxGFcj4=&xsec_source=,https://sns-webpic-qc.xhscdn.com/202512072116/15cae3a4c94b5ecd67087618c5fbe4aa/1040g00831pkknelvk00049ul8h8i47n571cnjg0!nc_n_webp_mw_1
瑞幸 活动,瑞幸丑卡皮巴拉,https://www.xiaohongshu.com/search_result?keyword=%25E7%2591%259E%25E5%25B9%25B8%2520%25E6%25B4%25BB%25E5%258A%25A8&source=unknown,豹厨米佐蕾,https://www.xiaohongshu.com/user/profile/5fe81ee6000000000100a8b8?channel_type=web_search_result_notes&parent_page_channel_type=web_profile_board&xsec_token=ABVXoKN8ggTv_3JfKCj8yBBkbpJc7GEnTExdROwZ1yHRE=&xsec_source=pc_search,2天前,2,https://www.xiaohongshu.com/search_result/69327f8d000000000d03a08b?xsec_token=ABojgMZroluhB5yqYqIL_OA6HLZWvkzco0BfIrCHipe5U=&xsec_source=,https://sns-webpic-qc.xhscdn.com/202512072116/9bd929f42543eaf4648118b483ff758a/notes_pre_post/1040g3k831pmu9rf74kd05nv83rj09a5oeaaer7g!nc_n_webp_mw_1
瑞幸 活动,瑞幸最新运营事物,https://www.xiaohongshu.com/search_result?keyword=%25E7%2591%259E%25E5%25B9%25B8%2520%25E6%25B4%25BB%25E5%258A%25A8&source=unknown,Q.,https://www.xiaohongshu.com/user/profile/6177bc2400000000020267e0?channel_type=web_search_result_notes&parent_page_channel_type=web_profile_board&xsec_token=ABzTUeS8ZGLjfNjzQHDPQh_vRZO9vWqanSAoa_InkB-30=&xsec_source=pc_search,11-27,23,https://www.xiaohongshu.com/search_result/692815e7000000001e026f61?xsec_token=ABPmFcKFewuSoXJkAqloNAHkuzEzuuTzfobrc89zKOeKo=&xsec_source=,https://sns-webpic-qc.xhscdn.com/202512072116/97b86c79c75c2524ac0a7f89dc72fca5/1040g2sg31pcqsort3c105obnngi0kpv05vpav2g!nc_n_webp_mw_1
瑞幸 活动,瑞幸，最后一波请客，你抽了吗,https://www.xiaohongshu.com/search_result?keyword=%25E7%2591%259E%25E5%25B9%25B8%2520%25E6%25B4%25BB%25E5%258A%25A8&source=unknown,Lymi,https://www.xiaohongshu.com/user/profile/615d44e9000000000201d3ee?channel_type=web_search_result_notes&parent_page_channel_type=web_profile_board&xsec_token=AB7B_pQcKewl81uizIjSAb-Ak02th9eRgxaaMeIApoXo4=&xsec_source=pc_search,5天前,1,https://www.xiaohongshu.com/search_result/692e7cfc000000001e00e2b6?xsec_token=AB8lKgRFdsiVpTdLKPFyUV9lWV-U38ntuGxI_406wiWtk=&xsec_source=,https://sns-webpic-qc.xhscdn.com/202512072116/90b50240c8e07eaab6679103ad47425f/1040g00831pj2pt8hkq1g5oat8jkgjkvee7d1g3o!nc_n_webp_mw_1
瑞幸 活动,瑞幸大学11.27最新运营事务答案,https://www.xiaohongshu.com/search_result?keyword=%25E7%2591%259E%25E5%25B9%25B8%2520%25E6%25B4%25BB%25E5%258A%25A8&source=unknown,别烦我-,https://www.xiaohongshu.com/user/profile/5d27e6680000000011019dcf?channel_type=web_search_result_notes&parent_page_channel_type=web_profile_board&xsec_token=ABaM6d_tB0OCRRh-S60Rkp4CpfOUhp3GTAf2C0t3QfapU=&xsec_source=pc_search,2天前,101,https://www.xiaohongshu.com/search_result/6931afc8000000000d03c06f?xsec_token=ABp_RmYKeT3AG72g3U8f6UuV5aUQN0LhM0ONUBR2HfhpU=&xsec_source=,https://sns-webpic-qc.xhscdn.com/202512072116/a0c70267d7fd81e8e11aed96409d9a18/notes_pre_post/1040g3k831pm6t997kg705n97spk4b7ef2gllo30!nc_n_webp_mw_1
瑞幸 活动,瑞幸新品考试答案,https://www.xiaohongshu.com/search_result?keyword=%25E7%2591%259E%25E5%25B9%25B8%2520%25E6%25B4%25BB%25E5%258A%25A8&source=unknown,迷茫的青春,https://www.xiaohongshu.com/user/profile/60bea1c30000000001005218?channel_type=web_search_result_notes&parent_page_channel_type=web_profile_board&xsec_token=ABA22sG-vehG6b-Zi1viDia1iAP3OmPaayAO-APjyucDE=&xsec_source=pc_search,4天前,26,https://www.xiaohongshu.com/search_result/692fc18b000000001b021f0e?xsec_token=ABGuGFIFvexu6PyktFbeJY_TFByr28D3RYcNptVnsMj2Q=&xsec_source=,https://sns-webpic-qc.xhscdn.com/202512072116/5d3a7148623ad0aec7c49b28735caf19/notes_pre_post/1040g3k831pkajqlpkmcg5o5uk71g8kgosbdp0lg!nc_n_webp_mw_1
瑞幸 活动,运营事务通知-20251204,https://www.xiaohongshu.com/search_result?keyword=%25E7%2591%259E%25E5%25B9%25B8%2520%25E6%25B4%25BB%25E5%258A%25A8&source=unknown,GG耶耶,https://www.xiaohongshu.com/user/profile/61288db40000000001005ca9?channel_type=web_search_result_notes&parent_page_channel_type=web_profile_board&xsec_token=ABdqZDpj0RMKSPvQ1Vbk4Lu8efhiMwvdDK6-gdE7AShbQ=&xsec_source=pc_search,3天前,491,https://www.xiaohongshu.com/search_result/693163e4000000001e008b22?xsec_token=ABp_RmYKeT3AG72g3U8f6Uud7dXyuDW06nOjj71KNU-Zw=&xsec_source=,https://sns-webpic-qc.xhscdn.com/202512072116/1a71a15dd81cdca99869915efd1e96a4/notes_pre_post/1040g3k031pltlc24k0705o98hmq08n59ujrqtog!nc_n_webp_mw_1
瑞幸 活动,瑞幸｜桑巴深烘拿铁☕️,https://www.xiaohongshu.com/search_result?keyword=%25E7%2591%259E%25E5%25B9%25B8%2520%25E6%25B4%25BB%25E5%258A%25A8&source=unknown,冻梨煎雪.,https://www.xiaohongshu.com/user/profile/67f362ab000000000801583c?channel_type=web_search_result_notes&parent_page_channel_type=web_profile_board&xsec_token=ABMfVHYLZo3ydusHryJ5qOQtgHLHoMFGHpHBxTLUbCOzA=&xsec_source=pc_search,3天前,赞,https://www.xiaohongshu.com/search_result/6931777b000000000d03d040?xsec_token=ABp_RmYKeT3AG72g3U8f6UuWIo_U7-pngDoUDKs27zZPA=&xsec_source=,https://sns-webpic-qc.xhscdn.com/202512072116/3e8f8072ca41b872cecca16c3057c805/notes_pre_post/1040g3k031plvq5vckm005pvjcali2m1srfau4l8!nc_n_webp_mw_1
瑞幸 活动,瑞幸今日100％抽奖卡,https://www.xiaohongshu.com/search_result?keyword=%25E7%2591%259E%25E5%25B9%25B8%2520%25E6%25B4%25BB%25E5%258A%25A8&source=unknown,谁分得清个番柿橘橙,https://www.xiaohongshu.com/user/profile/5764de4050c4b4090eb01736?channel_type=web_search_result_notes&parent_page_channel_type=web_profile_board&xsec_token=ABnCCiZmbffl5hKYYrErYOvNzET0wZK_CiERfqqmLMNpc=&xsec_source=pc_search,08-17,2,https://www.xiaohongshu.com/search_result/68a17f77000000001c03cf2b?xsec_token=AB3rVpSFwKQ5LCwZ3kIlmquGmqMDtnqBu6ZQLLubsFL94=&xsec_source=,https://sns-webpic-qc.xhscdn.com/202512072116/20a7425c33cfcb2a68da8ba86b82cf48/1040g00831l9d1k2d526g48god9f405pm4c1lg7g!nc_n_webp_mw_1
瑞幸 活动,,https://www.xiaohongshu.com/search_result?keyword=%25E7%2591%259E%25E5%25B9%25B8%2520%25E6%25B4%25BB%25E5%258A%25A8&source=unknown,扑通扑通,https://www.xiaohongshu.com/user/profile/5f638ade00000000010010b4?channel_type=web_search_result_notes&parent_page_channel_type=web_profile_board&xsec_token=AB85z7y6aYm1psBZao-jqgicY4o6o8RYfwxArVLpRhlFk=&xsec_source=pc_search,2天前,4,https://www.xiaohongshu.com/search_result/69328c1a000000001f00bf2c?xsec_token=ABojgMZroluhB5yqYqIL_OA4FADghq0_ItKBIdIMe68-8=&xsec_source=,https://sns-webpic-qc.xhscdn.com/202512072116/0fbb25267a271d6170a4de885e72f676/1040g00831pn1r3fo4u005nr3hbf0845k17g8q00!nc_n_webp_mw_1
瑞幸 活动,瑞幸咖啡X小黄人,https://www.xiaohongshu.com/search_result?keyword=%25E7%2591%259E%25E5%25B9%25B8%2520%25E6%25B4%25BB%25E5%258A%25A8&source=unknown,momo,https://www.xiaohongshu.com/user/profile/63c624f7000000002702b41c?channel_type=web_search_result_notes&parent_page_channel_type=web_profile_board&xsec_token=ABv-NS7P3whIBrAQwxOzhh9nlaVNyj6tWApU7QMdZ3jIE=&xsec_source=pc_search,3天前,122,https://www.xiaohongshu.com/search_result/69316a10000000001e03603b?xsec_token=ABp_RmYKeT3AG72g3U8f6UuUhQtuYf4M51hzVNLMmjwPA=&xsec_source=,https://sns-webpic-qc.xhscdn.com/202512072116/a0ff060ffb25f984fdd53b00db754b3c/1040g00831plu3ils52705ou64jrptd0s6qmh7v0!nc_n_webp_mw_1
瑞幸 活动,瑞幸新品阿克苏苹果拿铁和苹果c美式挂件,https://www.xiaohongshu.com/search_result?keyword=%25E7%2591%259E%25E5%25B9%25B8%2520%25E6%25B4%25BB%25E5%258A%25A8&source=unknown,小红薯5BC8C027,https://www.xiaohongshu.com/user/profile/5bc76f4e11a38000014ddeb5?channel_type=web_search_result_notes&parent_page_channel_type=web_profile_board&xsec_token=ABiJw1sjV1LTXy96J27e6bRbhe1woBorPY5KD8vIxsET4=&xsec_source=pc_search,09-01,赞,https://www.xiaohongshu.com/search_result/68b4e326000000001b031dbc?xsec_token=ABweEkAk6H6WeBdN2GKRkmExyGIzRTta3tS5lTh7Hf31Q=&xsec_source=,https://sns-webpic-qc.xhscdn.com/202512072116/b86fbb84724cf1c63dbf8e84cf907c10/1040g00831lsav3selu004bget0nktnllpfv3uq0!nc_n_webp_mw_1
瑞幸 活动,为什么我的瑞幸新品不是 9.9 了！,https://www.xiaohongshu.com/search_result?keyword=%25E7%2591%259E%25E5%25B9%25B8%2520%25E6%25B4%25BB%25E5%258A%25A8&source=unknown,一二三四的一一,https://www.xiaohongshu.com/user/profile/5ccbc26f000000001201114e?channel_type=web_search_result_notes&parent_page_channel_type=web_profile_board&xsec_token=ABqJW9BuQIRGxzotPWTPVgahPpmNyIl5B0R26fVRlJeLM=&xsec_source=pc_search,6天前,3,https://www.xiaohongshu.com/search_result/692d0641000000001e0282bd?xsec_token=ABOdQbz9-xhya0iQXPjlFQoZpresgepl-Ob28JP5TPjVk=&xsec_source=,https://sns-webpic-qc.xhscdn.com/202512072116/413340d83ffb7ffc0fb32915f0b6c5a1/notes_pre_post/1040g3k831phl88f92sd05n6bo9nki4aeimcjfgg!nc_n_webp_mw_1
瑞幸 活动,,https://www.xiaohongshu.com/search_result?keyword=%25E7%2591%259E%25E5%25B9%25B8%2520%25E6%25B4%25BB%25E5%258A%25A8&source=unknown,小羊失棉了（xmct0898）,https://www.xiaohongshu.com/user/profile/5f52403e0000000001009f39?channel_type=web_search_result_notes&parent_page_channel_type=web_profile_board&xsec_token=ABXwwKhJNLkcPRb8pe5EuAAp-i7UlqhF88JjdV-pS8v84=&xsec_source=pc_search,06-29,赞,https://www.xiaohongshu.com/search_result/686025a0000000001703761f?xsec_token=ABcVGQZEZ8cbwZxEMBlWWyUbU384aHu-vTpAf_ahXezyg=&xsec_source=,https://sns-webpic-qc.xhscdn.com/202512072116/78083645dd21c86af3def61cd8146f77/1040g00831j9id8d034605nqi80v097pp25j6eh8!nc_n_webp_mw_1
瑞幸 活动,哇！瑞幸巴西主题季！🌈,https://www.xiaohongshu.com/search_result?keyword=%25E7%2591%259E%25E5%25B9%25B8%2520%25E6%25B4%25BB%25E5%258A%25A8&source=unknown,oiiove,https://www.xiaohongshu.com/user/profile/61c216d1000000001000dc65?channel_type=web_search_result_notes&parent_page_channel_type=web_profile_board&xsec_token=ABw6QggZwldRhDfWWLzLPEWKgvv2Ib3Vz3_B846jLCq04=&xsec_source=pc_search,6天前,75,https://www.xiaohongshu.com/search_result/692cf2a6000000000d03c849?xsec_token=ABgHzAqbQr_eApO0YrXI4s20wKlu4Qx6YNScst4RVcuFI=&xsec_source=,https://sns-webpic-qc.xhscdn.com/202512072116/87cc3efca178abbc58c8905a8feed689/notes_uhdr/1040g3qg31phirht6is005oe22r8k1n351pnohvo!nc_n_webp_mw_1
瑞幸 活动,速看‼️瑞幸✖️疯狂动物城第二弹联名周边攻略,https://www.xiaohongshu.com/search_result?keyword=%25E7%2591%259E%25E5%25B9%25B8%2520%25E6%25B4%25BB%25E5%258A%25A8&source=unknown,吃雪糕不咬棍子,https://www.xiaohongshu.com/user/profile/559d25015894460e0ec22611?channel_type=web_search_result_notes&parent_page_channel_type=web_profile_board&xsec_token=ABkes1eoWVoNZmhKOFbi0roodU-9pq5yyiK5Dbmo-V0gA=&xsec_source=pc_search,11-18,774,https://www.xiaohongshu.com/search_result/691bb51d000000000701467b?xsec_token=ABPZBSkkRktkc3ERAEUTCMOEV9vBY0e2NR4_380ZSXr1Q=&xsec_source=,https://sns-webpic-qc.xhscdn.com/202512072116/c907779762e45b20cabb2da72a922cc0/notes_pre_post/1040g3k831p0o38br267040u9mcig29gh1sbhln8!nc_n_webp_mw_1
瑞幸 活动,⏳沉浸式感受瑞门羊毛提货的快乐,https://www.xiaohongshu.com/search_result?keyword=%25E7%2591%259E%25E5%25B9%25B8%2520%25E6%25B4%25BB%25E5%258A%25A8&source=unknown,小胖手,https://www.xiaohongshu.com/user/profile/5eeb15cf0000000001003a33?channel_type=web_search_result_notes&parent_page_channel_type=web_profile_board&xsec_token=ABtM0izgUe2-xRWff-TBi1sBdPseVV7rZpgk3KfbcvomQ=&xsec_source=pc_search,06-27,1,https://www.xiaohongshu.com/search_result/685e165c00000000150216ac?xsec_token=AB_boNqquK9-Stv6QzBSajc88Io63CdQCgeyF4Cf3wAAo=&xsec_source=,https://sns-webpic-qc.xhscdn.com/202512072116/5ef5152f15ccba6b8eebf37d9fba8976/1040g00831j7ia2t6346g5nnb2n7g8ehj3jpuqo8!nc_n_webp_mw_1
瑞幸 活动,瑞幸今天周边你们有三杯的可选吗？,https://www.xiaohongshu.com/search_result?keyword=%25E7%2591%259E%25E5%25B9%25B8%2520%25E6%25B4%25BB%25E5%258A%25A8&source=unknown,京京同学,https://www.xiaohongshu.com/user/profile/65e53a87000000000500e9a7?channel_type=web_search_result_notes&parent_page_channel_type=web_profile_board&xsec_token=ABsJ-9NARLHXlXUonjdoD0x-h36KiHqwGP00SzEWc9vuc=&xsec_source=pc_search,09-01,赞,https://www.xiaohongshu.com/search_result/68b4d726000000001d02fd37?xsec_token=ABweEkAk6H6WeBdN2GKRkmE-aa4jDd2yQCj5xSc0QF-_U=&xsec_source=,https://sns-webpic-qc.xhscdn.com/202512072116/c8adbe9b3285d03bedab9af6d97de878/notes_pre_post/1040g3k831ls9fmdklicg5pf57a3h9qd7p9vnn1o!nc_n_webp_mw_1
瑞幸 活动,瑞子你的上新速度真的太快了！,https://www.xiaohongshu.com/search_result?keyword=%25E7%2591%259E%25E5%25B9%25B8%2520%25E6%25B4%25BB%25E5%258A%25A8&source=unknown,一只耶啵～🥕,https://www.xiaohongshu.com/user/profile/59e35b4dd7c6fa35544e1e80?channel_type=web_search_result_notes&parent_page_channel_type=web_profile_board&xsec_token=ABtnSoJFx_zoeV0Cy_0EPFadHwcCaoJJ_8Gxh1G8r_hYc=&xsec_source=pc_search,6天前,135,https://www.xiaohongshu.com/search_result/692d44ac000000000d03c4fd?xsec_token=ABOdQbz9-xhya0iQXPjlFQoXvlhlKFI9C1FApTsELhh-M=&xsec_source=,https://sns-webpic-qc.xhscdn.com/202512072116/31f94106b0572d4351caf004ba1d80cf/1040g00831phsladmk21g49u8d2dkq7k0pis7ol0!nc_n_webp_mw_1
瑞幸 活动,瑞幸巴西主题周边来啦,https://www.xiaohongshu.com/search_result?keyword=%25E7%2591%259E%25E5%25B9%25B8%2520%25E6%25B4%25BB%25E5%258A%25A8&source=unknown,Lisa逛吃逛玩,https://www.xiaohongshu.com/user/profile/5ed8935d000000000101e7fa?channel_type=web_search_result_notes&parent_page_channel_type=web_profile_board&xsec_token=ABGbID19HbMpBdUtoSlCg86cyLETzjhBZn-d7JSMFnMAw=&xsec_source=pc_search,6天前,141,https://www.xiaohongshu.com/search_result/692d185e000000000d038df9?xsec_token=ABOdQbz9-xhya0iQXPjlFQof-35gQ0UWBXjn6rcYp4KbE=&xsec_source=,https://sns-webpic-qc.xhscdn.com/202512072116/99d03ab6fe6c1758939a37b8cd0dedb0/notes_uhdr/1040g3qo31phneu4iiu7g5nmoidegbpvqh9j8uo0!nc_n_webp_mw_1
瑞幸 活动,瑞幸的羊毛，有人抽中大奖吗,https://www.xiaohongshu.com/search_result?keyword=%25E7%2591%259E%25E5%25B9%25B8%2520%25E6%25B4%25BB%25E5%258A%25A8&source=unknown,Su,https://www.xiaohongshu.com/user/profile/6312dbeb000000001200d800?channel_type=web_search_result_notes&parent_page_channel_type=web_profile_board&xsec_token=ABoR39mPszirJYdh51YEpWAosufvIHHXWbLmuVd2RmgO4=&xsec_source=pc_search,08-18,5,https://www.xiaohongshu.com/search_result/68a287e4000000001d02979c?xsec_token=AB-GlpYuAmbllPSjiH52d687VrpxPmyfyPyYLcklwqZCE=&xsec_source=,https://sns-webpic-qc.xhscdn.com/202512072116/9eca02d7a8a0935d5f3df0cafafa71cf/notes_pre_post/1040g3k831lad8o6n5o7g5ooirflkhm00rqpat3g!nc_n_webp_mw_1
瑞幸 活动,原神瑞幸联动攻略来啦！,https://www.xiaohongshu.com/search_result?keyword=%25E7%2591%259E%25E5%25B9%25B8%2520%25E6%25B4%25BB%25E5%258A%25A8&source=unknown,原神高玩专家-向晚,https://www.xiaohongshu.com/user/profile/5d2d4d700000000016028509?channel_type=web_search_result_notes&parent_page_channel_type=web_profile_board&xsec_token=ABj7JL1WvVTasEP_EuF3QJIoBkHg5JnlDZw_EJeNgPeSw=&xsec_source=pc_search,2024-11-27,1593,https://www.xiaohongshu.com/search_result/6746b1d90000000002019043?xsec_token=ABjwCFi6jL_ux63k8Oe-yriNpKQmCQIquukTvOG4MDwcg=&xsec_source=,https://sns-webpic-qc.xhscdn.com/202512072116/006719e5322426211f1f6e8ad04abba7/110/0/01e746b1b526b3f5001000000001936c26395a_0.jpg!nc_n_webp_mw_1
瑞幸 活动,廣州必打卡鬼滅痛店,https://www.xiaohongshu.com/search_result?keyword=%25E7%2591%259E%25E5%25B9%25B8%2520%25E6%25B4%25BB%25E5%258A%25A8&source=unknown,Rosewu5201,https://www.xiaohongshu.com/user/profile/5ab7a60011be1055cb11e561?channel_type=web_search_result_notes&parent_page_channel_type=web_profile_board&xsec_token=ABY_r0xwFWn06soHp_M6LrREuAD8v_rFMXKfu_iMRtBSc=&xsec_source=pc_search,3小时前,1,https://www.xiaohongshu.com/search_result/6933f3f6000000001d03ba80?xsec_token=ABzMrTckGbLYZmuBKZ2_CW2cLKrflAIkCz31vp03Ro_Qg=&xsec_source=,https://sns-webpic-qc.xhscdn.com/202512072116/14fdb2963363720eec772115e84f9c02/1040g2sg31podhvji3uf04a3t9uj01pb1ic4aapg!nc_n_webp_mw_1
瑞幸 活动,人生第一杯瑞幸保姆级点单攻略！,https://www.xiaohongshu.com/search_result?keyword=%25E7%2591%259E%25E5%25B9%25B8%2520%25E6%25B4%25BB%25E5%258A%25A8&source=unknown,种草大户萌叔Joey,https://www.xiaohongshu.com/user/profile/61f4a3690000000021021651?channel_type=web_search_result_notes&parent_page_channel_type=web_profile_board&xsec_token=ABu0cxEEW61B9mW9wZYNPHyKcQeRuuQ18vK2PQqP-y6Us=&xsec_source=pc_search,2023-03-11,4304,https://www.xiaohongshu.com/search_result/640b03e0000000001300f7c9?xsec_token=ABgev-NQ32l5IxCx72g6cCER7T_iMg9T4QSljfKOCkiWA=&xsec_source=,https://sns-webpic-qc.xhscdn.com/202512072116/5884ca44a206d9b7e17ce4e4c1d14777/spectrum/1000g0k025pppk9ofi0005ofkkdkoc5ihbbhoen8!nc_n_webp_mw_1
瑞幸 活动,,https://www.xiaohongshu.com/search_result?keyword=%25E7%2591%259E%25E5%25B9%25B8%2520%25E6%25B4%25BB%25E5%258A%25A8&source=unknown,momomo,https://www.xiaohongshu.com/user/profile/679e7c6d000000000e012ddb?channel_type=web_search_result_notes&parent_page_channel_type=web_profile_board&xsec_token=ABkms2lOuvYpKPhw_c_qm8TFF2_WJhdbsw6uNR9vtYEZE=&xsec_source=pc_search,3天前,3,https://www.xiaohongshu.com/search_result/69314a18000000001d03ded2?xsec_token=ABp_RmYKeT3AG72g3U8f6Uue4wn5_l2p_P3UwRNfbistM=&xsec_source=,https://sns-webpic-qc.xhscdn.com/202512072116/d6a72b693d068d5ffe4d91f72ed75b2b/1040g00831plqff69k0005psufhmjibero9o19s8!nc_n_webp_mw_1
瑞幸 活动,,https://www.xiaohongshu.com/search_result?keyword=%25E7%2591%259E%25E5%25B9%25B8%2520%25E6%25B4%25BB%25E5%258A%25A8&source=unknown,style,https://www.xiaohongshu.com/user/profile/6556e1f4000000000202b05e?channel_type=web_search_result_notes&parent_page_channel_type=web_profile_board&xsec_token=ABrXSV0LvNBuv4oElzFfgIzPX-9lNKpdjDFZTrdyRHMT8=&xsec_source=pc_search,2023-11-17,1,https://www.xiaohongshu.com/search_result/6556e284000000001100efa7?xsec_token=ABrXSV0LvNBuv4oElzFfgIzKy0OVr0H5lL5eg15eXEqVk=&xsec_source=,https://sns-webpic-qc.xhscdn.com/202512072116/47ee86bef4cf73f8e5d38fe5fc759b7f/1040g00830rihcknb1s6g5pams7q0lc2uk73qpq8!nc_n_webp_mw_1
瑞幸 活动,瑞幸！！记住这礼品卡!要来了！！,https://www.xiaohongshu.com/search_result?keyword=%25E7%2591%259E%25E5%25B9%25B8%2520%25E6%25B4%25BB%25E5%258A%25A8&source=unknown,葡萄冰冰茶🍵,https://www.xiaohongshu.com/user/profile/65e1a6b6000000000b031bdb?channel_type=web_search_result_notes&parent_page_channel_type=web_profile_board&xsec_token=ABesPBG66ZdHJgoOxz_28sdA9uOoeRdh6fLaBzJRwzLs0=&xsec_source=pc_search,11-12,135,https://www.xiaohongshu.com/search_result/691455ff000000000d03b58b?xsec_token=ABqIZTIjTDJVHXsBElYG51MAgAXKhxT8-8wNhkMGFRh8s=&xsec_source=,https://sns-webpic-qc.xhscdn.com/202512072116/446da85e4d9eafd90c55237d0a16602f/notes_pre_post/1040g3k031ophla4qha405pf1kqr2u6uru42v5t0!nc_n_webp_mw_1
瑞幸 活动,如何做好一场品牌联名活动？,https://www.xiaohongshu.com/search_result?keyword=%25E7%2591%259E%25E5%25B9%25B8%2520%25E6%25B4%25BB%25E5%258A%25A8&source=unknown,明哥说增长,https://www.xiaohongshu.com/user/profile/63747e9d000000001f017e8c?channel_type=web_search_result_notes&parent_page_channel_type=web_profile_board&xsec_token=ABavoqEjXfLkCUmM88WwIlHFtnHLp0wesYCaVl3w30pTg=&xsec_source=pc_search,2023-02-21,2,https://www.xiaohongshu.com/search_result/63f477dc000000001402529c?xsec_token=ABnJ3wvdqofImtrUq2r_rj9vwMUVXNmhBfslyp2Bkp2Jo=&xsec_source=,https://sns-webpic-qc.xhscdn.com/202512072116/f1265fabc399dbfe298a3bd078bca912/spectrum/1000g0k0231n9gaafo0005orkfqenqvkcdfetd6g!nc_n_webp_mw_1
瑞幸 活动,#瑞幸真的是每周有活动,https://www.xiaohongshu.com/search_result?keyword=%25E7%2591%259E%25E5%25B9%25B8%2520%25E6%25B4%25BB%25E5%258A%25A8&source=unknown,伊～,https://www.xiaohongshu.com/user/profile/5c56c3b40000000018008251?channel_type=web_search_result_notes&parent_page_channel_type=web_profile_board&xsec_token=ABf01N6OYpBJLcK7sQasRBou9uegnV7q_YAnOZ_EkZdLY=&xsec_source=pc_search,2023-06-11,1,https://www.xiaohongshu.com/search_result/6485b18c000000001303281e?xsec_token=ABCqZJ5pWT7IvNaQE8uElH4jzma6CPDdsqA3SoFBvnqD8=&xsec_source=,https://sns-webpic-qc.xhscdn.com/202512072116/1ad9fe7dc299940211363d84f49e8c0d/1000g0082kp0lhfqja06g5n2moeq610iht4gokt8!nc_n_webp_mw_1
瑞幸 活动,啊啊啊！瑞幸✖️疯狂动物城联名贴纸太好看,https://www.xiaohongshu.com/search_result?keyword=%25E7%2591%259E%25E5%25B9%25B8%2520%25E6%25B4%25BB%25E5%258A%25A8&source=unknown,自律生活家Mandy,https://www.xiaohongshu.com/user/profile/67cebe0a000000000e010e78?channel_type=web_search_result_notes&parent_page_channel_type=web_profile_board&xsec_token=ABMk4apRVrUNhPbD1zIjBBxGJ2OBJLnXCYDdzpZTpNyM0=&xsec_source=pc_search,11-17,12,https://www.xiaohongshu.com/search_result/691b1128000000001b021866?xsec_token=ABPZBSkkRktkc3ERAEUTCMOJcyqOnQ7-108K_NOONwhuM=&xsec_source=,https://sns-webpic-qc.xhscdn.com/202512072116/e3c3203957c3fe449d2f80b5c10ab473/spectrum/1040g0k031p03i7dr2a005pueno53i3jo7guuug0!nc_n_webp_mw_1
瑞幸 活动,📖☕💻✍️study with me在瑞幸高效学习的一天,https://www.xiaohongshu.com/search_result?keyword=%25E7%2591%259E%25E5%25B9%25B8%2520%25E6%25B4%25BB%25E5%258A%25A8&source=unknown,青崽不吃葱,https://www.xiaohongshu.com/user/profile/566d78e403eb84030ceaa6c4?channel_type=web_search_result_notes&parent_page_channel_type=web_profile_board&xsec_token=ABxmk7CiC-mLQEkqLTLW5OAJF4lLow1VDlLAT-k70Y908=&xsec_source=pc_search,6天前,1107,https://www.xiaohongshu.com/search_result/692d3532000000001f0065bc?xsec_token=ABOdQbz9-xhya0iQXPjlFQoXilqc_0TwNNk73ToQIO_sA=&xsec_source=,https://sns-webpic-qc.xhscdn.com/202512072116/52f412cce5999667ad6bc7e76fe6ff44/notes_pre_post/1040g3k031phqtfc1kk70445hk0se99m4s11ndk0!nc_n_webp_mw_1
瑞幸 活动,瑞幸崩铁南京快闪活动攻略！,https://www.xiaohongshu.com/search_result?keyword=%25E7%2591%259E%25E5%25B9%25B8%2520%25E6%25B4%25BB%25E5%258A%25A8&source=unknown,Ichigo犬,https://www.xiaohongshu.com/user/profile/6789761b000000000a03daf8?channel_type=web_search_result_notes&parent_page_channel_type=web_profile_board&xsec_token=ABe3w-rst-7lSue4J5Nzs0Xyux-u2qklBa8CekFJZ8MUE=&xsec_source=pc_search,09-20,189,https://www.xiaohongshu.com/search_result/68cd2827000000000e021e8a?xsec_token=ABev3bqk9Z-2D79_atWdOG9GVEdfA6nldWPMaoRj8zqlo=&xsec_source=,https://sns-webpic-qc.xhscdn.com/202512072116/b32e2952781c43519131767a7973e9d3/notes_pre_post/1040g3k031mjt98t85m405ps9eodinmnocp7n5e8!nc_n_webp_mw_1
瑞幸 活动,瑞幸被曝克扣员工工时：每天白干3小时,https://www.xiaohongshu.com/search_result?keyword=%25E7%2591%259E%25E5%25B9%25B8%2520%25E6%25B4%25BB%25E5%258A%25A8&source=unknown,大厂电报,https://www.xiaohongshu.com/user/profile/67f8fd81000000000e010b43?channel_type=web_search_result_notes&parent_page_channel_type=web_profile_board&xsec_token=ABpMkbRVvW9YecB4PvjwX8zWFCtn0ZYBFgui_CfdhDkZE=&xsec_source=pc_search,3天前,497,https://www.xiaohongshu.com/search_result/6930dd2b000000000d03d2b0?xsec_token=AB19SE94c2iF840OmiUHBnRJ262cuzjBI_ZVf2Zw-tVj0=&xsec_source=,https://sns-webpic-qc.xhscdn.com/202512072116/bbb6ca5ae17e308fc4a45ead73161f22/1040g00831pld372k4m205pvovm0ji2q3ggb2h6o!nc_n_webp_mw_1
瑞幸 活动,库迪小宝盒，嗯~有点懵，这是？,https://www.xiaohongshu.com/search_result?keyword=%25E7%2591%259E%25E5%25B9%25B8%2520%25E6%25B4%25BB%25E5%258A%25A8&source=unknown,伊寒云翔,https://www.xiaohongshu.com/user/profile/601f9ad2000000000100a470?channel_type=web_search_result_notes&parent_page_channel_type=web_profile_board&xsec_token=ABg-r2glm6TpOtmGMQryJAWrwgHt8ERIJVJmRTf1_75OE=&xsec_source=pc_search,7小时前,4,https://www.xiaohongshu.com/search_result/6935148e00000000190268dc?xsec_token=ABKzGgyCeO6xZvhIkBrU5A49yFiSMZonfDdjSXl_Ec5PE=&xsec_source=,https://sns-webpic-qc.xhscdn.com/202512072116/6b2e33790f06679b481eab38855b81c5/notes_pre_post/1040g3k031ppg246l5a405o0vjb90993g262tu88!nc_n_webp_mw_1
瑞幸 活动,,https://www.xiaohongshu.com/search_result?keyword=%25E7%2591%259E%25E5%25B9%25B8%2520%25E6%25B4%25BB%25E5%258A%25A8&source=unknown,大厂小熊饼干,https://www.xiaohongshu.com/user/profile/5d19d6eb000000001100e8ca?channel_type=web_search_result_notes&parent_page_channel_type=web_profile_board&xsec_token=ABUAfpCWq4bTS2NtrSRT10vT4abyd5_ghAAkT_Q9GuoUg=&xsec_source=pc_search,3天前,294,https://www.xiaohongshu.com/search_result/6930fd65000000001e024cff?xsec_token=AB19SE94c2iF840OmiUHBnREA830mBcrLYi8gUeJPIIH0=&xsec_source=,https://sns-webpic-qc.xhscdn.com/202512072116/cf607afe30f3408b6740fd2d018c8d4f/1040g2sg31pktktil4u805n8pqrlk9q6ad8fjc38!nc_n_webp_mw_1
瑞幸 活动,瑞幸最该下架的饮品,https://www.xiaohongshu.com/search_result?keyword=%25E7%2591%259E%25E5%25B9%25B8%2520%25E6%25B4%25BB%25E5%258A%25A8&source=unknown,爱喝咖啡的丹,https://www.xiaohongshu.com/user/profile/66cbfea8000000001d022d53?channel_type=web_search_result_notes&parent_page_channel_type=web_profile_board&xsec_token=ABPlk_ZPv6xLx6j1t1opXBIhznS0LKu1LHbtKci5asdno=&xsec_source=pc_search,2天前,373,https://www.xiaohongshu.com/search_result/6932b354000000001b020891?xsec_token=ABojgMZroluhB5yqYqIL_OAzp8zvaaKBRTW9mnImmAmzM=&xsec_source=,https://sns-webpic-qc.xhscdn.com/202512072116/b49bd3acebf34520eaafc2ab6a802b60/1040g00831pn6jfso4g0g5pmbvqk7cbajmimucvg!nc_n_webp_mw_1
瑞幸 活动,折腾一周给自己买杯瑞幸,https://www.xiaohongshu.com/search_result?keyword=%25E7%2591%259E%25E5%25B9%25B8%2520%25E6%25B4%25BB%25E5%258A%25A8&source=unknown,略略略,https://www.xiaohongshu.com/user/profile/5d90ba7100000000010005f0?channel_type=web_search_result_notes&parent_page_channel_type=web_profile_board&xsec_token=AB32j---SCtxs5CPqpPL5S-5HvQr55avmWiePJS7JHrpc=&xsec_source=pc_search,1天前,赞,https://www.xiaohongshu.com/search_result/6932df9a000000000d00eab5?xsec_token=ABojgMZroluhB5yqYqIL_OA6IZccd7S9yC53z83zdB3ok=&xsec_source=,https://sns-webpic-qc.xhscdn.com/202512072116/40d80f4c60c61110d7bd5ffa365bc6fc/notes_pre_post/1040g3k831pnc0r2jkudg5ncgn9og81fgsqel8cg!nc_n_webp_mw_1
瑞幸 活动,打工人连单续命💸美团咖啡我全款拿下,https://www.xiaohongshu.com/search_result?keyword=%25E7%2591%259E%25E5%25B9%25B8%2520%25E6%25B4%25BB%25E5%258A%25A8&source=unknown,爆富小甜豆,https://www.xiaohongshu.com/user/profile/69036a9a000000003702cb96?channel_type=web_search_result_notes&parent_page_channel_type=web_profile_board&xsec_token=ABcKOZQKY-BOujjIdHZMoG4-WuNlvfXX7kj3CWxNshpVY=&xsec_source=pc_search,5天前,20,https://www.xiaohongshu.com/search_result/692e51c0000000001e032f1a?xsec_token=AB8lKgRFdsiVpTdLKPFyUV9ohSkVm7luongdH0M-CgMzo=&xsec_source=,https://sns-webpic-qc.xhscdn.com/202512072116/7dfd69cb61f3ab95c13e197d95632d3f/notes_pre_post/1040g3k031pitckm14o6g5q83daddtismplijpjo!nc_n_webp_mw_1
瑞幸 活动,谁懂啊！瑞幸新周边把冰美式焊在手机上了✨,https://www.xiaohongshu.com/search_result?keyword=%25E7%2591%259E%25E5%25B9%25B8%2520%25E6%25B4%25BB%25E5%258A%25A8&source=unknown,吃可爱多长大的圆仔,https://www.xiaohongshu.com/user/profile/56ba91d76a6a69142cc32e2d?channel_type=web_search_result_notes&parent_page_channel_type=web_profile_board&xsec_token=ABgbfuFey8oZbKZ45LrhoVmqrfprgxg7TeO_uq1v41SHM=&xsec_source=pc_search,11-30,35,https://www.xiaohongshu.com/search_result/692bd261000000001f00b9b6?xsec_token=ABW3qJGtMNvx_ocROMkeY5lYw0qjs1jeUyIYkvTQkAg8M=&xsec_source=,https://sns-webpic-qc.xhscdn.com/202512072116/0150e0620c58e429637142335f32bcb8/notes_pre_post/1040g3k831pgfksaijc0045h8pe8tebhd4cohn70!nc_n_webp_mw_1
瑞幸 活动,清华北体新开Tims!,https://www.xiaohongshu.com/search_result?keyword=%25E7%2591%259E%25E5%25B9%25B8%2520%25E6%25B4%25BB%25E5%258A%25A8&source=unknown,是小露lulu呀,https://www.xiaohongshu.com/user/profile/5b555beee8ac2b77e2970ff6?channel_type=web_search_result_notes&parent_page_channel_type=web_profile_board&xsec_token=ABD082Gbm7ancud_APdunSdDrTGxpKWS3X5ZEzgDlQBZk=&xsec_source=pc_search,1天前,15,https://www.xiaohongshu.com/search_result/6933e791000000001d03a7ab?xsec_token=ABzMrTckGbLYZmuBKZ2_CW2URVHrZqST3dS3Yw74PczeE=&xsec_source=,https://sns-webpic-qc.xhscdn.com/202512072116/5a0cf62e6fa317eaca60daabd18520cc/notes_pre_post/1040g3k831poc81ckl4704a7durdus3vm8q19o1o!nc_n_webp_mw_1
瑞幸 活动,宝子们心中瑞幸最绝的是那杯？,https://www.xiaohongshu.com/search_result?keyword=%25E7%2591%259E%25E5%25B9%25B8%2520%25E6%25B4%25BB%25E5%258A%25A8&source=unknown,破点思维浪子,https://www.xiaohongshu.com/user/profile/610282c50000000001014a61?channel_type=web_search_result_notes&parent_page_channel_type=web_profile_board&xsec_token=ABhXIKQGlrXKZEGijJZGWPlojlBL7TbuNQM9snZssWK6w=&xsec_source=pc_search,2天前,赞,https://www.xiaohongshu.com/search_result/693249ad000000001f004992?xsec_token=ABojgMZroluhB5yqYqIL_OA605kJF7yygd7DDbr_GCT6Q=&xsec_source=,https://sns-webpic-qc.xhscdn.com/202512072116/4e64a6201880ad781f034196f1072a08/notes_pre_post/1040g3k831pmpnjumkkd05o82gb2gaij1cqph53g!nc_n_webp_mw_1
瑞幸 活动,瑞幸咖啡好热闹啊,https://www.xiaohongshu.com/search_result?keyword=%25E7%2591%259E%25E5%25B9%25B8%2520%25E6%25B4%25BB%25E5%258A%25A8&source=unknown,小鹿听你说,https://www.xiaohongshu.com/user/profile/692e72fe000000003201d390?channel_type=web_search_result_notes&parent_page_channel_type=web_profile_board&xsec_token=AB8lKgRFdsiVpTdLKPFyUV9haHaJXh65-bb9_5VLFcj5o=&xsec_source=pc_search,3天前,32,https://www.xiaohongshu.com/search_result/6930d548000000001e024681?xsec_token=AB19SE94c2iF840OmiUHBnRE_yx-3YabmYxFWtITE3tKs=&xsec_source=,https://sns-webpic-qc.xhscdn.com/202512072116/57db0ec58327f92918a839364afa3df3/notes_pre_post/1040g3k031plc7qut4u005q9eebvcjksgct7fcgo!nc_n_webp_mw_1
瑞幸 活动,瑞幸惊喜盒子,https://www.xiaohongshu.com/search_result?keyword=%25E7%2591%259E%25E5%25B9%25B8%2520%25E6%25B4%25BB%25E5%258A%25A8&source=unknown,nono,https://www.xiaohongshu.com/user/profile/619f3466000000002102abe3?channel_type=web_search_result_notes&parent_page_channel_type=web_profile_board&xsec_token=ABsc1PD06sZmdCJPlfMQnAdHeJoTgT4W7A5-UJ1kRBxig=&xsec_source=pc_search,5天前,43,https://www.xiaohongshu.com/search_result/692ddaf0000000001b0324b4?xsec_token=ABOdQbz9-xhya0iQXPjlFQoVpm1KigGrosC6qM-gvpAPY=&xsec_source=,https://sns-webpic-qc.xhscdn.com/202512072116/044cbc14e5b8ac7fc12ea8acf37fef66/notes_pre_post/1040g3k031pif5caekg005ocv6hj8dav3lvjppa0!nc_n_webp_mw_1
瑞幸 活动,瑞幸最好喝的抹茶出现了,https://www.xiaohongshu.com/search_result?keyword=%25E7%2591%259E%25E5%25B9%25B8%2520%25E6%25B4%25BB%25E5%258A%25A8&source=unknown,嘟囔熊,https://www.xiaohongshu.com/user/profile/5b55be4311be1069ae61764c?channel_type=web_search_result_notes&parent_page_channel_type=web_profile_board&xsec_token=AB37MVCGRFtltE3EJz5hdWms0z2gci76u5Fm3865P6Z4k=&xsec_source=pc_search,2天前,1,https://www.xiaohongshu.com/search_result/693210e1000000001e038622?xsec_token=ABojgMZroluhB5yqYqIL_OA4c-asi3KpbZDv_si_lvyfc=&xsec_source=,https://sns-webpic-qc.xhscdn.com/202512072116/4269daa1ae030dc9ca4e1f4a16ef8fd1/notes_pre_post/1040g3k831pmiaesa4g704a7e2ev46ticl7hs1h8!nc_n_webp_mw_1
瑞幸 活动,感觉瑞幸应该找王天放合作,https://www.xiaohongshu.com/search_result?keyword=%25E7%2591%259E%25E5%25B9%25B8%2520%25E6%25B4%25BB%25E5%258A%25A8&source=unknown,瑞门观察日记,https://www.xiaohongshu.com/user/profile/6497f4130000000025035cea?channel_type=web_search_result_notes&parent_page_channel_type=web_profile_board&xsec_token=ABfMCxnmeDuqde5wr4GN8u9cLny-22a-UstifDgqH9MVY=&xsec_source=pc_search,2天前,170,https://www.xiaohongshu.com/search_result/693287c9000000001e02192f?xsec_token=ABojgMZroluhB5yqYqIL_OA0_n9RnIBWawUEklFrOwQ3w=&xsec_source=,https://sns-webpic-qc.xhscdn.com/202512072116/caff56674b1ba5ce4fe2afa74192b784/spectrum/1040g34o31pn0lbonju205p4nug9pen7ap85hvv8!nc_n_webp_mw_1
瑞幸 活动,（12.5）瑞幸运营事务考试～,https://www.xiaohongshu.com/search_result?keyword=%25E7%2591%259E%25E5%25B9%25B8%2520%25E6%25B4%25BB%25E5%258A%25A8&source=unknown,生椰拿铁多冰去糖,https://www.xiaohongshu.com/user/profile/59e751224eacab6565a31ee5?channel_type=web_search_result_notes&parent_page_channel_type=web_profile_board&xsec_token=ABU2_RPEmSY7RvSFv_GsLQbCbs6n3vCrMLXAS_SeWhWiM=&xsec_source=pc_search,2天前,80,https://www.xiaohongshu.com/search_result/69327bc2000000001d03959d?xsec_token=ABojgMZroluhB5yqYqIL_OA2EAEwKHp6wSYHizLOPBgzg=&xsec_source=,https://sns-webpic-qc.xhscdn.com/202512072116/6cf189c281cd93fdb32a64f316a023f6/1040g2sg31pmvq6qpl0e049ul8h8i47n5lonhlpg!nc_n_webp_mw_1
瑞幸 活动,瑞幸难喝,https://www.xiaohongshu.com/search_result?keyword=%25E7%2591%259E%25E5%25B9%25B8%2520%25E6%25B4%25BB%25E5%258A%25A8&source=unknown,专业活动策划师,https://www.xiaohongshu.com/user/profile/6850c212000000001e03f217?channel_type=web_search_result_notes&parent_page_channel_type=web_profile_board&xsec_token=ABOYIEZhbABlPn0NwDPIohClFKc9jeWbMEBHVbpEi7y7A=&xsec_source=pc_search,2天前,赞,https://www.xiaohongshu.com/search_result/69327661000000001e00fdec?xsec_token=ABojgMZroluhB5yqYqIL_OA0ZUXGfHL-Z5YCQ3OvXjdCk=&xsec_source=,https://sns-webpic-qc.xhscdn.com/202512072116/1b25a69779213788db79a53b9b442422/notes_pre_post/1040g3k031pmv5rdbk06g5q2go897nsgnk8erq88!nc_n_webp_mw_1
瑞幸 活动,瑞幸能不能在这条路上开个点？😭😭,https://www.xiaohongshu.com/search_result?keyword=%25E7%2591%259E%25E5%25B9%25B8%2520%25E6%25B4%25BB%25E5%258A%25A8&source=unknown,螺蛳粉小笼包,https://www.xiaohongshu.com/user/profile/5b14db8f11be102f485655b8?channel_type=web_search_result_notes&parent_page_channel_type=web_profile_board&xsec_token=ABcammncMQZQvfz5WcQpyIfgMXCO1QBN6D3ICFbo-eagc=&xsec_source=pc_search,2天前,赞,https://www.xiaohongshu.com/search_result/69324e15000000001e035d90?xsec_token=ABojgMZroluhB5yqYqIL_OA275ANvw0vGj5XODBMeJF18=&xsec_source=,https://sns-webpic-qc.xhscdn.com/202512072116/d3960ecc9eccf3aa561072af98fb8011/notes_pre_post/1040g3k031pmq7sr2kkdg4a5ttqdouldounbjjn8!nc_n_webp_mw_1
瑞幸 活动,瑞幸兼职十一月工资到账,https://www.xiaohongshu.com/search_result?keyword=%25E7%2591%259E%25E5%25B9%25B8%2520%25E6%25B4%25BB%25E5%258A%25A8&source=unknown,freedom,https://www.xiaohongshu.com/user/profile/5f3690250000000001002cda?channel_type=web_search_result_notes&parent_page_channel_type=web_profile_board&xsec_token=ABHv8WkmrDYdPTcuRtuzJfjVLZ-xYVnKcqO1G4oEu8eJM=&xsec_source=pc_search,2天前,2,https://www.xiaohongshu.com/search_result/6932b0c4000000001e00b9b2?xsec_token=ABojgMZroluhB5yqYqIL_OA2madyWVgOtuN6xlHAyO9LA=&xsec_source=,https://sns-webpic-qc.xhscdn.com/202512072116/352aea7376cd0d2ae72b7b0eb858e27f/1040g00831pn22qsk50605npmi0ig8b6qg24stno!nc_n_webp_mw_1
瑞幸 活动,最新瑞幸牛马笔记来咯🦌,https://www.xiaohongshu.com/search_result?keyword=%25E7%2591%259E%25E5%25B9%25B8%2520%25E6%25B4%25BB%25E5%258A%25A8&source=unknown,若·,https://www.xiaohongshu.com/user/profile/63cd200d0000000026013a4b?channel_type=web_search_result_notes&parent_page_channel_type=web_profile_board&xsec_token=ABi3hiDdmvDz6dtct2Jy7fhoZhOpfCsyz9zjkihdU9Epo=&xsec_source=pc_search,20小时前,425,https://www.xiaohongshu.com/search_result/6932e996000000001e01244a?xsec_token=ABojgMZroluhB5yqYqIL_OAz_gi2MpDahXyXvn2x2pVVU=&xsec_source=,https://sns-webpic-qc.xhscdn.com/202512072116/8c9f41e16a54413011c2fc2191d6c0be/notes_pre_post/1040g3k831pnc3hual4905oud406pieib59hc3m0!nc_n_webp_mw_1
瑞幸 活动,IC社铲一杯活动,https://www.xiaohongshu.com/search_result?keyword=%25E7%2591%259E%25E5%25B9%25B8%2520%25E6%25B4%25BB%25E5%258A%25A8&source=unknown,IC社小野科普,https://www.xiaohongshu.com/user/profile/6874d6c8000000001d0083b8?channel_type=web_search_result_notes&parent_page_channel_type=web_profile_board&xsec_token=ABrwy3s04KB3_6S9VCJQTnlk6pIDayTvDksiyZ71qP9Iw=&xsec_source=pc_search,2天前,赞,https://www.xiaohongshu.com/search_result/693285a0000000001e030ffa?xsec_token=ABojgMZroluhB5yqYqIL_OA4_UfQwGp-hnq7_I85mvGKY=&xsec_source=,https://sns-webpic-qc.xhscdn.com/202512072116/b183a4c11db795f3425a120ccd7add9f/1040g00831pn10t0n4g005q3kqr4790topb4d7jg!nc_n_webp_mw_1
瑞幸 活动,瑞幸为什么不把代言人印袋子上啊？,https://www.xiaohongshu.com/search_result?keyword=%25E7%2591%259E%25E5%25B9%25B8%2520%25E6%25B4%25BB%25E5%258A%25A8&source=unknown,乐意Li,https://www.xiaohongshu.com/user/profile/5b8001655424e200013ff19e?channel_type=web_search_result_notes&parent_page_channel_type=web_profile_board&xsec_token=ABFqxzCGLWu_zpZPLbePqBnpPZuULjoTBchC_54U48cKA=&xsec_source=pc_search,20小时前,70,https://www.xiaohongshu.com/search_result/693277a3000000001e00732a?xsec_token=ABojgMZroluhB5yqYqIL_OA77TG1zEM_cPssEdEFvk0hk=&xsec_source=,https://sns-webpic-qc.xhscdn.com/202512072116/fac3156aa228c676473e418783c0ea96/1040g00831pop9piq54004aj9rb0mbscu8i8vke0!nc_n_webp_mw_1
瑞幸 活动,天津和平遛娃|五大道公园·国家地理探索中心,https://www.xiaohongshu.com/search_result?keyword=%25E7%2591%259E%25E5%25B9%25B8%2520%25E6%25B4%25BB%25E5%258A%25A8&source=unknown,圆头的小豌豆,https://www.xiaohongshu.com/user/profile/6451c6ea000000002a00bc9d?channel_type=web_search_result_notes&parent_page_channel_type=web_profile_board&xsec_token=ABs54nk3qqVoq8dIS0icfWjH8E_8Rb1_gCL2rdnSWPibU=&xsec_source=pc_search,1小时前,7,https://www.xiaohongshu.com/search_result/6935626c000000001f007ebc?xsec_token=ABKzGgyCeO6xZvhIkBrU5A42pmYmGggbVedWnFu7iTK-c=&xsec_source=,https://sns-webpic-qc.xhscdn.com/202512072116/65dd03d1c957e5199fa45ac740ac17c8/1040g2sg31ppoqmcd4ge05p2horlahf4t3cbbv2g!nc_n_webp_mw_1
瑞幸 活动,✈️💳凤凰知音31周年主题航班经济舱小记,https://www.xiaohongshu.com/search_result?keyword=%25E7%2591%259E%25E5%25B9%25B8%2520%25E6%25B4%25BB%25E5%258A%25A8&source=unknown,萨拉赫的法人代表,https://www.xiaohongshu.com/user/profile/63cd1b7300000000260044d5?channel_type=web_search_result_notes&parent_page_channel_type=web_profile_board&xsec_token=ABi3hiDdmvDz6dtct2Jy7fhoQffbAC6reVOCMg4BJlfmM=&xsec_source=pc_search,昨天 21:24,25,https://www.xiaohongshu.com/search_result/69342d28000000001b022ee2?xsec_token=ABWVrbEhJ2q6q1BxoupwZJzPF-z9o4IdzCBx7aDN1XM4k=&xsec_source=,https://sns-webpic-qc.xhscdn.com/202512072116/f9f795c9236f1b9fd02301acd6761726/1040g2sg31pok4en8kke05oud3dppgh6l4mks15o!nc_n_webp_mw_1
瑞幸 活动,原来真的有人可以中啊？！,https://www.xiaohongshu.com/search_result?keyword=%25E7%2591%259E%25E5%25B9%25B8%2520%25E6%25B4%25BB%25E5%258A%25A8&source=unknown,毛儿卷,https://www.xiaohongshu.com/user/profile/5bb884da72a0e30001d8aed5?channel_type=web_search_result_notes&parent_page_channel_type=web_profile_board&xsec_token=ABUQlJW9N-2qEWcP3UEOcrCldOwP3rqK56rw4tBwFaTZs=&xsec_source=pc_search,6天前,819,https://www.xiaohongshu.com/search_result/692d4d3a000000000d035a6b?xsec_token=ABOdQbz9-xhya0iQXPjlFQoWbe_9eBQdIXnKjfeYjJ6sM=&xsec_source=,https://sns-webpic-qc.xhscdn.com/202512072116/15c7dd307dff4229627a63709ec0e4be/notes_pre_post/1040g3k031phttgcdka6g4bb48c2dlbml4anp980!nc_n_webp_mw_1
瑞幸 活动,实用杂货收纳盒diy教程！,https://www.xiaohongshu.com/search_result?keyword=%25E7%2591%259E%25E5%25B9%25B8%2520%25E6%25B4%25BB%25E5%258A%25A8&source=unknown,张张爱拍照📸,https://www.xiaohongshu.com/user/profile/5e3bf6910000000001005f4e?channel_type=web_search_result_notes&parent_page_channel_type=web_profile_board&xsec_token=AB_96PnFc_vfKPma0k_pYOpHPKxOb7u0Znq9ep4gNW6mc=&xsec_source=pc_search,07-25,425,https://www.xiaohongshu.com/search_result/68830122000000001d00e2bf?xsec_token=ABiC-kr2HHnQzw271TKkvf0AGdCdm2wmlaLU09uVBfkz8=&xsec_source=,https://sns-webpic-qc.xhscdn.com/202512072116/60885b41f392611df9a98344af160769/1040g2sg31kbk366e2ue05nhruq8g8nqecb06gn0!nc_n_webp_mw_1
瑞幸 活动,应该是淮安最便宜的游乐场，15r玩一天❗️,https://www.xiaohongshu.com/search_result?keyword=%25E7%2591%259E%25E5%25B9%25B8%2520%25E6%25B4%25BB%25E5%258A%25A8&source=unknown,小小张趣玩记,https://www.xiaohongshu.com/user/profile/5d0c0174000000001100d370?channel_type=web_search_result_notes&parent_page_channel_type=web_profile_board&xsec_token=ABg88zYUGOCCDl_ssA-k0Z9NbDUrUlvHkDZjjJKeAi06s=&xsec_source=pc_search,5天前,35,https://www.xiaohongshu.com/search_result/692dbc2b000000001e0203ea?xsec_token=ABOdQbz9-xhya0iQXPjlFQodpMcUvlFJ1Tu9OycSrfHIU=&xsec_source=,https://sns-webpic-qc.xhscdn.com/202512072116/5c728c4b96f960c2a39de3061c106087/notes_pre_post/1040g3k831pi9hvb7kmcg5n8c05q49krg4frelv8!nc_n_webp_mw_1
瑞幸 活动,下一单带走免费商拼多多活动是真的吗？,https://www.xiaohongshu.com/search_result?keyword=%25E7%2591%259E%25E5%25B9%25B8%2520%25E6%25B4%25BB%25E5%258A%25A8&source=unknown,织梦,https://www.xiaohongshu.com/user/profile/5ec37cec0000000001007019?channel_type=web_search_result_notes&parent_page_channel_type=web_profile_board&xsec_token=ABm0Z-cs1OXPpDdZgq47ncGy8HUm4AR5nu0IjoKMbe9OE=&xsec_source=pc_search,2天前,赞,https://www.xiaohongshu.com/search_result/69326110000000001b031a1f?xsec_token=ABojgMZroluhB5yqYqIL_OA9UZOpFNJ8zxMJy1mPc8E30=&xsec_source=,https://sns-webpic-qc.xhscdn.com/202512072116/9651593dd0ee507a27202012e57830b8/1040g00831pmsgoiqku5g5nm3fjm08s0phq3ts1o!nc_n_webp_mw_1
瑞幸 活动,瑞幸你没事吧？为什么被骂居然还能有后续,https://www.xiaohongshu.com/search_result?keyword=%25E7%2591%259E%25E5%25B9%25B8%2520%25E6%25B4%25BB%25E5%258A%25A8&source=unknown,来点音药,https://www.xiaohongshu.com/user/profile/599acec46f02d65c474e6202?channel_type=web_search_result_notes&parent_page_channel_type=web_profile_board&xsec_token=AB3E3H9S7DUK6uKYogidMkMq85wCEqDrV5m9Lw98FPiyA=&xsec_source=pc_search,11-13,690,https://www.xiaohongshu.com/search_result/69083391000000000302f13f?xsec_token=AB2-uygwjKNoCVcNssb3j_TUYWfJbRHU2hk60CjdujPf8=&xsec_source=,https://sns-webpic-qc.xhscdn.com/202512072116/f42ce12372161d13eb138543b3859de2/notes_pre_post/1040g3k031odm65i5mg0049ofja7c8og2uaphub0!nc_n_webp_mw_1
瑞幸 活动,ibox 祺贵人全民活动,https://www.xiaohongshu.com/search_result?keyword=%25E7%2591%259E%25E5%25B9%25B8%2520%25E6%25B4%25BB%25E5%258A%25A8&source=unknown,ibox布道者韭哥,https://www.xiaohongshu.com/user/profile/6153d3dc000000000201fb68?channel_type=web_search_result_notes&parent_page_channel_type=web_profile_board&xsec_token=ABDqKBxziYji_6ZDVRDswn2MAi185HJ1Z-4szFe5XwHSQ=&xsec_source=pc_search,7小时前,3,https://www.xiaohongshu.com/search_result/69351bba000000001e00cb8d?xsec_token=ABKzGgyCeO6xZvhIkBrU5A40-x2xntDUOuiWjGljspHyE=&xsec_source=,https://sns-webpic-qc.xhscdn.com/202512072116/36a4f47c434cf522049795dcd497c4ce/notes_pre_post/1040g3k831pphgk55jq605oajqfe0jur87eq3640!nc_n_webp_mw_1
瑞幸 活动,🇲🇾🇨🇳广州甜品 · 宵夜篇 ✨,https://www.xiaohongshu.com/search_result?keyword=%25E7%2591%259E%25E5%25B9%25B8%2520%25E6%25B4%25BB%25E5%258A%25A8&source=unknown,珍奶全糖全冰,https://www.xiaohongshu.com/user/profile/63007913000000001200083b?channel_type=web_search_result_notes&parent_page_channel_type=web_profile_board&xsec_token=AB9_1PI0SfAMVkn9iWr28jq6bCY_ViH3Eabc6Dkp9W6xQ=&xsec_source=pc_search,1小时前,3,https://www.xiaohongshu.com/search_result/69356fb6000000001d03c192?xsec_token=ABKzGgyCeO6xZvhIkBrU5A482W10vCG9ByOpVJoUisJ08=&xsec_source=,https://sns-webpic-qc.xhscdn.com/202512072116/743ecc6ab94fd54cc9ae336df5faab99/notes_pre_post/1040g3k831pps2i79k0405oo0f49kg21r5496u2g!nc_n_webp_mw_1
瑞幸 活动,🔮五小只瑞幸频率,https://www.xiaohongshu.com/search_result?keyword=%25E7%2591%259E%25E5%25B9%25B8%2520%25E6%25B4%25BB%25E5%258A%25A8&source=unknown,一般路过小企鹅,https://www.xiaohongshu.com/user/profile/68e3854d000000003801fbd8?channel_type=web_search_result_notes&parent_page_channel_type=web_profile_board&xsec_token=ABRfZwiGwqqBSVjCIJ0_x0LEftBhECSt1pXsPQwgFrlVg=&xsec_source=pc_search,1小时前,18,https://www.xiaohongshu.com/search_result/693564f6000000001e00874e?xsec_token=ABKzGgyCeO6xZvhIkBrU5A4x_h8YcJ6VwPobJQCIttFJQ=&xsec_source=,https://sns-webpic-qc.xhscdn.com/202512072116/e00135eb0966bf0facef9bb37092e378/notes_pre_post/1040g3k831ppqq74j54005q73gl6u3uuoptc24lo!nc_n_webp_mw_1
瑞幸 活动,最近有个公司高管在追求我,https://www.xiaohongshu.com/search_result?keyword=%25E7%2591%259E%25E5%25B9%25B8%2520%25E6%25B4%25BB%25E5%258A%25A8&source=unknown,唐佬2,https://www.xiaohongshu.com/user/profile/610bbee6000000002002b965?channel_type=web_search_result_notes&parent_page_channel_type=web_profile_board&xsec_token=AB404pnbFC62Dj9uyyD5zZqaE7nACCWiewrJWswbc4GcE=&xsec_source=pc_search,2天前,2,https://www.xiaohongshu.com/search_result/6932c7f2000000001d03bc16?xsec_token=ABojgMZroluhB5yqYqIL_OA3LjrrdKP2ll3FytXj-gN-w=&xsec_source=,https://sns-webpic-qc.xhscdn.com/202512072116/f1aaf3c19da83d0407b81f6dc45f59c1/notes_pre_post/1040g3k031pn8s6fmjq005o8bnrj85eb5hktfqi0!nc_n_webp_mw_1
瑞幸 活动,🎁12月宠粉丨揪100人喝咖啡🫶,https://www.xiaohongshu.com/search_result?keyword=%25E7%2591%259E%25E5%25B9%25B8%2520%25E6%25B4%25BB%25E5%258A%25A8&source=unknown,哈啰,https://www.xiaohongshu.com/user/profile/5e4bd4700000000001005c85?channel_type=web_search_result_notes&parent_page_channel_type=web_profile_board&xsec_token=AB7PGDEnAu5lQYGUUq2d7qZwSUIC-RsmZ02A_yZxyo3oM=&xsec_source=pc_search,6天前,1145,https://www.xiaohongshu.com/search_result/692d3a380000000019027adf?xsec_token=ABOdQbz9-xhya0iQXPjlFQodQ8IrxxJjECZR167na9lbA=&xsec_source=,https://sns-webpic-qc.xhscdn.com/202512072116/f8e91e94d40c968d1c5d92f0ce670ead/1040g00831phrek894a005nibqho08n454c46h9o!nc_n_webp_mw_1
瑞幸 活动,恭喜中奖啦～瑞幸惊喜盒子～,https://www.xiaohongshu.com/search_result?keyword=%25E7%2591%259E%25E5%25B9%25B8%2520%25E6%25B4%25BB%25E5%258A%25A8&source=unknown,玺爱1128FJY,https://www.xiaohongshu.com/user/profile/61124c1e00000000010077a6?channel_type=web_search_result_notes&parent_page_channel_type=web_profile_board&xsec_token=ABTBSs2we9ZtNrwxi4nkz7sVvtOskciYLh7-ahI-P9J3o=&xsec_source=pc_search,5天前,34,https://www.xiaohongshu.com/search_result/692e32d5000000001e029d45?xsec_token=AB8lKgRFdsiVpTdLKPFyUV9oJaopPCLI3NV44b9uxAMwo=&xsec_source=,https://sns-webpic-qc.xhscdn.com/202512072116/57387dfe15b1331b3377e45149144511/notes_pre_post/1040g3k831pipsubm4mdg5o8i9gf08tt64hl76a8!nc_n_webp_mw_1
瑞幸 活动,报❗瑞幸咖啡❌小黄人联名来啦❗,https://www.xiaohongshu.com/search_result?keyword=%25E7%2591%259E%25E5%25B9%25B8%2520%25E6%25B4%25BB%25E5%258A%25A8&source=unknown,小小包里有东西（资讯版）,https://www.xiaohongshu.com/user/profile/626e1a1600000000210275d8?channel_type=web_search_result_notes&parent_page_channel_type=web_profile_board&xsec_token=ABJ2sRDAsfkK7sDy7e51eyjnaeyhlu-rvyfEI45fsUEyc=&xsec_source=pc_search,2天前,12,https://www.xiaohongshu.com/search_result/6931961a000000001b0205f8?xsec_token=ABp_RmYKeT3AG72g3U8f6UuQ6a9wFkSVMqyFZYMbDRQfw=&xsec_source=,https://sns-webpic-qc.xhscdn.com/202512072116/f9b86ba38c0b7c13103d3817dfb89005/spectrum/1040g34o31pm3mk7o4s0g5oje38b8cteot0oqfjo!nc_n_webp_mw_1
瑞幸 活动,块块！！去捡瑞幸贝果0.01！热乎的 ！！,https://www.xiaohongshu.com/search_result?keyword=%25E7%2591%259E%25E5%25B9%25B8%2520%25E6%25B4%25BB%25E5%258A%25A8&source=unknown,小渝干,https://www.xiaohongshu.com/user/profile/64d719fc000000000200dac9?channel_type=web_search_result_notes&parent_page_channel_type=web_profile_board&xsec_token=ABaMImvWXIVA3HpLznkWutm-bfR8DpMEUXwE_pRzg9-JI=&xsec_source=pc_search,11-15,88,https://www.xiaohongshu.com/search_result/6917f9670000000007014494?xsec_token=ABMMJGGQb_uIkhe9fMcas3TBzreZl90JWg7a88UC7tPNs=&xsec_source=,https://sns-webpic-qc.xhscdn.com/202512072116/d8ff1624f8234fe58c6cf27671c3f6a8/1040g2sg31ot3dmqk14k05p6n37u0hmm9h2gf6po!nc_n_webp_mw_1
瑞幸 活动,今天的奶茶免单了吗？,https://www.xiaohongshu.com/search_result?keyword=%25E7%2591%259E%25E5%25B9%25B8%2520%25E6%25B4%25BB%25E5%258A%25A8&source=unknown,喜宝攻略,https://www.xiaohongshu.com/user/profile/6825b17d000000000801407d?channel_type=web_search_result_notes&parent_page_channel_type=web_profile_board&xsec_token=ABZ59CBksXDj04WVXIfkgpWtXervvgVgz8gelKEswjFsU=&xsec_source=pc_search,4天前,5,https://www.xiaohongshu.com/search_result/692f8bff000000001e024984?xsec_token=ABGuGFIFvexu6PyktFbeJY_QUQPvDrrGTQkIIc2WeD7YA=&xsec_source=,https://sns-webpic-qc.xhscdn.com/202512072116/1f12f015e6606f45e6334fe45bd1dfb9/notes_pre_post/1040g3k031pk42jdekm6g5q15m5ui2g3trh8sgg8!nc_n_webp_mw_1
瑞幸 活动,支付宝新活动！4元拿下瑞幸杨枝甘露！！,https://www.xiaohongshu.com/search_result?keyword=%25E7%2591%259E%25E5%25B9%25B8%2520%25E6%25B4%25BB%25E5%258A%25A8&source=unknown,外卖省钱攻略咨询（麦卖）,https://www.xiaohongshu.com/user/profile/65228cb4000000002b00136e?channel_type=web_search_result_notes&parent_page_channel_type=web_profile_board&xsec_token=ABTVyFbDsLEPguleUSEKZPY_JNxAS5ysRJwKHXnAKSpOQ=&xsec_source=pc_search,11-20,154,https://www.xiaohongshu.com/search_result/691c0be1000000001e03552b?xsec_token=ABaIOkv7CL8grjtpMONeQ-btd2AtDz4f1w1UxLQ6vdUf4=&xsec_source=,https://sns-webpic-qc.xhscdn.com/202512072116/ca335261d660b8f1cacec94dbe5d1b3e/1040g2sg31p0rpg0v2g3g5p92hiqao4rehu6m8j0!nc_n_webp_mw_1
瑞幸 活动,刷到都去领,https://www.xiaohongshu.com/search_result?keyword=%25E7%2591%259E%25E5%25B9%25B8%2520%25E6%25B4%25BB%25E5%258A%25A8&source=unknown,小馨的极简生活,https://www.xiaohongshu.com/user/profile/596ec1a650c4b4271d9298cd?channel_type=web_search_result_notes&parent_page_channel_type=web_profile_board&xsec_token=AB8fR5LxtXVUbzQWFOA5ND9rx04zFUUGmASnTYN2OY8Ow=&xsec_source=pc_search,6天前,140,https://www.xiaohongshu.com/search_result/692ce5c2000000001e021930?xsec_token=ABgHzAqbQr_eApO0YrXI4s2zgE0agdmafhCDwUIUtu5cg=&xsec_source=,https://sns-webpic-qc.xhscdn.com/202512072116/7a65a3b6588f716c5125ce91eb3b6344/notes_pre_post/1040g3k031phh8l0bis6g49mcgm0qd66dk64s3l8!nc_n_webp_mw_1
瑞幸 活动,瑞幸联名！疯狂动物城2,https://www.xiaohongshu.com/search_result?keyword=%25E7%2591%259E%25E5%25B9%25B8%2520%25E6%25B4%25BB%25E5%258A%25A8&source=unknown,惺写强局蔚率,https://www.xiaohongshu.com/user/profile/66ed1f1a000000001d021a5c?channel_type=web_search_result_notes&parent_page_channel_type=web_profile_board&xsec_token=ABe11LNUAdXle9pjjlAY82rt04w4wvEuLGRR6XbMik7So=&xsec_source=pc_search,3天前,5,https://www.xiaohongshu.com/search_result/69315c2b000000001e001055?xsec_token=ABp_RmYKeT3AG72g3U8f6UuYMjwyxitRzLK8hdWq_kDFM=&xsec_source=,https://sns-webpic-qc.xhscdn.com/202512072116/e91975513b69d08f6a4a6a94a403aa0c/notes_pre_post/1040g3k031plpqttlks2g5pnd3sd7c6isokpkuvo!nc_n_webp_mw_1
瑞幸 活动,,https://www.xiaohongshu.com/search_result?keyword=%25E7%2591%259E%25E5%25B9%25B8%2520%25E6%25B4%25BB%25E5%258A%25A8&source=unknown,你在搞什么,https://www.xiaohongshu.com/user/profile/6486f3cf000000001100244d?channel_type=web_search_result_notes&parent_page_channel_type=web_profile_board&xsec_token=ABkHdowhLqMO93gSGfc1QoomhLn2Mv45OvBMCPpdDxWuQ=&xsec_source=pc_search,3天前,3,https://www.xiaohongshu.com/search_result/69317563000000001d03eeb4?xsec_token=ABp_RmYKeT3AG72g3U8f6UuWh2M9DiqA4Di1zWEZRjjcM=&xsec_source=,https://sns-webpic-qc.xhscdn.com/202512072116/bc3d10d3e3279cab4f1ad2ab588063a5/1040g00831plul9jr3u1g5p46uf7k892d117kiu8!nc_n_webp_mw_1
瑞幸 活动,联名周边,https://www.xiaohongshu.com/search_result?keyword=%25E7%2591%259E%25E5%25B9%25B8%2520%25E6%25B4%25BB%25E5%258A%25A8&source=unknown,白周范爱飞行🍳,https://www.xiaohongshu.com/user/profile/64a801210000000014034d29?channel_type=web_search_result_notes&parent_page_channel_type=web_profile_board&xsec_token=ABb2VEBai4ha4GfVE0dRFPTfhy-OZndvZjvpOI62sdHhk=&xsec_source=pc_search,1天前,2,https://www.xiaohongshu.com/search_result/6932e88b000000001e03a7c6?xsec_token=ABojgMZroluhB5yqYqIL_OA-7MvuaLYchr2ikazFolQSQ=&xsec_source=,https://sns-webpic-qc.xhscdn.com/202512072116/441114872d4afa5926295809ffea0e78/1040g00831pn99llhkgr05p5804gl6j99ih7r6dg!nc_n_webp_mw_1
瑞幸 活动,瑞幸芝士贝果  又开始了  素去！！！,https://www.xiaohongshu.com/search_result?keyword=%25E7%2591%259E%25E5%25B9%25B8%2520%25E6%25B4%25BB%25E5%258A%25A8&source=unknown,肉多多,https://www.xiaohongshu.com/user/profile/5e2f8b14000000000100aa8c?channel_type=web_search_result_notes&parent_page_channel_type=web_profile_board&xsec_token=AB5ujqKTOR_gLZ5RGAf5EqJAvEu5G0PKCcrLWMtdnpOPU=&xsec_source=pc_search,6小时前,38,https://www.xiaohongshu.com/search_result/692d5da6000000001f0080a9?xsec_token=ABOdQbz9-xhya0iQXPjlFQoVsKXzlLRDH384x-cLrphd0=&xsec_source=,https://sns-webpic-qc.xhscdn.com/202512072116/b4e92784c6dd49f16435911cad9e090d/notes_pre_post/1040g3k031phvptm9kg005nhfhca09akc5l2d2eg!nc_n_webp_mw_1
瑞幸 活动,招行app12月活动,https://www.xiaohongshu.com/search_result?keyword=%25E7%2591%259E%25E5%25B9%25B8%2520%25E6%25B4%25BB%25E5%258A%25A8&source=unknown,不吃香菜,https://www.xiaohongshu.com/user/profile/5ac8aef84eacab51ca2d662d?channel_type=web_search_result_notes&parent_page_channel_type=web_profile_board&xsec_token=ABaNws6ZgR0e-hUhT_X4vQRjas1p-zndGaF112Ekny70o=&xsec_source=pc_search,6天前,20,https://www.xiaohongshu.com/search_result/692d5d21000000000d0341a2?xsec_token=ABOdQbz9-xhya0iQXPjlFQoT9mpN2Xn0qW7SlT-mTIseQ=&xsec_source=,https://sns-webpic-qc.xhscdn.com/202512072116/bc0a49adceb381b0c4d81339077edaa4/notes_pre_post/1040g3k031phvo3bvkg004a4bkunfgphd1smu368!nc_n_webp_mw_1
瑞幸 活动,瑞幸蔓越莓贝果  又开始了  素去！！！,https://www.xiaohongshu.com/search_result?keyword=%25E7%2591%259E%25E5%25B9%25B8%2520%25E6%25B4%25BB%25E5%258A%25A8&source=unknown,肉多多,https://www.xiaohongshu.com/user/profile/5e2f8b14000000000100aa8c?channel_type=web_search_result_notes&parent_page_channel_type=web_profile_board&xsec_token=AB5ujqKTOR_gLZ5RGAf5EqJAvEu5G0PKCcrLWMtdnpOPU=&xsec_source=pc_search,6小时前,23,https://www.xiaohongshu.com/search_result/692ffafb000000001e02a21b?xsec_token=ABGuGFIFvexu6PyktFbeJY_Rg-VruNvkyfSZPTv0AG0pQ=&xsec_source=,https://sns-webpic-qc.xhscdn.com/202512072116/7ff91e606035bb57c80c70489916135e/notes_pre_post/1040g3k831pkhiil5ka705nhfhca09akc5tsmv08!nc_n_webp_mw_1
瑞幸 活动,12🈷️惊喜第二弹抽中了瑞幸0元兑换券🎉,https://www.xiaohongshu.com/search_result?keyword=%25E7%2591%259E%25E5%25B9%25B8%2520%25E6%25B4%25BB%25E5%258A%25A8&source=unknown,Kevin Sai,https://www.xiaohongshu.com/user/profile/68101a4f000000000601c857?channel_type=web_search_result_notes&parent_page_channel_type=web_profile_board&xsec_token=ABBZdd1CcH3GMc_3nvBWMCcsOEV-ABIHEZcJKaCNo2Oiw=&xsec_source=pc_search,6天前,20,https://www.xiaohongshu.com/search_result/692ceb28000000001f00d3d2?xsec_token=ABgHzAqbQr_eApO0YrXI4s29SxedzP4o347fbeE6P-wA0=&xsec_source=,https://sns-webpic-qc.xhscdn.com/202512072116/bd6fea0ebc4232bbe9f036f15c69ef96/1040g00831phhq52kis005q0g397hji2n8jha430!nc_n_webp_mw_1
瑞幸 活动,谁懂啊 第一次这么便宜点瑞,https://www.xiaohongshu.com/search_result?keyword=%25E7%2591%259E%25E5%25B9%25B8%2520%25E6%25B4%25BB%25E5%258A%25A8&source=unknown,momo滴,https://www.xiaohongshu.com/user/profile/5e3d2b550000000001005f93?channel_type=web_search_result_notes&parent_page_channel_type=web_profile_board&xsec_token=ABzpO1wc0RhJSFw1PIo-Kkvanxz3C0hb6-hEGX3iXUd4o=&xsec_source=pc_search,1天前,赞,https://www.xiaohongshu.com/search_result/69328094000000001b03096f?xsec_token=ABojgMZroluhB5yqYqIL_OAzclQNJmfyrAOeEWdHR-HqY=&xsec_source=,https://sns-webpic-qc.xhscdn.com/202512072116/3ea3712aae6852d43e0071d4d93f8c8d/1040g00831pn90cs6ku0g5nht5dag8nsjrs1p1lo!nc_n_webp_mw_1
瑞幸 活动,下一个风口就是学瑞幸卖衣服,https://www.xiaohongshu.com/search_result?keyword=%25E7%2591%259E%25E5%25B9%25B8%2520%25E6%25B4%25BB%25E5%258A%25A8&source=unknown,阿萨的服装日记,https://www.xiaohongshu.com/user/profile/65d40b210000000005030229?channel_type=web_search_result_notes&parent_page_channel_type=web_profile_board&xsec_token=ABI181opRdABNQsMyTYxBeR-dMnHNz8LqAYUBGiE3ypD8=&xsec_source=pc_search,11-07,1037,https://www.xiaohongshu.com/search_result/690df86e000000000300fcd4?xsec_token=ABxRc7P_vnqnJR9PVqlvfbp_uyqvoAiVc7AWIqaheYUDg=&xsec_source=,https://sns-webpic-qc.xhscdn.com/202512072116/153cf0cca6139b6adc924f512acaab43/notes_pre_post/1040g3k831ojanl7r06d05pek1cghe0h9135odng!nc_n_webp_mw_1
瑞幸 活动,瑞幸送劵了？,https://www.xiaohongshu.com/search_result?keyword=%25E7%2591%259E%25E5%25B9%25B8%2520%25E6%25B4%25BB%25E5%258A%25A8&source=unknown,Zoe萨缇,https://www.xiaohongshu.com/user/profile/5b33871e6b58b736f869f5a2?channel_type=web_search_result_notes&parent_page_channel_type=web_profile_board&xsec_token=ABYzMYdl15WEWWzS5HWXMNa6B8SEKBqVtVdsDoRXIywjg=&xsec_source=pc_search,11-25,7,https://www.xiaohongshu.com/search_result/69254c5b000000001d03f6e7?xsec_token=ABpV5UnXXtOg6uJv1RrqUn0XG_FN_-Smr4OLLTTWYGKqE=&xsec_source=,https://sns-webpic-qc.xhscdn.com/202512072116/4b0bb36ab0d4dc6d4207a570e61c0ac7/notes_pre_post/1040g3k831pa3ovkcia804a6klk3httd280lknn8!nc_n_webp_mw_1
瑞幸 活动,一周年宠粉礼！好运传递～,https://www.xiaohongshu.com/search_result?keyword=%25E7%2591%259E%25E5%25B9%25B8%2520%25E6%25B4%25BB%25E5%258A%25A8&source=unknown,帝帝爪子DIDIPAWS,https://www.xiaohongshu.com/user/profile/674ed3cf000000001500a834?channel_type=web_search_result_notes&parent_page_channel_type=web_profile_board&xsec_token=ABqqhrkl6OheVPVYmwT3G6YPzHx4iBHwgqTRI4BzpFGD4=&xsec_source=pc_search,3天前,127,https://www.xiaohongshu.com/search_result/69315ae9000000001e02ff40?xsec_token=ABp_RmYKeT3AG72g3U8f6UucFJzQUldRPsJZE0zgWrMs8=&xsec_source=,https://sns-webpic-qc.xhscdn.com/202512072116/344bce884fe2fae783a6776d0dcee386/spectrum/1040g34o31pls2hv9jq105pqeqf7l9a1k1cgtn0g!nc_n_webp_mw_1
瑞幸 活动,🦊🐰疯狂动物城x瑞幸~第二波来了！💥,https://www.xiaohongshu.com/search_result?keyword=%25E7%2591%259E%25E5%25B9%25B8%2520%25E6%25B4%25BB%25E5%258A%25A8&source=unknown,冰鲜柠檬水,https://www.xiaohongshu.com/user/profile/68a0534f000000001a020573?channel_type=web_search_result_notes&parent_page_channel_type=web_profile_board&xsec_token=AByk9JO2ercnfHqYaY0yWrlJ81NdKclDN1VM-WT6eatOE=&xsec_source=pc_search,11-16,169,https://www.xiaohongshu.com/search_result/6919590a000000000702099f?xsec_token=ABPFb2Wn9qNiNS5bORC4hlRf1nj-jtTOp5pNSEcNZsC7g=&xsec_source=,https://sns-webpic-qc.xhscdn.com/202512072116/23b5a661eaa4139c0d3a372fcda7dfc9/spectrum/1040g0k031oue86e5gu005q50ad7mk1bjbna3llo!nc_n_webp_mw_1
瑞幸 活动,中啦中啦！🎉买瑞幸咖啡又中了免费咖啡！！！,https://www.xiaohongshu.com/search_result?keyword=%25E7%2591%259E%25E5%25B9%25B8%2520%25E6%25B4%25BB%25E5%258A%25A8&source=unknown,早晨起床的鸡蛋,https://www.xiaohongshu.com/user/profile/667f580800000000070052d3?channel_type=web_search_result_notes&parent_page_channel_type=web_profile_board&xsec_token=AB24XImexqU9GQ2w11n9_jnNIcx_LSEBecaz4rYwJzQzo=&xsec_source=pc_search,08-09,28,https://www.xiaohongshu.com/search_result/6896b40000000000050040b9?xsec_token=ABtpDI2j7DzztIZLVglEuaZDhbfkup9xzXiNWn1Xi4IRg=&xsec_source=,https://sns-webpic-qc.xhscdn.com/202512072116/e9490aa8d920ee7eb4396b6b54edd3c6/1040g00831kuqofuej0f05pjvb041okmj4muqg90!nc_n_webp_mw_1
瑞幸 活动,瑞幸巴西主题季攻略来啦❗❗❗,https://www.xiaohongshu.com/search_result?keyword=%25E7%2591%259E%25E5%25B9%25B8%2520%25E6%25B4%25BB%25E5%258A%25A8&source=unknown,联名情报员,https://www.xiaohongshu.com/user/profile/66c0a5ab000000001d0332cd?channel_type=web_search_result_notes&parent_page_channel_type=web_profile_board&xsec_token=AB8l2PqFFwZldILDfcThzAwoHiNHp_PrLZgKcFhuNm6Vw=&xsec_source=pc_search,11-27,243,https://www.xiaohongshu.com/search_result/6927afb3000000001f00f5ca?xsec_token=ABaYXO-MWXOMF5C5HGVsJ6FyYunmsjW21-UYgY1Juv6kc=&xsec_source=,https://sns-webpic-qc.xhscdn.com/202512072116/ea3c9ced0359c6418bda53513300b2e5/1040g2sg31pcedjnrjchg5pm0kmlnecmd9o4cncg!nc_n_webp_mw_1
瑞幸 活动,12月8日冬至五养拿铁、咸芝士豆乳拿铁,https://www.xiaohongshu.com/search_result?keyword=%25E7%2591%259E%25E5%25B9%25B8%2520%25E6%25B4%25BB%25E5%258A%25A8&source=unknown,珞希(瑞代),https://www.xiaohongshu.com/user/profile/5f7c42110000000001002a94?channel_type=web_search_result_notes&parent_page_channel_type=web_profile_board&xsec_token=ABK7aF3EU36F5lNkQq4S9J-ZyziCg_niQJUnGqyXU5-nU=&xsec_source=pc_search,4天前,32,https://www.xiaohongshu.com/search_result/692fce71000000001e011d57?xsec_token=ABGuGFIFvexu6PyktFbeJY_Y9_2OnkiZA3xw45j-PI2SQ=&xsec_source=,https://sns-webpic-qc.xhscdn.com/202512072116/2271c87f1b0d46edbd45b5c1967ae4b5/1040g2sg31pkc3tbjju705nrs888g8akkbiqp8vg!nc_n_webp_mw_1
瑞幸 活动,今日份的好运🍀,https://www.xiaohongshu.com/search_result?keyword=%25E7%2591%259E%25E5%25B9%25B8%2520%25E6%25B4%25BB%25E5%258A%25A8&source=unknown,R.🎀,https://www.xiaohongshu.com/user/profile/55fccb8b3397db385c465572?channel_type=web_search_result_notes&parent_page_channel_type=web_profile_board&xsec_token=ABbCL9HJh1i3Uj2E-YWS1CdUZ31KzvANm1wEm27r0Kr9g=&xsec_source=pc_search,11-24,8,https://www.xiaohongshu.com/search_result/6923c4a5000000001e032165?xsec_token=ABo5lBr-8Ma4CFyczcUDjXOF7ZgP00vkxuVbDI01-9QDg=&xsec_source=,https://sns-webpic-qc.xhscdn.com/202512072116/78850616a4160c9b58e60628d9c1315e/notes_pre_post/1040g3k831p8jph0jis00416d8p5omlbis3c4keo!nc_n_webp_mw_1
瑞幸 活动,12.4最新奶茶免单活动汇总来啦,https://www.xiaohongshu.com/search_result?keyword=%25E7%2591%259E%25E5%25B9%25B8%2520%25E6%25B4%25BB%25E5%258A%25A8&source=unknown,发财羊毛社,https://www.xiaohongshu.com/user/profile/672d6a59000000001c01951a?channel_type=web_search_result_notes&parent_page_channel_type=web_profile_board&xsec_token=ABBWq3wWBu2vCtcrT6uCyqdYC8neH1deuKczRnttf5z7w=&xsec_source=pc_search,3天前,5,https://www.xiaohongshu.com/search_result/6930315d000000001e035c2f?xsec_token=AB19SE94c2iF840OmiUHBnRP1AOMJmUUdp3L5ZkQ6uXPM=&xsec_source=,https://sns-webpic-qc.xhscdn.com/202512072116/c2d22b4b85278fc357c96b5b23a5b42f/notes_pre_post/1040g3k831pko8cn84g6g5ppdd9cn358qb669tl8!nc_n_webp_mw_1
瑞幸 活动,12.4奶茶免单开始啦！入口在这里！,https://www.xiaohongshu.com/search_result?keyword=%25E7%2591%259E%25E5%25B9%25B8%2520%25E6%25B4%25BB%25E5%258A%25A8&source=unknown,吃货卡,https://www.xiaohongshu.com/user/profile/6594b8a000000000220090f5?channel_type=web_search_result_notes&parent_page_channel_type=web_profile_board&xsec_token=ABnYOc6mRJPBMEbgnYvUTeol2HECrVDxhROb9Jt30ExG0=&xsec_source=pc_search,3天前,4,https://www.xiaohongshu.com/search_result/6930f7c3000000000d03701b?xsec_token=AB19SE94c2iF840OmiUHBnRLwPIAp_ULtF0ydtQ5Tp20k=&xsec_source=,https://sns-webpic-qc.xhscdn.com/202512072116/fc8d128a6770b92852d52b7c836520e6/1040g00831plf3cdl521g5pckn2g8h47lg4me428!nc_n_webp_mw_1
瑞幸 活动,已开启！12.4外卖奶茶免单通道开放,https://www.xiaohongshu.com/search_result?keyword=%25E7%2591%259E%25E5%25B9%25B8%2520%25E6%25B4%25BB%25E5%258A%25A8&source=unknown,欣欣,https://www.xiaohongshu.com/user/profile/6835c5e3000000001b018c63?channel_type=web_search_result_notes&parent_page_channel_type=web_profile_board&xsec_token=AB4dvYXO-RCU5bi7fqSsV9P9Rup1vBxlWBK0f9wgSZagU=&xsec_source=pc_search,3天前,2,https://www.xiaohongshu.com/search_result/6930f8bb000000001b025124?xsec_token=AB19SE94c2iF840OmiUHBnRH7EGWDN6sSOjZII55NhWWQ=&xsec_source=,https://sns-webpic-qc.xhscdn.com/202512072116/35e9d86f57e6c100e4de761088576ed1/notes_pre_post/1040g3k831plgj9bs52005q1lonhmr3331c4hn10!nc_n_webp_mw_1
瑞幸 活动,让网友求断更，瑞幸多邻国营销策略有多离谱,https://www.xiaohongshu.com/search_result?keyword=%25E7%2591%259E%25E5%25B9%25B8%2520%25E6%25B4%25BB%25E5%258A%25A8&source=unknown,王婆卖夸不卖瓜,https://www.xiaohongshu.com/user/profile/60c6abba000000000101db78?channel_type=web_search_result_notes&parent_page_channel_type=web_profile_board&xsec_token=ABpN8a7kH1woSxXbnhi0dGV8GKEygI9bnDZXlYz7UXWpQ=&xsec_source=pc_search,10-10,283,https://www.xiaohongshu.com/search_result/6874b4ff000000002400f6e2?xsec_token=ABrwy3s04KB3_6S9VCJQTnlgbFLPnFxaukK7biTLQ46_w=&xsec_source=,https://sns-webpic-qc.xhscdn.com/202512072116/ea78bdf3659592a91a0aee0a7a2fc946/notes_pre_post/1040g3k831jtl3qjfj0l05o66let0bmro461rft0!nc_n_webp_mw_1
瑞幸 活动,12.4奶茶免单！外卖通道已开启！,https://www.xiaohongshu.com/search_result?keyword=%25E7%2591%259E%25E5%25B9%25B8%2520%25E6%25B4%25BB%25E5%258A%25A8&source=unknown,小年轻,https://www.xiaohongshu.com/user/profile/6738484c000000001c019961?channel_type=web_search_result_notes&parent_page_channel_type=web_profile_board&xsec_token=ABDjz7JmseeD8h4Id9CeVKId2QCPpQ2G7dXf2MAVGswf4=&xsec_source=pc_search,3天前,3,https://www.xiaohongshu.com/search_result/6930f99b000000001e02dc40?xsec_token=AB19SE94c2iF840OmiUHBnRFHE8soAFjJ7jk8mqc_mwgg=&xsec_source=,https://sns-webpic-qc.xhscdn.com/202512072116/eaf9ae3266a432e82cb61e36cd89aa9f/1040g00831plgalb54u605ppo916736b1inbsibg!nc_n_webp_mw_1
瑞幸 活动,终于有人讲清楚了|瑞幸✖️巴西原产地,https://www.xiaohongshu.com/search_result?keyword=%25E7%2591%259E%25E5%25B9%25B8%2520%25E6%25B4%25BB%25E5%258A%25A8&source=unknown,亚空(联名版),https://www.xiaohongshu.com/user/profile/649aa111000000001f0075f8?channel_type=web_search_result_notes&parent_page_channel_type=web_profile_board&xsec_token=ABKc-2yZ0TC_zNzHoMN7k4GM2PC2FDxAzXzbuWcWKpywU=&xsec_source=pc_search,6天前,975,https://www.xiaohongshu.com/search_result/6927b2a0000000000d034db6?xsec_token=ABaYXO-MWXOMF5C5HGVsJ6F6hAyy-q09pMzQ3voZG59eI=&xsec_source=,https://sns-webpic-qc.xhscdn.com/202512072116/63d241915c16c2cb19e7849f007e0a22/1040g2sg31phon9re3ck05p4qk48notfobcmbdmg!nc_n_webp_mw_1
瑞幸 活动,1204瑞幸运营事物通知考试,https://www.xiaohongshu.com/search_result?keyword=%25E7%2591%259E%25E5%25B9%25B8%2520%25E6%25B4%25BB%25E5%258A%25A8&source=unknown,热爱hu的sc,https://www.xiaohongshu.com/user/profile/633013b800000000230381ec?channel_type=web_search_result_notes&parent_page_channel_type=web_profile_board&xsec_token=AB-Nayhmvq3T2-66ErsfIHitMfUKe22jIb1L1OACcgIEo=&xsec_source=pc_search,3天前,263,https://www.xiaohongshu.com/search_result/693151fe000000001e032544?xsec_token=ABp_RmYKeT3AG72g3U8f6UuVHGpX7UNuZGPU_m0kAKHiw=&xsec_source=,https://sns-webpic-qc.xhscdn.com/202512072116/72d3438c43a7088532989c126f0aa786/1040g00831plrfmgo4k005opg2es8v0fctahg8mo!nc_n_webp_mw_1
瑞幸 活动,送一杯瑞幸！！着急赶大巴来不及拿了,https://www.xiaohongshu.com/search_result?keyword=%25E7%2591%259E%25E5%25B9%25B8%2520%25E6%25B4%25BB%25E5%258A%25A8&source=unknown,日落,https://www.xiaohongshu.com/user/profile/5b1a1b8611be10241ff3f0f7?channel_type=web_search_result_notes&parent_page_channel_type=web_profile_board&xsec_token=AByRuJT4FrVtD51rvqDGAAmBvXZXeLrWIEQAYHHeB5AB8=&xsec_source=pc_search,2天前,2,https://www.xiaohongshu.com/search_result/69329ec7000000001902629f?xsec_token=ABojgMZroluhB5yqYqIL_OA4kdtxjdrv8nvAZag7Bi8Hc=&xsec_source=,https://sns-webpic-qc.xhscdn.com/202512072116/39bee5476ab96b35006165b13315948d/notes_pre_post/1040g3k031pn441svkudg4a6233dods7nm16ling!nc_n_webp_mw_1
瑞幸 活动,11月24日奶茶活动,https://www.xiaohongshu.com/search_result?keyword=%25E7%2591%259E%25E5%25B9%25B8%2520%25E6%25B4%25BB%25E5%258A%25A8&source=unknown,奶茶羊毛邮局,https://www.xiaohongshu.com/user/profile/65c5deb30000000011017019?channel_type=web_search_result_notes&parent_page_channel_type=web_profile_board&xsec_token=ABaVZwrlk3sHDccK-D-62v8R-0wv6Z97AZF-0e5M2SeW0=&xsec_source=pc_search,11-24,1,https://www.xiaohongshu.com/search_result/6923bb21000000001e0178a7?xsec_token=ABo5lBr-8Ma4CFyczcUDjXOJoidqoSseVrvdzOTYqn99s=&xsec_source=,https://sns-webpic-qc.xhscdn.com/202512072116/d8c6c0ea14752b22b9bf2747d9b163e1/notes_pre_post/1040g3k831p8iqq162adg5pe5rqpkas0pmbhkov0!nc_n_webp_mw_1
瑞幸 活动,1.9元喝杯瑞幸！周五的鸿蒙日日有礼，别忘领,https://www.xiaohongshu.com/search_result?keyword=%25E7%2591%259E%25E5%25B9%25B8%2520%25E6%25B4%25BB%25E5%258A%25A8&source=unknown,郭躁,https://www.xiaohongshu.com/user/profile/63a7f2d700000000260061b6?channel_type=web_search_result_notes&parent_page_channel_type=web_profile_board&xsec_token=AB-10FspD0LqWnSNCQ9uKgZ9RPjGZ6cALQEq90mMEBBS0=&xsec_source=pc_search,2天前,1,https://www.xiaohongshu.com/search_result/69324e35000000001f006725?xsec_token=ABojgMZroluhB5yqYqIL_OAw8QI9LRDBh565-OXIrDPjE=&xsec_source=,https://sns-webpic-qc.xhscdn.com/202512072116/d38585061b7ead9b2e41137de4861010/1040g2sg31pmq8ecv52eg5ot7ubbpgodmj4aa620!nc_n_webp_mw_1
瑞幸 活动,瑞幸8.31免单活动最后1天！抽1万张新品券,https://www.xiaohongshu.com/search_result?keyword=%25E7%2591%259E%25E5%25B9%25B8%2520%25E6%25B4%25BB%25E5%258A%25A8&source=unknown,小lu吖,https://www.xiaohongshu.com/user/profile/6034ea080000000001007844?channel_type=web_search_result_notes&parent_page_channel_type=web_profile_board&xsec_token=ABpkdU1ba_Fm57f9SBVuiveMRBC2xBNtH_VhDhC1jrxqw=&xsec_source=pc_search,08-31,1,https://www.xiaohongshu.com/search_result/68b3afb4000000001c00df12?xsec_token=ABQukcoGeCoTHJpGOLycWafo9yCp69v4wEGeHCZp-57DA=&xsec_source=,https://sns-webpic-qc.xhscdn.com/202512072116/df6d9f48c9cb5c4d08b22fe514e50201/1040g00831lr5btm958005o1kt8408u24etfh79o!nc_n_webp_mw_1
瑞幸 活动,网不好卡出个惊喜盒子,https://www.xiaohongshu.com/search_result?keyword=%25E7%2591%259E%25E5%25B9%25B8%2520%25E6%25B4%25BB%25E5%258A%25A8&source=unknown,漫步京城,https://www.xiaohongshu.com/user/profile/61617eac000000001f03bd0a?channel_type=web_search_result_notes&parent_page_channel_type=web_profile_board&xsec_token=ABTy51TPL0XqOt3sNGyFV5dLfEIKeDaAjMRPZCCBMyfbc=&xsec_source=pc_search,6天前,1114,https://www.xiaohongshu.com/search_result/692d7b5b000000001f006ccd?xsec_token=ABOdQbz9-xhya0iQXPjlFQoQpk50QBuy7YlFJbzz05q6M=&xsec_source=,https://sns-webpic-qc.xhscdn.com/202512072116/45c19b230330b99177bb05b9905cd0a2/notes_pre_post/1040g3k831pi3h61k4kd05ob1fqm7vf8adjbosu8!nc_n_webp_mw_1
瑞幸 活动,瑞幸巴西主题季|纸袋改造花束💐,https://www.xiaohongshu.com/search_result?keyword=%25E7%2591%259E%25E5%25B9%25B8%2520%25E6%25B4%25BB%25E5%258A%25A8&source=unknown,元啊元1314,https://www.xiaohongshu.com/user/profile/59048ceb5e87e71853e2d9db?channel_type=web_search_result_notes&parent_page_channel_type=web_profile_board&xsec_token=ABGjoBl4Tl-PiVTcP6lQ3uiQN3axQLw9TRnwN1-8e-R1k=&xsec_source=pc_search,2小时前,155,https://www.xiaohongshu.com/search_result/692d7a2a000000001e030584?xsec_token=ABOdQbz9-xhya0iQXPjlFQod0i-aDcA1R3waOCtMX3YeM=&xsec_source=,https://sns-webpic-qc.xhscdn.com/202512072116/22286e4bacd11f9bf5dfc3495ecf0343/notes_pre_post/1040g3k031pi3cqao420049eofq6enmerdlprlp0!nc_n_webp_mw_1
瑞幸 活动,来了，它来了，瑞幸的惊喜盒子来了,https://www.xiaohongshu.com/search_result?keyword=%25E7%2591%259E%25E5%25B9%25B8%2520%25E6%25B4%25BB%25E5%258A%25A8&source=unknown,Airly,https://www.xiaohongshu.com/user/profile/590e83806a6a6902a0fbb574?channel_type=web_search_result_notes&parent_page_channel_type=web_profile_board&xsec_token=ABipK4s0Oq6TnG1I7uZqLcmgn7GGHA1O8Qi09RpZfT1lA=&xsec_source=pc_search,6天前,125,https://www.xiaohongshu.com/search_result/692d61ca000000001b02754e?xsec_token=ABOdQbz9-xhya0iQXPjlFQocjrIq471cQD9pk7lEwhZl0=&xsec_source=,https://sns-webpic-qc.xhscdn.com/202512072116/a479409fa495b21ee655a7bb35ef3e9c/notes_pre_post/1040g3k031phvc8kvkg4g49fic91o1dbki7oa7e0!nc_n_webp_mw_1
瑞幸 活动,来啦！瑞幸Xwigglewiggle圣诞季又来啦！,https://www.xiaohongshu.com/search_result?keyword=%25E7%2591%259E%25E5%25B9%25B8%2520%25E6%25B4%25BB%25E5%258A%25A8&source=unknown,玉儿,https://www.xiaohongshu.com/user/profile/68b3ca68000000001900d501?channel_type=web_search_result_notes&parent_page_channel_type=web_profile_board&xsec_token=ABQukcoGeCoTHJpGOLycWaflKn7etpZI7aE_M4e25cndM=&xsec_source=pc_search,11-26,83,https://www.xiaohongshu.com/search_result/69265943000000001b032e4a?xsec_token=ABB4QjtdRn0EiobiE9g0aRHFOhIkTiZwEtT5Fhxq6mYIM=&xsec_source=,https://sns-webpic-qc.xhscdn.com/202512072116/dd11e7adab4a5174a504ee9fd9125228/notes_pre_post/1040g3k031pb4kg3s3c6g5q5jp9k69l81dgi06g8!nc_n_webp_mw_1
瑞幸 活动,千万别错过这些联名周边！！,https://www.xiaohongshu.com/search_result?keyword=%25E7%2591%259E%25E5%25B9%25B8%2520%25E6%25B4%25BB%25E5%258A%25A8&source=unknown,Happy Cat,https://www.xiaohongshu.com/user/profile/5a3376c3e8ac2b75990e784e?channel_type=web_search_result_notes&parent_page_channel_type=web_profile_board&xsec_token=AByRVeY6nTI6gKY3OEHwQNnjzQddp-FFJ3iHs4FsVD4cA=&xsec_source=pc_search,09-01,40,https://www.xiaohongshu.com/search_result/68b5ac7f000000001c012210?xsec_token=ABRxBtNPn975OBQC4U-ij936Oq1_rdmw5KFD6cXXVzoJg=&xsec_source=,https://sns-webpic-qc.xhscdn.com/202512072116/b7d1475466f581f5dfcc32d08140edee/spectrum/1040g34o31lt3gb28l0304a09varc6u2enrdvub0!nc_n_webp_mw_1
瑞幸 活动,瑞幸即享✖️wiggle wiggle！！圣诞系列来啦！🔔,https://www.xiaohongshu.com/search_result?keyword=%25E7%2591%259E%25E5%25B9%25B8%2520%25E6%25B4%25BB%25E5%258A%25A8&source=unknown,小懒不困,https://www.xiaohongshu.com/user/profile/5abf96d0e8ac2b2abacd1b61?channel_type=web_search_result_notes&parent_page_channel_type=web_profile_board&xsec_token=ABN8uxIYJ8rh77lHp6mN4rs-tGMBFhQo9CpTZfSXkbQdY=&xsec_source=pc_search,4天前,56,https://www.xiaohongshu.com/search_result/692f0104000000001f00b495?xsec_token=ABGuGFIFvexu6PyktFbeJY_aPII1RGp66C5QPIVi1nKWs=&xsec_source=,https://sns-webpic-qc.xhscdn.com/202512072116/d16a8616957408133b1ddd4ab519ae9d/notes_pre_post/1040g3k831pjiapsg4m3g4a45n8bd06r1ahffgp0!nc_n_webp_mw_1
瑞幸 活动,阳光时代瑞幸咖啡开业啦,https://www.xiaohongshu.com/search_result?keyword=%25E7%2591%259E%25E5%25B9%25B8%2520%25E6%25B4%25BB%25E5%258A%25A8&source=unknown,耶耶,https://www.xiaohongshu.com/user/profile/5aa342f711be106e6ca45269?channel_type=web_search_result_notes&parent_page_channel_type=web_profile_board&xsec_token=ABh-9XBN7zD4sGrUd7787nTBKnsgkqPx3WthZ9j2Dsnww=&xsec_source=pc_search,2天前,1,https://www.xiaohongshu.com/search_result/6932a734000000001f0080ba?xsec_token=ABojgMZroluhB5yqYqIL_OA1RuMkmdP4o8hW4rsJMIR8c=&xsec_source=,https://sns-webpic-qc.xhscdn.com/202512072116/f17496e7783adac23ca9c386d77572e5/note_pre_post_uhdr/1040g3r031pn5451jkm004a37v41fekj9jfc7d38!nc_n_webp_mw_1
瑞幸 活动,12.4！瑞幸圣诞新品周边长这样,https://www.xiaohongshu.com/search_result?keyword=%25E7%2591%259E%25E5%25B9%25B8%2520%25E6%25B4%25BB%25E5%258A%25A8&source=unknown,努力搬砖的打工人,https://www.xiaohongshu.com/user/profile/631010bd0000000012003bdb?channel_type=web_search_result_notes&parent_page_channel_type=web_profile_board&xsec_token=ABVSy73c1ERB6Qm-8edtdt5PO8toNjilLyDHhpF5WVRa4=&xsec_source=pc_search,11-25,102,https://www.xiaohongshu.com/search_result/6925a479000000001f00c9dd?xsec_token=ABpV5UnXXtOg6uJv1RrqUn0avzGfjTnb1FLhM0xp03380=&xsec_source=,https://sns-webpic-qc.xhscdn.com/202512072116/44e6400cd9add98e1d847de382ea6166/1040g2sg31padt9b82ofg5oog22ukgeurtobgcqg!nc_n_webp_mw_1
瑞幸 活动,闪购抽25-25！！,https://www.xiaohongshu.com/search_result?keyword=%25E7%2591%259E%25E5%25B9%25B8%2520%25E6%25B4%25BB%25E5%258A%25A8&source=unknown,想发财,https://www.xiaohongshu.com/user/profile/681b2972000000000e0136f3?channel_type=web_search_result_notes&parent_page_channel_type=web_profile_board&xsec_token=ABDa02bXfvR-UPSFFpHi8NTbyrxSex5oBm7ukeaCSsXSw=&xsec_source=pc_search,08-29,赞,https://www.xiaohongshu.com/search_result/68b15374000000001b034e52?xsec_token=ABpp8uOCvXGHZw8zBmLheqPYIqLiszTtbGwo1g54SSlHE=&xsec_source=,https://sns-webpic-qc.xhscdn.com/202512072116/0ed9ce54247fd15e3c1c925339427f50/notes_pre_post/1040g3k031loop6p1li5g5q0r55p3idnjmcv7fr8!nc_n_webp_mw_1
瑞幸 活动,招行羊毛又薅到了😏,https://www.xiaohongshu.com/search_result?keyword=%25E7%2591%259E%25E5%25B9%25B8%2520%25E6%25B4%25BB%25E5%258A%25A8&source=unknown,无效信💌,https://www.xiaohongshu.com/user/profile/54391b2bd6e4a9068005bc79?channel_type=web_search_result_notes&parent_page_channel_type=web_profile_board&xsec_token=AB99LfnH2LWBM-EScGE4AaJ5GiOTWLmou8FA6JHM_sb1o=&xsec_source=pc_search,2天前,1,https://www.xiaohongshu.com/search_result/6932795300000000190271da?xsec_token=ABojgMZroluhB5yqYqIL_OAysad4cklltp5XaRQRmoMzQ=&xsec_source=,https://sns-webpic-qc.xhscdn.com/202512072116/2f2cd20309dd922af718ac2f680af339/1040g2sg31pmvet7ukk7g400brcdinf3pocl1fb0!nc_n_webp_mw_1
瑞幸 活动,瑞幸｜12月巴西深烘新品＆周边,https://www.xiaohongshu.com/search_result?keyword=%25E7%2591%259E%25E5%25B9%25B8%2520%25E6%25B4%25BB%25E5%258A%25A8&source=unknown,再喝亿点点（资讯版）,https://www.xiaohongshu.com/user/profile/5741da186a6a6967a5a0e07f?channel_type=web_search_result_notes&parent_page_channel_type=web_profile_board&xsec_token=ABAWD9PvyP2BZPWAICmEithBatw4-FQ9XKCqlAXNKnNH0=&xsec_source=pc_search,6天前,331,https://www.xiaohongshu.com/search_result/69283eec000000001e035abc?xsec_token=ABPmFcKFewuSoXJkAqloNAHv6iMiasN8ZQKvDWzLvJFsk=&xsec_source=,https://sns-webpic-qc.xhscdn.com/202512072116/b94d22ba3f15ecbf6ac2b86d863e82cf/notes_pre_post/1040g3k031phi2j7giue048cdnod1ho3v8lh588g!nc_n_webp_mw_1
