词汇,频次
瑞幸,8160
咖啡,4137
联名,1493
新品,1147
大家,686
美式,683
纸袋,667
一起,633
周边,607
一杯,455
限定,448
风味,404
圣诞,376
门店,374
系列,358
口感,334
茉莉,323
一口,299
小狗,299
黄油,294
luckin,285
瑞纳冰,283
品牌,275
小瑞,275
线条,264
幸运,260
主题,259
饮品,258
芝士,251
快乐,241
夏日,240
上线,237
活动,236
改造,230
打卡,221
回归,220
感谢,219
壁纸,213
生椰拿铁,212
椰拿铁,209
乳拿铁,204
七夕,204
下午茶,203
喜欢,195
可爱,195
获得,192
丝绒,192
套餐,190
葡萄,190
好喝,189
种草,187
luckincoffee,186
杯套,184
搭配,184
荔枝,183
柠檬茶,182
欢迎,176
经典,172
千玺,169
全国,169
夏天,168
贴纸,167
冰萃,164
推荐,162
春日,161
浓郁,156
新年,155
奶油,153
清爽,152
小熊,152
看看,151
lucky,151
DIY,150
coffee,149
攻略,148
时间,147
椰子,145
教程,145
杨梅,144
樱花,144
参与,143
轻乳茶,142
蛋糕,141
陨石,140
味道,138
咖啡豆,136
大福,136
小鹿,135
猫和老鼠,134
包装,133
手机,133
原产地,132
指定,132
上市,131
任意,130
苹果,130
奶茶,129
表情,129
同款,128
草莓,127
热饮,126
鲜萃,126
生椰,124
点击,123
生酪,123
酱香,123
巧克力,122
特别,122
瑞门,117
中国,117
SOE,117
随机,116
日常,116
清新,115
西瓜,115
甜品,115
惊喜,114
官方,114
这次,114
升级,113
小伙伴,113
开启,111
产品,111
杯子,110
冬天,109
即将,109
秋天,109
长安,108
准备,107
今年,107
还是,106
手工,105
春天,105
代言,103
人们,102
樱花季,102
diy,101
宝宝,101
年度,100
第一杯,100
疯狂,99
甘露,99
不要,99
王者,99
海盐,99
解锁,98
知道,98
回来,97
时候,97
气泡,97
全球,96
已经,96
一定,96
邻国,96
一下,96
明天,95
杨枝,95
清甜,94
下午,94
注意,94
云南,94
登陆,94
支持,93
太妃,93
世界,91
分享,91
徽章,91
半熟,91
朋友,90
点单,90
最后,90
人气,90
打工,90
带来,89
使用,89
海绵,89
动物,88
礼盒,88
燕麦,88
万店,88
玫瑰,87
刘亦菲,86
选择,86
果肉,86
抽奖,86
礼物,85
真实,85
桂花,85
浓缩,85
测评,84
需要,83
安排,83
提拉,83
米苏,83
茉莉花,82
添加,82
陆续,81
一样,81
上午,80
get,80
正式,80
来自,80
想要,80
冰镇,80
原创,79
成都,79
开始,79
电影,78
告诉,78
细腻,78
亿杯,78
终于,77
芒果,76
上海,75
果蔬,75
限时,75
规则,75
周周,75
机会,74
一款,74
正确,74
首席,73
看到,73
荣耀,73
授权,72
冰茶,72
吸管,72
小黑,72
适合,71
试试,71
倒计时,71
感受,70
听说,70
口味,70
香气,70
期待,70
超级,70
艾特,70
健康,70
金奖,69
方式,69
当然,69
不同,69
中奖,69
咖季,69
没错,68
两款,68
轻盈,68
丰富,67
入口,67
所有,66
城市,66
假期,66
情人节,66
澳网,66
谷爱凌,66
即日起,65
超大,65
设计,65
里面,65
图片,65
融合,65
酸奶,65
巴西,64
加入,64
果汁,64
水果,64
青提,64
代言人,63
免费,63
现场,63
家族,63
这份,62
酸甜,62
双杯,62
各位,62
之刃,62
大赛,62
冰吸生,62
椰青冰萃,62
鬼灭,61
全新,61
热量,61
黑糖,61
烘焙,60
专属,60
红茶,60
香拿铁,60
源自,60
拒绝,60
赞萌露,60
春节,60
偷偷,59
浪漫,59
椰云,59
茅台,59
标准,58
治愈,58
布丁,58
不是,58
负担,58
神话,58
原神,58
鸳鸯,58
醇厚,57
博主,57
挑战,57
修狗,57
氛围,56
哪杯,56
别忘了,56
登场,56
耶加雪菲,56
颜值,56
乌龙,56
视频,56
摩卡,56
到底,55
重磅,55
拍照,55
购买,55
喝咖啡,55
在握,55
收藏,55
上班,55
冷萃,55
冰沙,55
费尔岛,55
LABUBU,55
知识,54
丝滑,54
成为,54
另外,54
满满,54
香厚,54
瓦尔登,54
焦糖,53
详细,53
如何,53
牛奶,53
体验,53
加糖,53
网友,53
发布,53
成员,53
早餐,53
Dirty,53
碧螺,53
dirty,53
本周,52
ta,52
联动,52
封神,52
独特,51
牛乳,51
北京,51
一次,51
轻食,51
销量,51
突破,51
椰浆,51
铁道,51
精萃,51
知春拿铁,51
来杯,50
直接,50
小蓝杯,50
冰摇,50
韩美林,50
LINE,50
合作,49
简单,49
好看,49
恭喜,49
Get,49
蓝杯,49
茶香,49
星穹,49
绵密,49
一张,48
不腻,48
喝杯,48
款式,48
工艺,48
放心,48
桃桃,48
大师,48
贵州,48
乳糖,48
才能,47
精品,47
发放,47
之后,47
不能,47
坚果,47
加油,47
珞珈,47
红酒,47
花魁,47
喝瑞幸,46
挂件,46
提前,46
有限,46
这是,46
瑞子,46
小尾巴,46
朋友圈,45
香甜,45
品鉴,45
精选,45
提示,45
or,45
制作,45
刚刚,45
话题,45
瑞纳,45
FRIENDS,45
每杯,44
其他,44
最近,44
福利,44
收到,44
网球,44
奇妙,44
除了,44
国际,44
闪店,44
每天,44
自带,43
跟着,43
数量,43
奶香,43
不会,43
只要,43
冠军,43
外皮,43
摸鱼,43
凤梨,43
整个,43
混合,43
一年,43
牛油果,43
周末,42
满足,42
CP,42
马斯卡,42
很多,42
更好,42
在线,42
新春,42
西梅,42
胶原,42
左滑,41
喜爱,41
订单,41
独家,41
开业,41
的话,41
老师,41
花香,41
浪浪山,41
美食,41
拥有,41
loopy,41
下方,41
姜饼,41
浓醇,40
掉落,40
作为,40
本次,40
日见,40
柠檬,40
周年,40
一天,40
满杯,40
甜心,40
哈哈哈,40
超多,40
门人,40
褚橙拿铁,40
龙年,40
不用,39
生活,39
奖品,39
下单,39
就要,39
再次,39
宝藏,39
好吃,39
三款,39
爱情,39
非遗,39
名单,39
Pingu,39
澳瑞白,39
抓马,39
冬日,38
幸福,38
十足,38
自由,38
羽衣,38
查收,38
仪式,38
TOM,38
默认,38
山茶花,38
可可,38
两杯,37
合作伙伴,37
发现,37
融入,37
皮肤,37
送给,37
清凉,37
大卡,37
开奖,37
JERRY,37
马克杯,37
tips,37
测试,36
变成,36
一份,36
工人,36
马上,36
万杯,36
沉浸,36
自然,36
同步,36
开学,36
满满的,36
喝一杯,36
龙井,36
芋泥,36
布朗,36
深烘,35
阿拉比,35
香浓,35
材质,35
安利,35
彭生酪,35
集合,35
错过,35
纸巾,35
特色,35
小妖怪,35
头像,35
果香,35
YYDS,35
简直,35
层次,35
白梨,35
饮用,35
香醇,34
一直,34
搞笑,34
彩蛋,34
评论,34
同时,34
故事,34
灵感,34
希望,34
值得,34
公布,34
超高,34
照片,34
采用,34
新西兰,34
寻豆,34
奶盖,34
派对,34
温暖,33
哪个,33
定制,33
每日,33
心动,33
一波,33
椰香,33
正在,33
中秋,33
遇上,33
打开方式,33
植脂,33
钻瑞纳冰,33
一种,32
有人,32
时刻,32
为了,32
继续,32
广州,32
享受,32
双重,32
现在,32
茉莉花茶,32
一点,32
领取,32
保温杯,32
券包,32
拿到,32
饱满,32
学校,32
小兔,32
属性,32
出来,32
只有,32
含量,32
哪款,32
过年,32
IIAC,32
猛兽,32
这些,31
栗子,31
唯一,31
原来,31
见图,31
轻体,31
酸酸甜甜,31
国风,31
答案,31
冰冰,31
第二部,31
折纸,31
香草,31
原神瑞幸,31
莓莓,31
小铁,31
中国女篮,31
橘金,31
纯牛奶,31
有点,30
液体,30
重要,30
哪些,30
感觉,30
物料,30
总计,30
交织,30
见证,30
得到,30
蓝色,30
属于,30
你好,30
mini,30
奖励,30
获取,30
元气,30
信息,30
完全,30
中式,30
霸屏,30
圣诞树,30
注入,30
建议,30
提神,30
初恋,30
厚乳,30
找到,29
对应,29
深圳,29
醇香,29
第二,29
送达,29
黄玫瑰,29
时尚,29
熟悉,29
配方,29
产区,29
瑞幸生,29
为什么,29
开心,29
新鲜,29
菠萝,29
文旅,29
日记,29
茶底,29
选用,29
圣诞节,29
菜单,29
爆款,29
Maltese,29
天内,29
选项,28
像是,28
线下,28
敬请期待,28
回到,28
冰箱,28
单杯,28
快来,28
无限,28
更新,28
十周年,28
款杯,28
go,28
成功,28
少女,28
祝福,28
冰爽,28
图案,28
计划,28
庆生,28
南瓜,28
这款,28
勋章,28
青苹果,28
车厘子,28
换上,27
友友,27
携手,27
咖啡师,27
全套,27
万圣节,27
手绘,27
痛苦,27
少不了,27
结束,27
卖出,27
搭子,27
提醒,27
进来,27
效果,27
造型,27
居然,27
下去,27
神仙,27
根据,27
报名,27
隐藏,27
贝果,27
可颂,27
心情,27
单品,27
碰撞,27
甜蜜,27
持续,26
生日,26
部分,26
邀请,26
艺术,26
口令,26
用户,26
天气,26
面具,26
来瑞幸,26
这波,26
名字,26
周一,26
崩坏,26
包裹,26
艾丝乐,26
必须,26
百卡冰,26
甜度,26
亲测,26
特调,26
处理,26
黑金,26
容量,26
大冻,26
鹿卡龙,26
融化,26
香味,26
悟空,26
寒天,26
地方,25
冷热,25
补货,25
关注,25
进入,25
轻松,25
遇到,25
Duolingo,25
温馨,25
秋日,25
瑞幸杯,25
进口,25
小时,25
工作,25
进行,25
标注,25
实物,25
专业,25
参加,25
抢先,25
高品质,25
活力,25
宝花,25
搅拌,25
旅行者,25
优选,25
大红袍,25
元梦之星,25
冒险,25
JOJO,25
冲绳,25
哈斯,25
分钟,24
以上,24
秋冬,24
渠道,24
这样,24
抵达,24
提供,24
随行,24
广场,24
红豆,24
优雅,24
VOGUE,24
问题,24
实现,24
传统,24
瞬间,24
哪里,24
老朋友,24
顺滑,24
好运,24
桃子,24
桂花香,24
遇见,24
橙子,24
消暑,24
原图,24
作品,24
植物,24
有没有,24
卡糖,24
封神榜,24
截图,24
柑橘,24
冰饮,24
啊啊啊,24
闪光,24
悲伤,24
季节,23
出现,23
带上,23
出片,23
立牌,23
明日,23
电脑,23
首款,23
粉丝,23
阿克苏,23
完毕,23
上头,23
不想,23
游戏,23
榨生,23
芦荟,23
美学,23
那么,23
统统,23
现泡,23
品尝,23
组合,23
儿童节,23
老板,23
开工,23
盲盒,23
WBC,23
等级,23
带有,23
铁观音,23
jojo,23
有奖,23
产地,22
科普,22
点亮,22
互动,22
来袭,22
香港,22
永远,22
来到,22
自取,22
一块,22
美味,22
必喝,22
先到,22
先得,22
速速,22
即止,22
瑞宝们,22
花絮,22
地球,22
限量,22
放假,22
幸福感,22
会员,22
增加,22
埃塞俄比亚,22
演唱会,22
满口,22
Ta,22
库存,22
曲奇,22
宇宙,22
锡兰,22
一朵,22
完美,22
芝麻街,22
黑巧,21
干净,21
一颗,21
白月光,21
区别,21
pick,21
推出,21
日起,21
相信,21
前方,21
来看,21
酸角,21
办公室,21
喝完,21
一位,21
生日快乐,21
in,21
必备,21
超超,21
公开赛,21
封面,21
通知,21
解腻,21
舌尖,21
戒指,21
巨巨,21
下次,21
大闹天宫,21
好好,21
文案,21
端午,21
and,21
蜀锦,21
内馅,21
利路,21
淡淡,21
微微,21
实用,21
一层,21
枫丹,21
私信,21
伯爵,21
账号,21
优质,21
椰皇拿铁,21
双层,21
金龙,21
榴莲,21
普洱,21
充分,20
过程,20
瑞宝,20
上映,20
美美,20
不仅,20
抽象,20
这条,20
榛香,20
桌面,20
大片,20
诚意,20
可能,20
伙伴,20
开瑞,20
新疆,20
不到,20
满分,20
大口,20
比奇,20
秘密,20
小小的,20
熊猫,20
成分,20
面包,20
梦幻,20
不止,20
wiggle,20
鹿杯,20
品质,20
味儿,20
红包,20
大黑,20
秋风,20
滋味,20
满萃,20
冰吸,20
欧包,20
石之海,20
潮品,20
首次,19
回味,19
究竟,19
毛绒,19
谢谢,19
自提,19
拼配,19
金属,19
全网,19
现已,19
第一,19
脑袋,19
回甘,19
开拓者,19
关于,19
东北,19
小卡,19
铁瑞幸,19
据说,19
多款,19
虽然,19
营业,19
好像,19
收纳,19
中网,19
每周,19
或者,19
多多,19
外卖,19
揭秘,19
猫咪,19
收集,19
还原,19
收货,19
没事,19
下班,19
运营,19
播报,19
爆改,19
全部,19
探店,19
实在,19
插画,19
分层,19
大话,19
圆子,19
半糖,19
清香,19
椰树,19
提交,19
果冻,19
可选,18
卡皮,18
巴拉,18
送上,18
冷饮,18
距离,18
时代,18
咖啡茶,18
厦门,18
PP,18
本期,18
猜猜,18
今晚,18
为准,18
角色,18
拿捏,18
is,18
做成,18
一场,18
晶球,18
拉满,18
店长,18
真正,18
爱好者,18
留下,18
努力,18
带走,18
庆祝,18
一周年,18
喝前,18
介绍,18
尝尝,18
学习,18
加上,18
美貌,18
恋爱,18
而且,18
担心,18
立秋,18
质感,18
西安,18
大块,18
加倍,18
承包,18
迷你,18
状态,18
守护,18
仿佛,18
斯巴达,18
咖啡杯,18
没关系,18
投票,18
女明星,18
理由,18
鲜果,18
惊艳,18
司康,18
自行,18
尽快,18
乌龙茶,18
杯盖,18
重点,18
女篮,18
保证,18
明亮,18
蛋白,18
点赞,18
糊糊,18
甜感,17
样子,17
程度,17
内部,17
爆米花,17
预告,17
降温,17
选取,17
狂野,17
_____,17
乳酸菌,17
色彩,17
锡林郭勒,17
杯身,17
以外,17
一整天,17
投稿,17
一条,17
心中,17
倡导人,17
宠粉,17
个人,17
选手,17
累计,17
空降,17
有趣,17
基础,17
慕斯,17
再见,17
栀子,17
冻冻,17
一只,17
返场,17
神器,17
沙沙,17
好消息,17
嘉宾,17
精致,17
不过,17
成熟,17
高考,17
重庆,17
非常,17
Espresso,17
四点,17
收获,17
俱乐部,17
文化节,17
艺术家,17
过瘾,17
粉粉,17
同事,17
可得,17
翻牌,17
潦草,17
更加,17
任选,17
舍不得,17
闭眼,17
鼓浪屿,17
青森,17
看图,17
轻乳好,17
人拿铁,17
Friends,17
Line,17
右滑,17
哈根达斯,17
双款,16
热咖啡,16
觉得,16
这种,16
之前,16
场景,16
适配,16
暖暖的,16
同一,16
出门,16
最好,16
榛果,16
草原,16
柚子,16
淡淡的,16
学会,16
滤镜,16
顶流,16
集齐,16
记录,16
精神状态,16
第一口,16
竣程,16
大小,16
开箱,16
精彩,16
果茶,16
太太,16
两个,16
宣布,16
三重,16
巨巨巨,16
透卡,16
ps,16
时令,16
emoji,16
分别,16
大神,16
一猫,16
爽口,16
一代人,16
可口,16
身边,16
意式,16
勇士,16
邂逅,16
恰到好处,16
九色鹿,16
微苦,16
直播,16
更佳,16
开心果,16
春晚,16
嘻嘻,16
乡村,16
冻干,16
美妙,16
厚奶,16
啤酒,16
直饮,16
粉色,16
塞纳,16
明显,16
红楼梦,16
贺岁,16
EDG,16
粉嫩,16
cp,16
甜甜的,16
音乐节,16
虎年,16
AI,15
万物,15
热情,15
最美,15
多肉,15
任一,15
爱喝,15
全场,15
款款,15
悠享,15
立冬,15
全线,15
真是,15
区域,15
手握,15
同样,15
摇摇,15
一切,15
黄金,15
国家,15
升杯,15
地址,15
每口,15
南京,15
新款,15
仅限,15
揭晓,15
金桂,15
完成,15
书签,15
征集,15
一周,15
海报,15
美好,15
认识一下,15
情况,15
the,15
传承,15
文化,15
无需,15
人生,15
爆发,15
任何,15
一笔,15
装饰,15
大声,15
合适,15
复工,15
后台,15
拿铁,15
单一,15
配色,15
冰雪,15
绵软,15
橘子,15
新加坡,15
忍不住,15
樱桃,15
过去,15
榛子,15
期间,15
牛肉,15
生豆,15
四款,15
指数,15
步骤,15
腾云,15
凯旋,15
黄山,15
毛峰,15
喝法,15
依旧,15
企业,15
刮乐,15
舞剧,15
红龙,15
条件,15
调色,15
购物袋,15
免费送,15
绝美,15
茶瑞纳冰,15
带刺,15
工夫,15
topping,15
小瑞来,14
清单,14
多少,14
加浓,14
亮相,14
下周,14
走进,14
杭州,14
页面,14
文字,14
说明,14
预存,14
TA,14
手里,14
花束,14
狠狠,14
这回,14
盛会,14
诞生,14
奶皮子,14
暂停,14
我要,14
温度,14
风格,14
第一天,14
申请,14
奶味,14
大学,14
加价,14
冷变杯,14
亲爱,14
接下来,14
刚好,14
干杯,14
下周一,14
官宣,14
一些,14
馥郁,14
东西,14
创作,14
工位,14
情侣,14
日子,14
好事,14
平衡,14
姿势,14
由于,14
be,14
一般,14
PK,14
具体,14
生椰冷萃,14
橙汁,14
人人,14
咬一口,14
坐标,14
内容,14
绿色,14
一年一度,14
完整,14
红枣,14
渐变,14
账单,14
包括,14
甄选,14
日晒,14
悠长,14
同学,14
常规,14
纸巾盒,14
尊嘟,14
麦麦,14
生椰爱,14
了解,14
味蕾,14
蒸青日,14
甜腻,14
庄园,14
兔年,14
饼干,14
大颗,14
桃仁,14
西柚,14
蜜瓜,14
纯粹,13
容易,13
瑞搭子,13
等待,13
鹿透社,13
陪伴,13
共同,13
迎接,13
偶遇,13
鲜爽,13
谷美,13
拍摄,13
平台,13
人士,13
嘴巴,13
集中,13
售完,13
娱乐,13
比如,13
果味,13
未来,13
之力,13
of,13
精神,13
技术,13
广告,13
开售,13
大赏,13
等等,13
节前,13
好多,13
就位,13
当天,13
天才,13
每个,13
下面,13
椰岛,13
多汁,13
说不定,13
历史,13
一步,13
先来,13
我家,13
只能,13
想象,13
首周,13
总结,13
热带,13
3D,13
海量,13
like,13
无论是,13
即享,13
软件,13
纠结,13
快艾特,13
小满,13
演员,13
荣誉,13
心头,13
心心念念,13
赶紧,13
肯定,13
打造,13
下市,13
温柔,13
松软,13
实力,13
不如,13
过来,13
to,13
报告,13
圣诞快乐,13
冬至,13
研发,13
妙愈,13
明年,13
夏拿铁,13
外送,13
截到,13
作业,13
搅打,13
猫猫,13
文学,13
姐妹,13
热恋,13
线索,13
海瑞,13
提小铁,13
黑巧瑞纳冰,13
不锈钢,13
咖啡节,13
环保,13
握住,13
喝水,13
兰韵,13
划算,13
五条,13
红蜜,13
厘子,13
偷心,13
羊毛,13
份数,13
高温,12
唤醒,12
达到,12
公仔,12
一键,12
浓香,12
盘点,12
那些,12
目前,12
谐音,12
行业,12
最新,12
神秘,12
包含,12
高级,12
纯正,12
冰杯,12
奉上,12
森林,12
变得,12
一次性,12
尝试,12
玩具,12
开到,12
一秒,12
内含,12
助力,12
层层,12
横州,12
变身,12
有瑞幸,12
玫瑰花,12
圆满,12
友好,12
兴趣,12
婚礼,12
瑞粉,12
梗图,12
元素,12
双倍,12
东南亚,12
三明治,12
不见不散,12
智能,12
世界冠军,12
聚会,12
实况,12
应该,12
冰冰凉凉,12
自制,12
狂喜,12
Lelush,12
海洋,12
纪念,12
下雪,12
午后,12
花花,12
附近,12
绽放,12
烟熏,12
全年,12
鞠躬,12
普通,12
天花板,12
榜单,12
大大,12
千层,12
灵魂,12
图文,12
三种,12
悄悄,12
生椰冰,12
爱美,12
两万,12
茶控,12
陈建斌,12
手帐,12
大话西游,12
收纳盒,12
巴拿马,12
放在,12
曼妙,12
夺冠,12
维多利亚,12
彩虹,12
杏花,12
爱生酪,12
甜点,12
徐伦,12
卡布奇诺,12
胶原蛋白,12
红唇,12
深度,11
联合,11
礼品,11
新店,11
旅行,11
豆子,11
颗粒,11
闪亮,11
版本,11
久等,11
欣赏,11
咸甜,11
深入,11
多重,11
交融,11
程序员,11
双十,11
吐司,11
速来,11
果粒,11
停不下来,11
月亮,11
随时随地,11
越来越,11
宁波,11
出游,11
话梅,11
原料,11
见面,11
点后,11
再度,11
二选,11
以下,11
一同,11
动手,11
上面,11
人类,11
人群,11
妈妈,11
公司,11
舞台,11
LUCK,11
IN,11
任务,11
小猫,11
公开,11
聊天,11
送来,11
辛苦,11
招募,11
周五,11
脆皮,11
视觉,11
能量,11
超好,11
节日,11
喜好,11
ai,11
自动,11
去年,11
许愿,11
板凳,11
萌宠,11
带给,11
QQ,11
博会,11
第一次,11
天然,11
付航,11
首发,11
喝茶,11
多巴胺,11
春季,11
泰国,11
乳酪,11
发来,11
两种,11
开幕,11
取餐,11
up,11
奶酪,11
大使,11
连续,11
冲冲,11
方法,11
均匀,11
冬季,11
二创,11
四件套,11
团队,11
花果,11
带回,11
萃取,11
呈现,11
茶味,11
允许,11
安全,11
解答,11
一抹,11
滑雪,11
答疑,11
其实,11
富桂厚,11
白桃,11
巴蒂,11
海生,11
欧拉,11
香蕉,11
日本,11
蜜桃,11
曲线,10
通过,10
风情,10
一组,10
这篇,10
迎来,10
精心,10
甜而不腻,10
之旅,10
输入,10
VCR,10
有售,10
一套,10
超萌,10
瑞之抹,10
出发,10
请以,10
合影,10
绘画,10
电子,10
入驻,10
乳茶,10
喝点,10
银河,10
阳光,10
盛典,10
展示,10
总有,10
获赠,10
跟随,10
一句,10
便携,10
补充,10
尝鲜,10
遐蝶款,10
颜色,10
只是,10
送到,10
甜香,10
供应,10
水蜜桃,10
广西,10
回家,10
扇子,10
袋子,10
事情,10
单日,10
live,10
形式,10
标题,10
道具,10
涂鸦,10
开场,10
岭南,10
水杯,10
竟然,10
素材,10
盛夏,10
24oz,10
原因,10
端午节,10
经过,10
然后,10
发疯,10
赛场,10
首个,10
绿茶,10
震撼,10
趁着,10
恋人,10
启动,10
小众,10
TOP1,10
长大,10
时光,10
地球日,10
薄荷,10
屏幕,10
保留,10
点缀,10
四溢,10
股东,10
仅供,10
仙女,10
领走,10
包围,10
武汉,10
配比,10
解释,10
蔓越莓,10
救命,10
酥脆,10
元宵,10
元宵节,10
动态,10
运转,10
果酱,10
Chinese,10
小瑞家,10
特别感谢,10
整体,10
海拔,10
合集,10
每人,10
跨年,10
支架,10
不少,10
来瑞,10
冻梨,10
一人,10
泡泡,10
小雪,10
蛋香,10
耐受,10
坐等,10
国庆,10
发光,10
幾米,10
特点,10
整杯,10
咖啡因,10
单丛,10
早上,10
杯杯,10
出道,10
红杯,10
慕斯内,10
扎实,10
技巧,10
蜡烛,10
微醺,10
luck,10
法式,10
剪刀,10
双面胶,10
ing,10
瑞瑞瑞,10
不定期,10
宠爱,10
那种,10
七分,10
爱瑞,10
ok,10
底部,10
流心,10
宝贝,10
瑞瑞,10
获奖,10
土耳其,10
龙眼,10
夏末,10
麻薯,10
北海道,10
PS,10
零食,10
音乐,9
桑巴,9
深烘拿铁,9
更换,9
拉德,9
大屏,9
搞懂,9
相关,9
细节,9
福建,9
离开,9
国航,9
享用,9
最高,9
____,9
刷到,9
不许,9
杯型,9
咖啡店,9
绝对,9
NFC,9
大厦,9
APP,9
程序,9
代表,9
表示,9
美的,9
老婆,9
小编,9
也许,9
爱上,9
之约,9
装备,9
小心,9
自选,9
创意,9
喝到,9
首支,9
做好,9
几杯,9
一日,9
漫画,9
各地,9
DNA,9
宿舍,9
中心,9
加量,9
所有人,9
白厄款,9
高清,9
锁鲜,9
带回家,9
微酸,9
fufu,9
结果,9
首家,9
暴击,9
脱口秀,9
严选,9
冰淇淋,9
指南,9
出镜,9
北京站,9
还要,9
大杯,9
离谱,9
不够,9
真茶,9
大鹏,9
路过,9
好物,9
接受,9
各种,9
魅力,9
半颗,9
新晋,9
结婚,9
套装,9
卡牌,9
每次,9
Hello,9
泡沫,9
谁家,9
锵锵,9
毕业,9
个性,9
植物油,9
急急,9
受到,9
CHIC,9
小小,9
吸生,9
决定,9
插花,9
走过,9
特邀,9
手冲,9
钱塘,9
帮忙,9
黄杏,9
图鉴,9
预定,9
妇女节,9
员工,9
消息,9
黄鹤楼,9
别的,9
叽叽,9
手把手,9
工作日,9
张图,9
vs,9
GIF,9
小瑞替,9
下滑,9
先进,9
蛇来,9
特饮,9
附赠,9
确认,9
方便,9
哀牢山,9
心意,9
喜提,9
绝版,9
新年快乐,9
叮叮,9
正宗,9
大胆,9
坚持,9
视力,9
有效,9
果泥,9
手册,9
主打,9
干酪,9
费尔岛季,9
毛衣,9
其中,9
沙龙,9
不怕,9
传奇,9
莓果,9
比赛,9
最爱,9
天生,9
天命,9
酌情,9
冰块,9
甜甜,9
调整,9
姑娘,9
一包,9
苏打水,9
酒精,9
锦鲤,9
数据,9
释放,9
纳冰,9
Ristretto,9
腾格尔,9
刺激,9
冰半糖,9
朵朵,9
小花,9
玻璃,9
外观,9
甜酒,9
奇幻,9
同庆,9
橙橙冰萃,9
冰凉,9
牵手,9
留言,9
哥伦比亚,9
榛巧,9
冰激凌,9
热热,9
迷人,9
酥软,9
铁瑞纳冰,9
研磨,9
犇犇,9
luckin2021,9
百香果,9
点有,9
重新,8
超过,8
品味,8
配上,8
选出,8
交换,8
抽到,8
如图,8
提问,8
权益,8
教学,8
狂欢,8
安心,8
居民,8
ZX,8
相框,8
一家,8
一件,8
信号,8
般的,8
城篇,8
太妃糖,8
寻找,8
孩子,8
技能,8
要求,8
本条,8
起要,8
巴斯克,8
这场,8
奔赴,8
这件,8
表演,8
好玩,8
枫叶,8
循环,8
王炸,8
地点,8
脂晶球,8
童年,8
三点,8
星运,8
不错,8
甘蓝,8
前往,8
留在,8
正好,8
印尼,8
四川,8
含金量,8
合理,8
再也,8
记忆里,8
首站,8
心眼,8
空调,8
出席,8
曝光,8
鸡蛋,8
电解质,8
倒数,8
这位,8
收官,8
低温,8
整理,8
好味,8
栀子花,8
目标,8
以来,8
小游戏,8
发条,8
运动,8
原地,8
天津,8
生产,8
共计,8
meme,8
稳定,8
you,8
系统,8
DeepSeek,8
花丝,8
清雅,8
开赛,8
看过,8
观看,8
保持,8
这才,8
母亲节,8
流动,8
凉快,8
总统,8
来说,8
冰上,8
打成,8
拯救,8
直播间,8
身上,8
觉醒,8
博览会,8
光栅,8
顶部,8
亲自,8
开进,8
而是,8
付航生,8
证明,8
Boram,8
搜索,8
再配,8
采购,8
要说,8
三个,8
位置,8
镜头,8
答应,8
茶奶,8
鸡肉,8
实际,8
气息,8
闹钟,8
立春,8
夹心,8
cat,8
马来西亚,8
职场,8
成长,8
带劲,8
搓澡,8
没吃过,8
分店,8
画作,8
左下角,8
更配,8
低卡,8
清透,8
除外,8
每款,8
约定,8
入冬,8
日历,8
不含,8
首选,8
爆棚,8
你家,8
月饼,8
巴黎,8
美丽,8
街舞,8
随便,8
脂肪,8
实体,8
时隔,8
龙舟,8
统计,8
流出,8
知春,8
之间,8
中国航天,8
杯底,8
立体,8
粉扑扑,8
陶瓷杯,8
哪杯瑞,8
TOP,8
众测,8
碧螺春,8
葡萄干,8
浓浓,8
鹿头,8
当季,8
闺蜜,8
相思,8
der,8
tip,8
卡包,8
Ai,8
镖人,8
昆仑,8
荔枝果,8
柔和,8
抓紧时间,8
生椰拿铁二,8
起床,8
存在,8
日式,8
背景图,8
幸卷,8
铁半糖,8
冰季,8
百利,8
撒花,8
分割线,8
如梦令,8
颗颗,8
细滑,8
糯米饭,8
手机号,8
拿铁厚,8
香滑,8
羊角,8
撒上,8
两位,7
深烘上,7
是不是,7
奇怪,7
家里,7
身份,7
数字,7
审美,7
基底,7
收好,7
外带,7
晒出,7
此刻,7
高兴,7
百联,7
魔法,7
权威,7
哈啰,7
日至,7
几个,7
感恩,7
功能,7
亚克力,7
发出,7
最佳,7
吧唧,7
天冷,7
前来,7
可是,7
在家,7
cos,7
捣蛋,7
多久,7
围观,7
理解,7
珍藏,7
公园,7
超绝,7
丹麦,7
小声,7
其余,7
创新,7
超多料,7
五子棋,7
行李箱,7
甘甜,7
_______,7
琯溪,7
蜜柚,7
神奇,7
饮茶,7
喝瑞,7
预售,7
多种,7
不语,7
微信,7
预约,7
方程,7
达成,7
拍到,7
教师节,7
太热,7
手感,7
官宣瑞幸,7
校园,7
兔兔,7
杯瑞幸,7
内陷,7
落幕,7
拍了拍,7
投递,7
The,7
轻柔,7
转场,7
怎样,7
一眼,7
按钮,7
尺寸,7
转运,7
永存,7
重复,7
笔筒,7
世纪,7
交给,7
担当,7
翻译,7
图标,7
抓紧,7
厚厚,7
滑动,7
手动,7
力量,7
背景,7
很难,7
店里,7
节后,7
别错过,7
Coffee,7
相约,7
火山,7
入夏,7
制成,7
共赏,7
东方,7
利用,7
总共,7
反式,7
脂肪酸,7
阿斯巴甜,7
修图,7
健身,7
清冽,7
喝上,7
什么样,7
喝轻,7
花局,7
盆栽,7
眼前,7
喝冰,7
色感,7
人能,7
消失,7
就算,7
冻冻生,7
每一款,7
脑洞,7
美颜,7
Anthony,7
Um,7
相融,7
用心,7
加工,7
抬头,7
当瑞幸,7
茶粉,7
抢免,7
用来,7
浮雕,7
基地,7
明信片,7
Tips,7
会动,7
足够,7
酒香,7
右边,7
杯托,7
快到,7
表现,7
正是,7
宠物,7
财神,7
更大,7
顺利,7
出口,7
年味,7
zui,7
绝配,7
毕竟,7
价值,7
单限送,7
甜润,7
可见,7
码住,7
耳机,7
cup,7
年末,7
大冻梨轻,7
快快,7
年底,7
机场,7
平安夜,7
圣诞老人,7
到来,7
______,7
背后,7
网红,7
jio,7
好评,7
能力,7
广东,7
pingu,7
寻豆师,7
女王,7
畅快,7
限定版,7
内测,7
那杯,7
难度,7
首页,7
创造,7
蓝莓,7
决赛,7
yyds,7
红色,7
吸猫,7
茶点,7
常驻,7
中间,7
减肥,7
加满,7
比较,7
反复,7
爱拿铁,7
透明,7
奥运会,7
学到,7
沁爽,7
健儿,7
扑克,7
配合,7
舒适,7
提新,7
上周,7
重生,7
瓜瓜,7
通透,7
告白,7
表白,7
OK,7
表达,7
冰来,7
变色杯,7
THE,7
小可爱,7
不然,7
蝴蝶,7
gif,7
UCCA,7
公主,7
参数,7
高光,7
显眼,7
小蓝,7
冲泡,7
隔热,7
温润,7
汪顺,7
学生,7
爱情故事,7
玻璃杯,7
克莱因,7
三分,7
注定,7
互相,7
妥妥,7
尤其,7
味觉,7
59r,7
气罐,7
塑料,7
舒服,7
早晨,7
沦陷,7
何广智,7
承太郎,7
初雪,7
诱人,7
天堂,7
小巧,7
珍珠,7
JO,7
银毫,7
泡茶,7
回购,7
桃桃冰,7
景元,7
生椰乳茶,7
粉樱,7
名额,7
留意,7
诱惑,7
核桃,7
加持,7
木瓜,7
芒芒,7
浮云,7
潮流,7
初夏,7
登记,7
硅胶,7
香薰,7
小说家,7
糖衣,7
招牌,7
德国,7
闪电,7
湿巾,7
记忆,6
反应,6
尝到,6
相同,6
钥匙扣,6
传递,6
广告片,6
加急,6
售卖,6
这周,6
相伴,6
穿越,6
百年,6
重温,6
休息,6
影院,6
Lucky,6
免单,6
图内,6
背面,6
心里,6
茶汤,6
欢聚,6
二次,6
聪明,6
拍出,6
三杯,6
bot,6
有些,6
星河,6
百花齐放,6
三件套,6
刷新,6
霜降,6
喝生,6
神装,6
归来,6
各路,6
VS,6
无聊,6
秋意浓,6
集结,6
名称,6
等等等等,6
搬进,6
红宝石,6
爆汁,6
弹弹,6
放松,6
趣味,6
鲜榨,6
随时,6
春雪,6
地球村,6
食评,6
这口,6
口腔,6
要来,6
听到,6
理想,6
含赠,6
本人,6
叮咚,6
小红,6
发帖,6
孕妇,6
清晰,6
雪梨,6
爆浆,6
上海站,6
造句,6
留住,6
董成鹏,6
真能,6
李善德,6
门票,6
低调,6
入侵,6
原味,6
以及,6
多儿,6
旅游,6
地区,6
偶们,6
反转,6
短剧,6
情报,6
上半年,6
窗花,6
可盐,6
可甜,6
家人,6
电视剧,6
鲜灵,6
清清爽爽,6
澳洲,6
别人,6
科技,6
两周,6
成语,6
为啥,6
超出,6
认识,6
开玩笑,6
注明,6
拜托,6
炸裂,6
密码,6
动图,6
现代,6
偏好,6
置身,6
匠心,6
乳脂,6
像素,6
vlog,6
热爱,6
大川,6
郭雨昂,6
李娜,6
服务,6
茶园,6
真材实料,6
东魁,6
食用,6
白色,6
款轻食,6
Fun,6
哎呀,6
猛吸,6
一大口,6
答对,6
资深,6
更是,6
化妆,6
火箭队,6
这家,6
走来,6
当代,6
排名,6
如下,6
四周,6
全程,6
伟大,6
多言,6
中关村,6
极限,6
保护,6
路上,6
风铃,6
春色,6
彩色,6
因子,6
替换,6
万吨,6
氢化,6
题目,6
破纪录,6
想想,6
商场,6
店内,6
二月,6
出炉,6
call,6
表面,6
法国,6
不愧,6
生成,6
玩偶,6
吃法,6
狗狗,6
柔软,6
第一个,6
COS,6
场面,6
万事,6
激动,6
红红火火,6
打烊,6
贪吃蛇,6
尽享,6
彩排,6
OATLY,6
鲁迅,6
先生,6
处处,6
年货,6
一丝,6
喜庆,6
下来,6
加豆,6
拉萨,6
提升,6
咖啡粉,6
真相,6
摩天轮,6
微甜,6
奖奖,6
对联,6
针织,6
增添,6
AIGC,6
可惜,6
加班,6
看着,6
尊贵,6
年终,6
本命,6
看见,6
高度,6
按照,6
连线,6
特制,6
举办,6
人形,6
脆脆,6
单杯袋,6
差点,6
荣获,6
如约,6
流行,6
Aga,6
身影,6
色素,6
整颗,6
之一,6
请问,6
quan,6
知名,6
到位,6
稍微,6
茶韵,6
丰沛,6
膨胀,6
麦芽,6
雅思,6
有着,6
细品,6
开车,6
剧透,6
三天,6
齐白石,6
缤纷,6
说出,6
西藏,6
爱意,6
性价比,6
椰汁,6
包包,6
app,6
陈哲远,6
以为,6
emo,6
不断,6
椰果,6
MONSTERS,6
藏不住,6
美酒,6
水培,6
心灵手巧,6
花灯,6
气氛,6
粉樱荔荔,6
年会,6
亮度,6
公屏,6
可露丽,6
圣诞礼物,6
点燃,6
大学生,6
盛开,6
不失,6
富桂,6
三方,6
无法,6
调制,6
无敌,6
迸发,6
画画,6
亚洲杯,6
哈哈哈哈,6
水洗,6
花朵,6
坠入,6
粽子,6
余韵,6
于是,6
元券,6
特效,6
点开,6
图中,6
炫酷,6
口罩,6
负罪感,6
梦大,6
突然,6
奶奶,6
夺魁,6
爱凌,6
手气,6
清润,6
快去,6
谭松韵,6
狂欢节,6
价格,6
金果,6
蓬松,6
瑞友,6
奥利,6
橙色,6
截止,6
宝们,6
芬芳,6
火烈鸟,6
海冰萃,6
折起,6
含酒精,6
恰冰,6
冰厚,6
配有,6
沁园春,6
高质量,6
就是说,6
满庭芳,6
奶精,6
纯净,6
为底,6
每篇,6
之日起,6
达摩,6
精细,6
LV,6
水桶,6
杯品,6
刺杀,6
陶瓷,6
眼罩,6
粗暴,6
秋香,6
味泡,6
小别,6
波尔卡,6
焦香,5
一生,5
产生,5
号码,5
盒子,5
毛茸茸,5
层次感,5
互联网,5
感恩节,5
带点,5
新篇章,5
挑选,5
刺绣,5
幸会,5
航班,5
模式,5
Max,5
优惠,5
报道,5
发生,5
空间,5
递进,5
正面,5
大自然,5
起猛,5
咸乳茶,5
选美,5
兑换,5
最新版,5
复刻,5
变装,5
装扮,5
coser,5
波特兰,5
全面,5
VOGUEForcesofFashion,5
RedFaceOfFashion100,5
全屏,5
作答,5
一把,5
咸香,5
打包带,5
浓厚,5
需求,5
勇敢,5
热乎乎,5
漫步,5
花园,5
我来,5
团战,5
厉害,5
售罄,5
模仿,5
准时,5
金牌,5
味十足,5
赛季,5
常伴,5
嘴替,5
漫展,5
离不开,5
能装,5
四个,5
探索,5
一味,5
急速,5
检测,5
度过,5
色纸,5
战略,5
自从,5
星期四,5
火热,5
EstherBunny,5
一刻,5
书上,5
香港地区,5
一辈子,5
不变,5
补水,5
金黄色,5
特产,5
家乡,5
哪儿,5
大圣,5
不行,5
五款,5
两张,5
小猪,5
影元,5
主角,5
系列产品,5
且慢,5
真奶,5
馅料,5
是否,5
烦恼,5
出演,5
短片,5
没见,5
映前,5
拿下,5
大暑,5
解暑,5
冒泡,5
认证,5
突击检查,5
等到,5
说好,5
二次元,5
左边,5
改成,5
是因为,5
媒体,5
赠送,5
一手,5
齐开,5
New,5
唐诗,5
卷轴,5
VLOG,5
店员,5
足足,5
巧思,5
时节,5
清醒,5
HPP,5
此时,5
角度,5
账户,5
逾期,5
养生,5
总是,5
暂时,5
告别,5
放进,5
保姆,5
新杯,5
还给,5
怎么办,5
official,5
遗节,5
语音,5
藏族,5
编织,5
遗传,5
寓意,5
香精,5
冰少,5
启幕,5
超模,5
低至,5
立夏,5
愿意,5
户外,5
再说,5
喉咙,5
真有,5
太阳神,5
种植,5
少少,5
太美,5
亿点,5
动画,5
风筝,5
几款,5
落地,5
为生,5
魔术,5
奇迹,5
送礼,5
莫名其妙,5
原本,5
几分,5
休斯顿,5
商务,5
Douglas,5
众所周知,5
全攻略,5
优秀,5
春意,5
我会,5
工厂,5
千万别,5
春分,5
wigglewiggle,5
OOTD,5
花瓣,5
喃心,5
HANAheart,5
喝鲜萃,5
植树节,5
指尖,5
探班,5
马路,5
韧性,5
环节,5
首先,5
书包,5
客气,5
先别,5
粉蓝,5
哪吒,5
近期,5
新年好,5
咖爱,5
马尔济斯,5
祈愿,5
厚实,5
特别版,5
扫码,5
晒图,5
除夕,5
而战,5
福字,5
tiktokrefugee,5
故里,5
一票,5
线上,5
超强,5
相较,5
厚爱,5
16oz,5
揭开,5
澳大利亚,5
超有,5
出征,5
很大,5
福袋,5
物件,5
橙香,5
昨天,5
真心,5
没想到,5
转转,5
分离,5
历经,5
奖项,5
希格,5
枪杯,5
一则,5
头顶,5
各个,5
香喷喷,5
提醒您,5
干燥,5
美到,5
小猫咪,5
逗猫,5
小瑞为,5
无痛,5
保龄球,5
手心,5
没喝,5
生椰乳,5
更足,5
下层,5
气质,5
旋转,5
不耐,5
庞博,5
北方,5
节气,5
人工,5
证据,5
广深,5
柔滑,5
尾韵,5
年轻,5
仔细,5
空气,5
确实,5
有幸,5
明媚,5
任你选,5
完事,5
心理,5
滑入,5
中秋节,5
月瑞幸,5
耶耶,5
眼神,5
明白,5
小孩,5
明快,5
本月,5
原材料,5
芝香,5
运动会,5
加点,5
到货,5
结合,5
预热,5
游泳,5
手提袋,5
可可粉,5
哇哇,5
旗舰店,5
香水,5
纸包,5
考生,5
生命力,5
听听,5
呼声,5
未成年人,5
过敏者,5
火锅,5
一半,5
含有,5
评选,5
描述,5
鱼山饭,5
三件,5
风扇,5
大理石,5
一幅,5
源于,5
款瑞幸,5
单独,5
范围,5
初代,5
小姐,5
拼贴,5
联手,5
装满,5
欺骗,5
就让,5
秘诀,5
认真,5
接着,5
太空,5
招聘,5
制造,5
流程,5
解决,5
体质,5
变好,5
套组,5
龙井茶,5
强化,5
铁上,5
蓝天白云,5
南方,5
入梦,5
香香,5
灯谜,5
书皮,5
包书皮,5
出手,5
幸好,5
蛋奶,5
艺术品,5
反馈,5
慢慢,5
暹罗,5
徐明浩,5
灯笼,5
专享,5
吹到,5
白鹿,5
高叶,5
动动手,5
绵柔,5
延续,5
世界杯,5
想瑞,5
精髓,5
水豚,5
年轻人,5
有手,5
潘虎,5
单团,5
解馋,5
强烈,5
青梅竹马,5
99r,5
特殊,5
身体,5
疑问,5
蒸汽,5
甘醇,5
固定,5
尝过,5
火腿,5
89r,5
厚厚的,5
没人能,5
用力,5
__,5
款生,5
极致,5
比心,5
硬撑,5
传下去,5
欢乐,5
入魂,5
开店,5
叠加,5
商品,5
早八人,5
拿铁上,5
赶走,5
浓浓的,5
耶加,5
jo,5
指路,5
舒芙蕾,5
颗车,5
弹晶球,5
康康,5
握握,5
整套,5
每月,5
卡美罗,5
钱包,5
美图,5
绵绵,5
拿铁冰,5
新品种,5
甜莓,5
今夏,5
意大利,5
随意,5
高颜值,5
西柚果,5
不可,5
极了,5
档案馆,5
观音,5
泡澡,5
芋头,5
霸气,5
水龙吟,5
散发出,5
酒酿,5
冰沙为,5
初秋,5
控必,5
抹抹,5
绝绝,5
底料,5
粉荔荔,5
下发,5
蜂蜜,5
保温,5
官利路,5
Brown,5
浇上,5
阿华田,5
款瑞纳冰,5
澳白,5
乳好,5
审核,5
QGrader,5
可妮,5
樱拿铁,5
需为,5
河谷,5
挥手,5
炼乳,5
芝芝,5
铁季,5
腰果,5
FROM,5
小姐姐,5
全天,5
深烘豆,4
慢烘,4
起点,4
精准,4
呈现出,4
积累,4
卡豆,4
阶段,4
标志,4
压力,4
单券,4
萌物,4
来里,4
之上,4
电影院,4
复购,4
首创,4
今天下午,4
遗憾,4
创趣,4
Pro,4
交出,4
椰杨枝,4
你瑞,4
好礼,4
相应,4
鎏金,4
谷子,4
说话,4
礼貌,4
请见,4
海苔,4
设计师,4
清透感,4
一览,4
特大,4
热杯,4
发明,4
尴尬,4
暗号,4
登高,4
微缩,4
意义,4
内蒙,4
Forces,4
Fashion,4
土地,4
装进,4
BUG,4
不限,4
那边,4
身子,4
形容,4
复活,4
次数,4
AG,4
超玩会,4
酸爽,4
第二口,4
别怕,4
瑞幸史,4
不敢,4
只想,4
logo,4
全世界,4
五个,4
周围,4
分公司,4
看瑞幸,4
寻迹,4
惬意,4
地理,4
椰奶,4
争夺,4
爆料,4
网快,4
喜讯,4
犒劳,4
罗永浩,4
清苦,4
苦感,4
巨型,4
桑葚,4
晚上,4
发货,4
手势,4
几率,4
馈赠,4
猜猜看,4
解渴,4
说唱,4
从此,4
笑脸,4
充沛,4
苹果汁,4
脂低,4
早起,4
仔仔,4
搞定,4
沙滩,4
新体验,4
撞奶,4
预祝,4
圆满成功,4
星期六,4
赠品,4
不知,4
从不,4
减脂,4
桂香,4
地铁,4
嘿嘿,4
珍贵,4
浪浪,4
火速,4
瑞门版,4
一路,4
高管,4
小夜灯,4
灭暑,4
绿豆,4
半个,4
不了,4
屁屁,4
队长,4
哪位,4
在场,4
巨大,4
天后,4
出去玩,4
糟糕,4
aha,4
做客,4
同意,4
点点,4
赞助,4
偷拍,4
属实,4
美国,4
天热,4
半年,4
厚切,4
双瓣,4
充盈,4
Shake,4
一上午,4
爸爸,4
父亲节,4
裸眼,4
进度,4
大奖,4
视为,4
喝过,4
为止,4
耐心,4
大道,4
复古,4
小朋友,4
超酷,4
一道,4
气球,4
Luckin,4
Latte,4
on,4
邀请函,4
奔鹿,4
挑花,4
蝴蝶花,4
展览,4
天天,4
美事,4
低成本,4
最最,4
鹿鸣,4
领导,4
回答,4
您好,4
扔掉,4
愿君,4
莫离,4
胡光俊,4
陈星羽,4
盲袋,4
开放,4
精美,4
分量,4
哪有,4
喝柠,4
名将,4
一夏,4
哪种,4
补给,4
交易,4
客户,4
撞色,4
柠檬汁,4
悬赏,4
________,4
比例,4
橙门,4
整活,4
UP,4
掌声,4
一夜,4
跳舞,4
宽窄,4
巷子,4
心愿,4
闷热,4
声音,4
回忆,4
够快,4
上天,4
太好了,4
报报,4
ZANMANG,4
LOOPY,4
生椰季,4
气温,4
吸溜,4
长得,4
入选,4
片场,4
地图,4
岛主,4
第一届,4
当前,4
会展中心,4
论坛,4
意外,4
驾到,4
冰冰凉,4
香茶,4
咕卡,4
野餐,4
承载,4
之外,4
领个,4
睡眠,4
保山,4
春风,4
日瑞幸,4
装置,4
大放送,4
纯享,4
胜诉,4
采摘,4
香卡,4
个字符,4
节日快乐,4
图里,4
顺序,4
相见,4
茶杯,4
大冒险,4
干什么,4
期待已久,4
小屋,4
质量,4
导致,4
少甜,4
假如,4
称号,4
火不火,4
谷物,4
总数,4
提子,4
果干,4
波点,4
毛绒绒,4
汪汪,4
汤圆,4
已知,4
修勾,4
现实,4
换装,4
一看,4
说明书,4
没领,4
大吉,4
颤抖,4
单点,4
放大,4
一口气,4
迷路,4
三部曲,4
酥松,4
平安,4
保障,4
特辑,4
速度,4
央视春晚,4
天一,4
my,4
中路,4
No1,4
黄浦区,4
年前,4
编织袋,4
Origin,4
all,4
碎片,4
总部,4
高达,4
鼓包,4
夸夸,4
回顾,4
调节,4
本身,4
试过,4
第一批,4
元旦,4
烟花,4
好彩头,4
超超超,4
大橘,4
祝愿,4
刮刮卡,4
接收,4
有礼,4
晒晒,4
李庚希,4
解冻,4
很小,4
轻乳,4
界面,4
首日,4
车轮,4
加码,4
最终,4
上演,4
latte,4
雪花,4
地位,4
大战,4
超爱,4
不好,4
好险,4
逃出,4
衣服,4
测测,4
偷感,4
沙拉酱,4
热少,4
类型,4
单限,4
有赠,4
保存,4
到手,4
外壳,4
圆形,4
营养师,4
包来,4
过于,4
特别篇,4
霸占,4
soe,4
北上,4
秋季,4
文笔,4
佐餐,4
小瑞一,4
喜报,4
云朵,4
直面,4
糖度,4
锁住,4
来份,4
纸质,4
忘记,4
九块,4
因此,4
来领,4
绣球,4
契合,4
可用,4
IP,4
没收,4
客官,4
续命,4
最大,4
放入,4
召唤,4
微妙,4
喝掉,4
女子,4
任哲,4
拜拜,4
充满,4
克制,4
拿铁生,4
鉴定,4
色号,4
举杯,4
思考,4
做出,4
热到,4
来点,4
搅匀,4
录取,4
所愿,4
花式,4
怡人,4
强烈建议,4
工牌,4
驾驶人员,4
请勿,4
烧烤,4
确诊,4
四年,4
上榜,4
耐磨,4
第三,4
尼莫,4
维也纳,4
蒋勤勤,4
幸运儿,4
合照,4
看起来,4
标配,4
白巧,4
优惠券,4
越香,4
负责,4
甚美,4
大礼包,4
两城,4
这块,4
第四,4
内在,4
LOGO,4
每年,4
出行,4
有望,4
黄色,4
认领,4
情绪,4
一点点,4
饮料,4
先后,4
椰青,4
事件,4
黑暗,4
即使,4
杯塞,4
椰皇,4
研究,4
踏青,4
冷感,4
火爆,4
困难,4
面试,4
硬核,4
既然,4
满嘴,4
人间,4
每份,4
茅台酒,4
独有,4
之作,4
十大,4
而成,4
对比,4
呼唤,4
低热量,4
几步,4
拿走,4
三体,4
马蒂斯,4
闻到,4
瑞幸瑞,4
操作,4
顶得住,4
恢复,4
构图,4
鲜明,4
阴影,4
对比度,4
关键,4
锐度,4
双肩包,4
教会,4
深海,4
意境,4
走秀,4
早八,4
新年礼物,4
模板,4
磨豆机,4
福气,4
绿宝石,4
实力派,4
红蓝,4
鼓鹿鹿,4
消费,4
正常,4
官罗翔,4
课堂,4
普法,4
解惑,4
瀑布,4
Dun,4
淡雅,4
想到,4
致敬,4
迎国庆,4
立刻,4
与众不同,4
减负,4
血脉,4
失去,4
电子竞技,4
te,4
桃香,4
维密,4
环球,4
特权,4
假嘟,4
小甜,4
醇醇,4
融于,4
漱石,4
橙橙瑞纳冰,4
扑面而来,4
产品名,4
海边,4
plog,4
相机,4
咸咸,4
SCA80,4
一整杯,4
冰瑞幸,4
哇噻,4
闽南,4
强度,4
随享,4
罢了,4
松松软软,4
刘畊宏,4
爱冰,4
奶绿瑞纳冰,4
生菜,4
果酸,4
冯唐,4
三里屯,4
组团,4
沙雕,4
hin,4
调查,4
星球,4
前面,4
具体地址,4
小冰风来,4
幸生,4
生日礼物,4
犹豫,4
散发,4
照着,4
芒瑞纳冰,4
茶瑞纳,4
会爱,4
上班族,4
动作,4
空条,4
伤心,4
挂历,4
一整套,4
折扣,4
热半糖,4
事儿,4
布蕾,4
第三种,4
有种,4
托特,4
呜呜,4
一诺,4
软软,4
小点,4
一把子,4
得出,4
任何人,4
无糖,4
mix,4
榴莲果,4
软滑,4
海风,4
对象,4
哇瑞,4
棉花,4
饱腹,4
卡龙,4
威士忌,4
钻石,4
务必,4
破防,4
远山,4
dddd,4
edg,4
分子,4
粒粒,4
有料,4
自由式,4
蓝豆,4
有效期,4
盖子,4
冷冷,4
软曲,4
代替,4
皆宜,4
奶泡,4
福州,4
闽东,4
资格,4
醉人,4
大富,4
富贵,4
梦境,4
搅拌棒,4
兰芝,4
星星,4
宇治,4
黑骑士,4
甜美,4
注册,4
张券,4
绯红,4
难以,4
冰芒,4
桃桃茉香,4
台式,4
老规矩,4
桃味,4
轻甜,4
苦涩,4
慕斯馅,4
来临,4
泳池,4
花海,4
慵懒,4
减少,4
损失,4
防滑,4
内胆,4
食品级,4
熊可妮,4
ONO,4
爱神,4
撞入,4
独立,4
长廊,4
羊羔绒,4
熊莎莉,4
乳拿铁为,4
而行,4
念奴娇,4
整单,4
味稀,4
张占,4
职责,4
圈瑞幸,4
TOPPING,4
江豚,4
各得,4
果仁,4
酸梅,4
优格,4
可尔,4
必思,4
激发,3
这题,3
人机,3
独一无二,3
多地,3
后期,3
类似,3
触发,3
关键词,3
此款,3
完整版,3
意想不到,3
每位,3
瑞王卡,3
告罄,3
朱迪,3
蜜香,3
配着,3
静候,3
旅途,3
目的地,3
乘坐,3
小瑞用,3
上海南京东路,3
步行街,3
场店,3
露脸,3
童话,3
痛车,3
第一份,3
开卡,3
详见,3
搭档,3
店面,3
金融街,3
要是,3
开播,3
落叶,3
浪费,3
企鹅,3
千目级,3
级别,3
宣传,3
还好,3
裁剪,3
纸杯,3
一图,3
饮杯,3
爷爷,3
早就,3
见到,3
This,3
永动机,3
脚步,3
圆圆的,3
星光,3
咸味,3
内蒙古,3
四城,3
不再,3
旅程,3
准确,3
狍角帽,3
接到,3
保暖,3
一不小心,3
痛饮,3
六神,3
杨雨光,3
详情请,3
暖意,3
酸豆角,3
张兴朝,3
梦泪,3
开会,3
定格,3
战士,3
到达,3
首位,3
团圆,3
咖啡屋,3
担任,3
写下,3
椰肉,3
现萃,3
多家,3
bushi,3
缓缓,3
剩下,3
十字路口,3
一期,3
聊聊天,3
忘啦,3
短萃,3
列车,3
乐园,3
对于,3
紧急,3
上架,3
影响,3
仍然,3
ID,3
跃迁,3
变色,3
十点,3
Happy,3
天山,3
冰糖,3
rua,3
NBA,3
丝瓜,3
小帕,3
安岳,3
弹软,3
足不出户,3
在意,3
增长,3
自拍,3
聚瑞幸,3
这套,3
之乡,3
出示,3
等于,3
大果,3
全方位,3
超解腻,3
一模一样,3
库拉索,3
多喝水,3
柚香,3
本品,3
好怪,3
原有,3
出去,3
原版,3
美团,3
山嘻行,3
四人,3
师傅,3
表皮,3
传来,3
Yamy,3
小迷糊,3
明星,3
当成,3
两套,3
适用,3
停止,3
婚后,3
回门,3
怀念,3
餐车,3
最棒,3
几天,3
夫妻,3
个头,3
忙碌,3
黑衣人,3
太爱,3
细闪,3
不学,3
周二,3
科技园,3
盛世,3
盛唐,3
打包,3
感拉满,3
八百里,3
台词,3
印象,3
最深,3
出场,3
脂椰青冻,3
这组,3
友情,3
周奇,3
利器,3
years,3
later,3
快马加鞭,3
青瓜,3
小红书演,3
嘎嘎,3
iPhone,3
一座,3
___________,3
填写,3
放弃,3
早上好,3
征战,3
喜事,3
首届,3
认为,3
每一处,3
麦香,3
大部分,3
李雪琴,3
严格,3
准备就绪,3
炫瑞幸,3
过节,3
茶瑞幸,3
2025WLAC,3
用豆,3
拉花,3
will,3
with,3
at,3
张淼怡,3
找到啦,3
体现,3
数字化,3
承人,3
杨华珍,3
工作室,3
人道,3
安银,3
图样,3
日来,3
吉祥,3
咖新,3
更具,3
撕拉,3
黄奕,3
古蜀,3
研究所,3
织造,3
技艺,3
阿姜,3
夔龙,3
工序,3
古老,3
如意,3
含轻,3
太酷,3
曾辉,3
新型,3
象征,3
消耗,3
卡路里,3
爆表,3
京剧,3
那款,3
还会,3
公式,3
运动包,3
看得见,3
方向,3
状况,3
正值,3
三城,3
成都市,3
星空,3
找小瑞,3
一篇,3
茶味重,3
懂事,3
GPT,3
热点,3
气运,3
幽默,3
坐坐,3
巴适,3
尾巴,3
罗予,3
黑色,3
一旦,3
兄弟,3
生命,3
播种,3
谢帝,3
放映,3
除此之外,3
速览,3
果然,3
王蓉,3
风筝节,3
画报,3
求助,3
胜利,3
永胜,3
第五届,3
麒麟,3
嘴里,3
退退,3
比生,3
椰是,3
海南,3
火箭,3
退圈,3
富含,3
股东大会,3
解压,3
绶带,3
踏上,3
生椰说,3
赵昭仪,3
从瑞幸,3
亲手,3
机器人,3
来源,3
辛云来,3
江湖,3
江南,3
咖真,3
眼前一亮,3
春困,3
UPUPUP,3
玫玫粉,3
呵护,3
生物,3
发展,3
一个月,3
早点,3
加工厂,3
形状,3
爆炸,3
占领,3
am,3
that,3
群岛,3
签署,3
资源,3
生椰拿铁瑞幸,3
店来,3
江汉路,3
多出,3
春天里,3
重瓣,3
青青,3
叶子,3
王星,3
倡议,3
产季,3
纪录,3
大厂,3
腾讯,3
摸过,3
鹿上,3
第二期,3
外层,3
采访,3
中央,3
茶叶,3
共赴,3
七星,3
太阳系,3
仅供参考,3
面前,3
其次,3
出圈,3
浸泡,3
越莓,3
萌萌,3
跳跃,3
背上,3
收拾,3
上学,3
扁扁,3
红墙,3
位新,3
问候,3
吸引,3
叠叠,3
直到,3
黑森林,3
Butterbear,3
MP4,3
复杂,3
对戒,3
松脆,3
转圈圈,3
怦然心动,3
回复,3
疲惫,3
俗话说得好,3
狗头,3
当日,3
班味,3
真爱粉,3
光是,3
初五,3
年初,3
小财神,3
参考,3
迷宫,3
中华美食,3
大王,3
喜乐,3
演职人员,3
祝您,3
喝后,3
小瑞带,3
ee,3
星年,3
tax,3
Red,3
Date,3
高铁,3
笔下,3
加购,3
投出,3
购物,3
小年,3
金黄,3
即化,3
浓度,3
送祝福,3
Spring,3
Festival,3
are,3
from,3
everyone,3
have,3
民间,3
蛇皮袋,3
为何,3
Single,3
espresso,3
承蒙,3
neighbors,3
邻居,3
me,3
功夫,3
建筑,3
室内,3
耶加雪菲豆,3
friends,3
nice,3
专注,3
张力,3
四季,3
有所不同,3
太甜,3
一到,3
写字,3
花纹,3
腊八粥,3
幕后,3
纪录片,3
问问,3
平时,3
苔花,3
公约,3
零点,3
天选,3
玩法,3
孟佳,3
心想事成,3
大利,3
如云,3
四平八稳,3
年终总结,3
心想,3
很浓,3
暖冬,3
五店,3
非常感谢,3
对瑞幸,3
手艺人,3
爆爆,3
仓库,3
梨汁,3
小妙,3
英文,3
贺电,3
杂志,3
烟火,3
东三省,3
运气,3
联系,3
杨仕泽,3
护士长,3
似乎,3
小票,3
出错,3
大雪,3
闫妮,3
神妙,3
马卡龙,3
联上,3
寄出,3
不爱,3
并瑞幸,3
咖瑞幸,3
咖控,3
想来,3
小事,3
猪猪,3
李川,3
成本,3
高手,3
连锁,3
飞行,3
再续,3
受邀,3
blingbling,3
披荆斩棘,3
庆怜,3
早饭,3
形成,3
撕膜,3
醒来,3
划走,3
Agnieszka,3
Rojewska,3
专场,3
成就,3
笑点,3
再添,3
相册,3
多样,3
盛事,3
别急,3
椰乳,3
顺便,3
随手,3
速报,3
学长,3
不信,3
收图,3
城店,3
闪现,3
单送,3
种类,3
牧场,3
巡回赛,3
主宰,3
土壤,3
她们,3
一支,3
清洗,3
萦绕,3
运动员,3
温和,3
心仪,3
跨越,3
区间,3
凸显,3
自家,3
大师级,3
瑞前,3
瑞后,3
萨摩耶,3
提到,3
眼力,3
青春,3
JIMMY,3
LIAO,3
city,3
纸团,3
要配,3
下联,3
能瑞,3
诗意,3
七窨双瓣,3
这杯生,3
严屹,3
身材,3
吃吃喝喝,3
眼睛,3
晃动,3
摇晃,3
椰冰摇,3
一声,3
颗莓果,3
好巧,3
第二周,3
冰力,3
震摇,3
口大口,3
三段,3
酒感,3
用瑞幸,3
金刚,3
约等于,3
怎么样,3
猜中,3
不好意思,3
后来,3
一致,3
材料,3
鹿纹,3
祥瑞,3
专用,3
可领,3
只用,3
第一周,3
月历,3
李治良,3
混双,3
会爱上,3
乒乓球,3
侯明昊,3
HAND,3
抓到,3
彭元,3
吴敏霞,3
李小鹏,3
篮球队,3
王影璐,3
闪开,3
尽兴,3
特设,3
位于,3
现制,3
MAX,3
momo,3
歌手,3
热门,3
模糊,3
陈瑶,3
艺术展,3
由上,3
上美影,3
经典作品,3
乳香,3
麻辣,3
棒棒,3
吊瓶,3
大量,3
City,3
无醇,3
低于,3
喝酒,3
再现,3
上层,3
升级版,3
锁定,3
实至名归,3
再接再厉,3
爆品,3
徐海,3
今年夏天,3
留念,3
陈明昊,3
阿那,3
戏剧节,3
冰少少,3
左右,3
白天,3
大打折扣,3
小瑞先,3
柯基,3
安康,3
上岸,3
阿如,3
针对,3
摆件,3
步入,3
不管,3
快要,3
行为,3
牌子,3
同开,3
一万年,3
乌鲁木齐,3
前段,3
赛事,3
供应商,3
正版,3
周雨彤,3
作用,3
样式,3
令人,3
胶片,3
纵享,3
小时候,3
正经,3
青柠,3
停下来,3
必点,3
确幸,3
甚至,3
醒醒,3
第一步,3
养花,3
不装,3
产品线,3
小于,3
超有料,3
截至,3
投产,3
应用,3
超人气,3
凉感,3
23g,3
三周年,3
郑合,3
惠子,3
摇身一变,3
玛特,3
POP,3
MART,3
福音,3
过生日,3
共享,3
奇奇怪怪,3
哥斯拉,3
部门,3
如此,3
精细化,3
发挥,3
虽说,3
算了,3
优化,3
当地,3
好奶,3
元梦瑞幸,3
名茶,3
时装,3
甜水,3
便利,3
暖气,3
刀片,3
可别,3
桌上,3
一线,3
林黛玉,3
天空,3
买不起,3
动手做,3
爱住,3
扑克牌,3
喝金龙,3
清澈,3
转盘,3
异常,3
饱和度,3
色温,3
换成,3
清晰度,3
豆中,3
本真,3
初尝,3
gpt,3
甜橙,3
男子,3
年瑞门,3
对手,3
声明,3
古早,3
段奕宏,3
依然,3
一名,3
更能,3
受欢迎,3
过冬,3
小提示,3
ins,3
battle,3
钟楚曦,3
不宜,3
能够,3
拿铁里,3
购物车,3
开课,3
第一波,3
全是,3
ChLoe,3
体会,3
约会,3
热烈,3
组织,3
填空,3
超越,3
批批,3
比利时,3
周四,3
命运,3
宣瑞幸,3
NASA,3
赛格,3
孙艺洲,3
带杯,3
饱和,3
招财,3
烫金,3
田嘉瑞,3
张郁,3
统一,3
QA,3
摊牌,3
入秋,3
金秋,3
细细品味,3
发酵,3
热度,3
西米,3
软萌,3
爱心,3
先粉,3
赠完,3
降临,3
SHOW,3
切换,3
超甜,3
充电,3
纸袋子,3
摆在,3
分开,3
交通枢纽,3
尽情,3
牛皮纸,3
成年人,3
并发,3
张晚,3
芭比,3
小兔兔,3
DDDD,3
经常,3
女孩,3
意思,3
杠杠,3
干嘛,3
蝴蝶结,3
钻瑞纳,3
含藻,3
魔芋,3
调研,3
花瓶,3
PLAR,3
紫色,3
热化,3
放肆,3
依次,3
大作,3
清冷,3
过后,3
雪山,3
内心,3
好运气,3
平凡,3
大瑞特瑞,3
棒棒糖,3
剪下,3
控制,3
放心大胆,3
奶酥,3
层层叠叠,3
黄流,3
教练,3
西岸,3
文化周,3
中带,3
困困,3
喻言,3
再瑞,3
彻底,3
feel,3
专治,3
后面,3
提绳,3
开整,3
滴冰,3
椰拿铁好,3
持久,3
柏林,3
杯测,3
生日蛋糕,3
谷爱,3
刘令姿,3
请大,3
茶芒,3
备注,3
美腻,3
uu,3
肉眼,3
无比,3
隆重,3
剪下来,3
谷雨,3
调和,3
徐若晗,3
夸爆,3
冰火,3
危地马拉,3
驴子,3
狂飙,3
显示,3
40w,3
瑞点,3
电影票,3
谷爱凌谷,3
顶峰,3
小杯,3
研发部,3
三口,3
瑞粉们,3
碎碎,3
阿凡,3
真诚,3
黑巧味,3
巴旦,3
图来,3
图源,3
简洁,3
拿铁来,3
求求,3
文文,3
乘风破浪,3
姐姐,3
出新,3
竞赛,3
厌氧,3
周期,3
150180ml,3
一盒,3
求下联,3
黑板,3
不得,3
慧兰,3
冷厚乳,3
脆片,3
苏丹,3
社交,3
营养,3
错误,3
吼吼,3
喝厚,3
烘烤,3
69r,3
一单,3
谨慎,3
乳制品,3
忍住,3
发动,3
咸口,3
孤寡,3
不咕呱,3
哥哥,3
加冰,3
朗姆酒,3
配送费,3
吸到,3
蔗糖,3
味冰沙,3
挂壁,3
女孩子,3
蓝白,3
差评,3
人手,3
考前,3
双厨,3
桃桃雪,3
井崎英典,3
总监,3
吸桃,3
冰生,3
偶尔,3
樱樱,3
起飞,3
昵称,3
桃桃瑞,3
嫩嫩的,3
首杯,3
生椰厚,3
不下,3
如其,3
蓝丝绒,3
嗷嗷,3
香脆,3
九州,3
更多人,3
误杀,3
热呼呼,3
bb,3
感受一下,3
不停,3
冷空气,3
密封,3
化得,3
辨识,3
girl,3
收下,3
党们,3
火鸡,3
一缕,3
生椰小,3
满足感,3
酪酪,3
好料,3
轻薄,3
强推,3
厚积薄发,3
巴士,3
醇和,3
星人,3
拿铁有,3
触感,3
沁人心脾,3
大桂,3
乳瑞纳冰,3
浅苦,3
泰式,3
抽取,3
西番莲,3
简约,3
身手,3
大容量,3
磨砂,3
荔荔,3
瓦尔登湖,3
有颜,3
打底,3
墨西哥,3
愉悦,3
仔细阅读,3
走心,3
节假日,3
桃星,3
桃丁,3
似有若无,3
椰风,3
原价,3
CRAIG,3
KARL,3
火龙果,3
伴随,3
向上,3
高端,3
多冷榨,3
豹猫,3
肉桂,3
装盛,3
小黄花,3
百搭,3
岛屿,3
一大,3
喝出,3
印花,3
防烫,3
柔光,3
收件,3
试用,3
经由,3
思南,3
公馆,3
不妨,3
米兰,3
开年,3
片子,3
峡谷,3
树林,3
骨瓷,3
BROWN,3
加盟费,3
营销,3
创业,3
可期,3
各具,3
顶料,3
铁厚乳,3
严苛,3
垃圾,3
武夷,3
芙瑞,3
幸司,3
康瑞幸,3
Kakuno,3
钢笔,3
MAHLKONIG,3
PROBAT,3
mosh,3
太空舱,3
新上,3
味司康,3
唇齿,3
银杏,3
岁末,3
珍珠奶茶,3
香芋,3
醉心,3
爽滑,3
弹桃桃,3
桃芝,3
自由组合,3
毫升,3
直降,3
正片,2
核心,2
15min,2
这般,2
树叶,2
难句,2
构建,2
浏览,2
浓烈,2
突出,2
黑巧尾韵,2
淡淡地,2
太冷,2
打动,2
记录下来,2
更要,2
预计,2
尼克,2
携带,2
高扬,2
首映礼,2
飞往,2
万里,2
登机,2
旅客,2
伴手,2
已备,2
一感,2
由瑞幸,2
单骑,2
一程,2
单瑞,2
自留,2
没拿到,2
杯生,2
瑞王,2
资讯,2
可动,2
咖的,2
一探,2
鹿透,2
玩意,2
蓝是,2
关子,2
随身携带,2
光影,2
购物中心,2
看萌,2
拉开序幕,2
八杯,2
典藏,2
眨眼,2
调色盘,2
脸上,2
造成,2
食物,2
延长,2
高雅,2
威廉,2
宜喝,2
对齐,2
千目,2
常用,2
拍谷,2
BGM,2
一响,2
返图,2
怀疑,2
地铁站,2
城篇定,2
鲜醇,2
豆香,2
日高燃,2
画笔,2
固体,2
包接,2
开拓,2
没干,2
草坪,2
老喝家,2
郑重声明,2
立志,2
区用,2
须知,2
重阳节,2
To,2
会替,2
风光,2
炒米,2
天上,2
锅茶,2
深秋,2
投币,2
一片,2
鄂伦春族,2
双向,2
老乡,2
椰冻,2
六款,2
热着,2
英雄,2
满血,2
最多,2
如今,2
料理,2
曾经,2
酸掉,2
鹿角,2
无趣,2
恍惚,2
But,2
拉开帷幕,2
随单,2
攻击,2
地道,2
秋意,2
轻易,2
一喝,2
Carry,2
BUFF,2
辅助,2
战场,2
首秀,2
松弛,2
TIME,2
直达,2
睁开眼,2
不足,2
成绩,2
第三轮,2
观赛,2
CICF,2
董嘉琪,2
Tiffany,2
喜人,2
开来,2
口红,2
开发,2
一滴,2
假日,2
摄影师,2
博主半罐,2
请来,2
营业时间,2
号馆,2
年内,2
提笔,2
百色,2
红西,2
DuangDuang,2
预备,2
___,2
湖海,2
焕新,2
拿铁邀,2
组队,2
纯属,2
点来,2
几了,2
专区,2
秋分,2
中午,2
平分,2
chill,2
不涩,2
享丝滑,2
环亚,2
凯瑟琳,2
奇美,2
畅游,2
LUCKY,2
相遇,2
VOGUEMAN,2
月刊,2
石头,2
出色,2
组成,2
万个,2
15W,2
注意事项,2
限购,2
许愿池,2
H5,2
及其,2
小白巧,2
冷变,2
实拍,2
Hi,2
蔬果,2
喝下,2
站点,2
放送,2
翻到,2
启程,2
风景,2
酣畅淋漓,2
Day,2
椰子树,2
秋老虎,2
SHarK,2
呆呆,2
Apple,2
咱们,2
暂别,2
平衡感,2
球星,2
街球,2
霸王,2
一首歌,2
难选,2
牌面,2
落日,2
海滩,2
日落,2
带你去,2
豹到,2
指导,2
平阴,2
限于,2
温差,2
脆爽,2
P4,2
迷倒,2
睁眼,2
ber,2
提提神,2
入学,2
发卡,2
改变,2
香慕斯,2
派送,2
前后,2
遵守,2
秩序,2
粒桃桃,2
高萌来,2
萌到,2
天地,2
何物,2
显贵,2
作画,2
漂亮,2
咸宁,2
贡品,2
物主,2
理人,2
取经,2
四人组,2
抬起,2
线路图,2
满屏,2
填入,2
明朗,2
删除,2
少壮,2
剩余,2
妖来,2
先给,2
拼好团,2
当年,2
近日,2
师兄,2
华容道,2
反面,2
咬下,2
上海浦东新区,2
两年,2
色变,2
味变,2
粤语,2
苦尽甘来,2
支线,2
接荔,2
本来,2
凉方,2
居家,2
不买,2
不算,2
专利,2
减脂期,2
运镜,2
难题,2
橙意,2
烤验,2
讨好,2
随份子,2
开门,2
度蜜月,2
蝉鸣,2
微风,2
主顾,2
Delicious,2
stlich,2
上开,2
凉爽,2
里开,2
绿豆沙,2
空白,2
售后,2
李佳薇,2
结婚照,2
应援,2
行程,2
到场,2
默默,2
剧情,2
第二集,2
阴谋,2
大结局,2
张远,2
第一集,2
联姻,2
到处,2
不光,2
劝学,2
余量,2
笔记本,2
豆沙,2
座位,2
席位,2
非正式,2
招商,2
容错过,2
近缘,2
NYC,2
纽约,2
York,2
NY,2
晒黑,2
白猫,2
黑猫,2
新开业,2
清华,2
大唐,2
壁画,2
激烈,2
爱荔,2
塔宝,2
千年,2
周六,2
为您服务,2
六边形,2
蔡鹭,2
圣人,2
摘下来,2
难过,2
柚汁,2
冲浪,2
一骑,2
无人机,2
摘下,2
珍惜,2
哪句,2
追剧,2
六月,2
爽利,2
暑气,2
这颗,2
苏谅,2
保鲜,2
办法,2
女巫,2
毒药,2
聊天记录,2
PS5,2
包下,2
及时,2
区区,2
李白,2
吱声,2
江苏,2
所在,2
哪家,2
好了吗,2
屋里,2
下架,2
百变,2
Time,2
懒懒,2
奇亚籽,2
委以重任,2
内里,2
蔬菜,2
第一线,2
可挂,2
躺平,2
睿智,2
食材,2
Blend,2
Beans,2
for,2
WLAC,2
决战,2
之巅,2
位出,2
聆听,2
第九届,2
物质,2
文化遗产,2
诚邀,2
记住,2
双手,2
引擎,2
滑到,2
P3,2
遗让,2
人非,2
鹿图,2
栀香品,2
辅以,2
窨制,2
唯有,2
安王,2
晓璐,2
学士,2
香得,2
海伦,2
舍得,2
朵花,2
早已,2
书写,2
遗非,2
纹样,2
祥云,2
每袋,2
川茶,2
足量,2
蓄满,2
太强,2
超火,2
啥意思,2
讲清楚,2
总任务,2
拿出,2
兼得,2
更近,2
个点,2
多余,2
热卖,2
MODEL,2
梅派,2
青衣,2
ANG,2
起范儿,2
CHINA,2
鲜橙,2
POWER,2
击穿,2
热量表,2
发愁,2
咖吧,2
高能,2
脑子里,2
王柳懿,2
王芊懿,2
长假,2
同比,2
波普系,2
综合,2
波普,2
插播,2
播放,2
呼叫,2
椅子,2
滨江,2
红星路,2
步行,2
就够,2
着急,2
冰快,2
子涵,2
之子子涵,2
同框,2
护花使者,2
有面,2
一抖,2
二姐,2
麻麻,2
两边,2
牛仔,2
跺脚,2
设定,2
ONER,2
正着,2
一曲,2
传说,2
之翼,2
使者,2
太阳,2
慰藉,2
挤进,2
上街,2
概念,2
来源于,2
发芽,2
生出,2
绿意,2
Couplehunnid,2
citywalk,2
力荐,2
前有,2
上限,2
敦煌,2
凉风,2
梦想,2
潍坊,2
脆生生,2
键入,2
放过,2
帮花局,2
西瓜汁,2
煎煎,2
一绝,2
夏生,2
单手,2
消费品,2
夏季,2
强势,2
变变,2
我配,2
下线,2
赶上,2
怪害,2
这口瓜,2
大瓜,2
逐渐,2
升温,2
西行,2
游乐园,2
豆腐脑,2
位列,2
cut,2
愚人节,2
修退,2
没什么,2
南纬,2
滋养,2
不间断,2
对生,2
新增,2
come,2
生日会,2
一鹿,2
妹宝,2
只为,2
生图,2
展位,2
JD,2
会场,2
京东,2
蒙克,2
文明,2
春和景明,2
ourspring,2
速饮,2
一亮,2
春意浓,2
WWF,2
基金会,2
献出,2
家园,2
供应链,2
理念,2
开幕式,2
睡个,2
好觉,2
到家,2
处理厂,2
五彩斑斓,2
浅浅,2
about,2
Coconut,2
印度尼西亚,2
备忘录,2
年瑞幸,2
符合,2
里程碑,2
中山大道,2
多彩,2
踏春,2
更爱,2
打假,2
案瑞幸,2
瑞幸诉,2
假瑞,2
幸案,2
食品,2
提出,2
鲜叶,2
指间,2
一头,2
鲜花,2
国际妇女节,2
恰逢,2
轻轻地,2
五颜六色,2
春意盎然,2
合影留念,2
银色,2
造景,2
新茶,2
均衡,2
园里,2
见鹿,2
连珠,2
从前,2
形象,2
吉祥物,2
白兰地,2
我能,2
有事没事,2
醇正,2
去瑞幸,2
木子,2
武商,2
湖北,2
无数,2
早安,2
双色,2
有关,2
频道,2
没尝过,2
一并,2
升级成,2
杏好,2
票房,2
之魔童,2
闹海,2
饺子,2
人头像,2
收取,2
何尝,2
红富士,2
重启,2
综合症,2
脂真,2
咖星,2
要冲,2
用杯,2
吃饭,2
瑞评,2
deepseek,2
土拨鼠,2
亚冬会,2
求问,2
作息,2
本狗,2
金毛,2
毫无,2
几次,2
梨子,2
热映,2
接财神,2
这下,2
分得清,2
愿望,2
最配,2
纸张,2
帮助,2
拜年,2
露一手,2
大年初三,2
行动,2
第一部,2
滴神,2
三层,2
变化,2
新春佳节,2
吃掉,2
签名,2
亲笔签名,2
现世,2
相声,2
献瑞,2
大年初一,2
西岐,2
重现,2
今年过年,2
团聚,2
战火,2
僧格仁钦,2
赠卡牌,2
实用性,2
五福,2
薯光伴,2
迎新春,2
during,2
Year,2
our,2
绍兴,2
第一站,2
很会,2
爆火,2
其它,2
平静,2
盛大,2
Malaysia,2
未完待续,2
第三年,2
收藏家,2
10am,2
肠胃,2
年夜饭,2
拜个,2
枣年,2
卡片,2
综合征,2
落成,2
马达加斯加,2
上海市,2
习俗,2
approaching,2
blessings,2
an,2
early,2
失败,2
有加,2
有余,2
Milk,2
completely,2
your,2
再加,2
高昂,2
红红,2
闻太师,2
回朝,2
中山南路,2
What,2
more,2
regular,2
beans,2
served,2
blue,2
cups,2
black,2
We,2
price,2
by,2
唱片,2
大昭寺,2
八廓街,2
带到,2
高原,2
藏式,2
光临,2
地标,2
包上,2
12oz,2
but,2
此外,2
杯口,2
春夏秋冬,2
扫取,2
抗冻,2
正方形,2
半杯,2
小寒,2
画面,2
猎罪,2
首批,2
牡丹,2
荣幸,2
残障,2
许个,2
两层,2
戚风,2
村民,2
随身,2
杯瑞,2
溢满,2
开张,2
四大,2
店齐开,2
年小瑞,2
江山,2
ReadyGo,2
不分,2
述职,2
众望所归,2
先去,2
派发,2
李庚,2
Teresa,2
老鹿,2
门口,2
标识,2
特色美食,2
耳朵,2
舞步,2
润润,2
唠嗑,2
汇报,2
认可,2
争取,2
旺财,2
高低,2
老铁,2
出马,2
吃遍,2
得意,2
喝大冻,2
整了,2
套路,2
一席话,2
同人,2
几位,2
奖得主,2
钥匙,2
选中,2
大哥,2
克洛琳德,2
那维,2
莱特,2
必做,2
之瑞幸,2
开机,2
梅洛,2
彼得堡,2
客人,2
明早,2
仅剩,2
岁月,2
圆满结束,2
图瑞幸,2
专辑,2
云逛,2
路透,2
发誓,2
月底,2
手作,2
摄影,2
侧面,2
退后,2
铁易,2
交错,2
暴躁,2
暖呼呼,2
下肚,2
水晶,2
街悠,2
享店,2
放下,2
馒头,2
80w,2
纷纷,2
不二,2
董事长,2
去掉,2
棍子,2
梦中情,2
眼里,2
相对,2
真面目,2
峰会,2
签下,2
飘香,2
广受,2
争夺战,2
见面会,2
保龄,2
绒毯,2
换个,2
坚硬,2
销售,2
拿来,2
用于,2
航展,2
航空航天,2
椰系,2
队伍,2
壮大,2
分不清,2
和生,2
中巴,2
之际,2
引领,2
贸易,2
交流,2
烤红薯,2
本届,2
tree,2
雪糕,2
质地,2
演绎,2
骗人,2
铁和易,2
超值,2
暴富,2
偷电,2
偷玩,2
偷看,2
下降,2
前奏,2
不仅如此,2
普及,2
wbc,2
练习,2
pangbobo,2
代码,2
可拆卸,2
喜剧之王,2
单口,2
很重,2
半分钟,2
宜人,2
偷偷地,2
偷出来,2
真瑞幸,2
捕捉到,2
市集,2
美好生活,2
水分,2
NOOT,2
增量,2
生萃,2
快讯,2
新闻,2
帮小瑞,2
百位,2
倡导,2
围裙,2
PU,2
犯规,2
皇冠,2
成果,2
已到,2
加赠,2
再苦,2
包被,2
女士,2
轮到,2
潜入,2
设置,2
两侧,2
世界排名,2
第九,2
缝里,2
控住,2
温变,2
特别之处,2
精巧,2
赋予,2
单调,2
专访,2
特邀嘉宾,2
YOU,2
祝贺,2
其玛吉,2
寻回,2
品控,2
果实,2
雨水,2
产量,2
大大的,2
精妙,2
公里,2
原生,2
芳香,2
影子,2
脸率,2
比熊,2
不准,2
性格,2
超准,2
入门,2
入手,2
图教,2
超标,2
提高,2
速看,2
融进,2
最难,2
好困,2
迫不及待,2
考验,2
选好,2
之选,2
浓人,2
补图,2
白底,2
图奉,2
大开,2
武夷山,2
拆开,2
双指,2
小瑞想,2
新学期,2
____________,2
人设,2
大事,2
正如,2
要点,2
新人,2
幸栏,2
不住,2
浑身,2
眼镜,2
飞人,2
徐卓一,2
秋叶,2
季课,2
作家,2
卷进,2
拥抱,2
送君,2
越看,2
越帅,2
零卡,2
连连看,2
passion,2
覆盖,2
满嘴都是,2
喝进去,2
国行,2
贪杯,2
喝才,2
科普知识,2
渐层,2
少冰,2
LUCKIN,2
助手,2
杨旭文,2
黄昏,2
晚霞,2
后劲,2
太大,2
圆梦,2
提手,2
放置,2
Welcome,2
上瑞幸,2
右手,2
流量,2
额外,2
古代,2
主体,2
共有,2
茶雾,2
点前,2
咖冰少,2
我爱你,2
纸盒,2
狠狠心,2
睡不着,2
选冰,2
日常生活,2
平衡木,2
预警,2
鹿款,2
加大,2
亲肤,2
无杯,2
分为,2
每单,2
紧张,2
羽毛球,2
茶茶,2
娜然,2
Neo,2
瞩目,2
体育,2
没人要,2
god,2
好豆,2
各大,2
难道,2
可不,2
时段,2
瑞是,2
太超前,2
装修,2
雕塑,2
北京市,2
珍藏版,2
采取,2
刘谦,2
相聚,2
美德,2
谦虚,2
骄傲,2
一波瑞门,2
补全,2
扇风,2
Solo,2
肉感,2
树莓,2
黑莓,2
被瑞幸,2
姓名,2
得偿,2
通知书,2
开喝,2
同行,2
黄雅琼,2
思维,2
很棒,2
限量版,2
图比,2
最小,2
单位,2
夏黑,2
栓栓,2
05vol,2
具体表现,2
又动,2
画风,2
云顶,2
剧透下,2
销冠,2
后起之秀,2
提名,2
展览会,2
苦甜,2
知己,2
中情,2
降低,2
附上,2
小瑞送,2
找全,2
幸出,2
瓶颈,2
手帕,2
家店,2
黄子,2
弘凡,2
几咧,2
偷摸,2
加柚瑞纳冰,2
PartyAnimals,2
防腐剂,2
承诺,2
饮冰,2
各送,2
荣宝斋,2
木版,2
水印,2
修猫,2
咳咳,2
浮光,2
见者,2
甜少少,2
徐汇,2
绿地,2
纯狱,2
上方,2
概率,2
网络,2
平常,2
仙仙,2
玩家,2
加肥,2
投送,2
全家福,2
精华,2
手办,2
开抢,2
马甲,2
万岁,2
选择权,2
小瑞会,2
韧劲,2
越嚼,2
这片,2
鲜活,2
会上,2
迷惑,2
大夸,2
沁甜,2
找回,2
开城,2
单店,2
战报,2
易如反掌,2
月份,2
睡觉,2
敲锣打鼓,2
月度,2
瑞来,2
筹备,2
水量,2
玛奇朵,2
铁拿铁,2
两天,2
汗水,2
村镇,2
三清,2
看好,2
信封,2
考虑,2
三年,2
兼备,2
椰圈,2
重回,2
滑进,2
赏味,2
幸冰,2
小铁不含,2
放进去,2
大脑,2
减脂餐,2
降降温,2
换算表,2
感到,2
炫化,2
肌理,2
好身材,2
太多,2
苦味,2
手中,2
全过程,2
单词,2
复兴,2
实体化,2
我先,2
第五,2
第六,2
面子,2
真话,2
王牌,2
可不是,2
全体,2
恰巧,2
抓住,2
炎热,2
效应,2
满满当当,2
毛球,2
钥匙圈,2
多彩的,2
主线,2
上述,2
请客,2
咖味,2
一圈,2
做起,2
凭借,2
控们,2
单限得,2
超多人,2
上海籍,2
谣言,2
传播,2
维护,2
苏州,2
产能,2
可达,2
国内,2
仓储,2
设有,2
设备,2
高效,2
自动化,2
节能,2
依照,2
三星,2
方面,2
视角,2
顶上,2
更为,2
自封,2
黑巧瑞纳,2
味超,2
没来,2
许多,2
整顿,2
理论,2
表明,2
THEMONSTERS,2
甜妹,2
珍稀,2
花会,2
幸史,2
三岁,2
say,2
yeah,2
爱生,2
潘志敏,2
燃起,2
流沙,2
山茶,2
保驾护航,2
仙品,2
对门,2
没开,2
压箱底,2
那一刻,2
开麦,2
宝贵,2
桃花,2
完善,2
搞清楚,2
稍重,2
清幽,2
之中,2
采茶,2
双双,2
师大,2
中华,2
杀青,2
炮制,2
雅致,2
仙境,2
高山,2
云雾,2
春茶,2
天下第一,2
奇山,2
登录,2
第二步,2
第三步,2
选柚,2
晴空,2
花盆,2
第一抹,2
春游,2
每笔,2
限送,2
澄澈,2
下凡,2
劳动,2
拿铁能,2
来收,2
亲签,2
偏爱,2
方是,2
本色,2
出品,2
独宠,2
红楼,2
乖巧,2
打哑谜,2
亨利,2
积灰,2
装点,2
湿润,2
酒渍,2
如期而至,2
美观,2
黄鹤,2
所求,2
幸瑞幸,2
宝石,2
Gem,2
画条,2
尊享,2
回忆起,2
蛋糕店,2
算是,2
emmmm,2
翻车,2
异形,2
配齐,2
春联,2
当月,2
有瑞宝,2
上图,2
vocal,2
后续,2
废片,2
修修,2
鲜艳,2
意见,2
吹遍,2
抽绳,2
鼓鼓,2
冻梨拿铁,2
画图,2
张贴,2
有缘人,2
整年,2
布局,2
终极,2
缺课,2
我发,2
高精度,2
易清洗,2
外号,2
百喝,2
买瑞,2
XMAS,2
画上,2
懒得,2
圣诞版,2
玩成,2
甘肃,2
瑞幸易,2
特出,2
超长,2
宛若,2
现磨,2
盒瑞幸,2
满意,2
老头,2
后缀,2
椰拿铁首,2
喝易,2
字少,2
事大,2
椰小,2
美滋滋,2
第一眼,2
试一下,2
说不出口,2
友谊,2
上来,2
No,2
缺点,2
一棵,2
奶味酪,2
成立,2
转到,2
巨能,2
酒杯,2
安德鲁,2
Andrew,2
Praksin,2
sololuck,2
索然无味,2
柴柴,2
热气,2
出街,2
一在,2
刮开,2
挂耳猫,2
跨店,2
满减,2
一小,2
学废,2
无缝,2
一闪,2
名副其实,2
十七号,2
发射,2
地大口,2
谁动,2
能点,2
蔓延,2
上扬,2
信徒,2
切记,2
铁后,2
说了算,2
现状,2
划痕,2
保护膜,2
不得了,2
大菠萝,2
特色店,2
想必,2
铺子,2
排挤,2
呼呼,2
不藏,2
漫长,2
稍安,2
勿躁,2
航天事业,2
每罐,2
航天,2
店铺,2
解放碑,2
码头,2
原型,2
不配,2
半决赛,2
老丈人,2
风吹,2
参赛,2
万能,2
进去,2
宫尚,2
角丞磊,2
喝富桂厚,2
云之羽,2
夺得,2
混合泳,2
委屈,2
好友,2
远徵,2
弟弟,2
王阳,2
朝阳,2
清晨,2
最红,2
现象,2
新星,2
包了,2
眼中,2
元用,2
销售额,2
亿元,2
实锤,2
实火,2
宝等,2
中段,2
绵长,2
溢出,2
优势,2
华丽,2
左滑见,2
考试,2
季瑞幸,2
魔力,2
脑筋,2
急转弯,2
丁禹,2
浅尝,2
情话,2
回应,2
相处,2
相当,2
实实在在,2
送礼物,2
乖乖,2
白边,2
人用,2
吴艳妮,2
CAFEE,2
集装箱,2
我康康,2
炒鸡,2
披披,2
保等,2
香椰香,2
妹妹,2
施展才华,2
无可替代,2
新纪录,2
OrangeOcean,2
细微,2
带感,2
透心,2
小孩子,2
冲着,2
张票,2
时空,2
嘉德,2
看展,2
夏夜,2
留步,2
咖冷,2
七月,2
七天,2
咖万店,2
佛系,2
佛着,2
随缘,2
拿铁佛,2
好一朵,2
而生,2
网名,2
人生态度,2
青绿,2
联合推出,2
通关,2
就瑞,2
女生,2
色调,2
甜糯,2
GC,2
诠释,2
先拍,2
张美照,2
登顶,2
小报,2
超美,2
速住,2
评价,2
丸子,2
糯米,2
报纸,2
伴有,2
之境,2
神清气爽,2
炫完,2
瑞思拜,2
Dony,2
炎越,2
师尊,2
郭俊辰,2
气韵,2
多一点,2
脱俗,2
目光,2
破碎,2
喜迎,2
茉香桃,2
天下,2
衬衫,2
瑞啥,2
圣地,2
万达,2
屋顶,2
滨海,2
吹风,2
悠闲,2
我愿,2
能手,2
书法,2
无论,2
咖榜,2
椰爱,2
出乎意料,2
光感,2
别说,2
报恩,2
饮食,2
立减,2
瑞瑞瑞幸,2
笑容,2
冰封,2
巨美,2
港式,2
49r,2
蛋黄,2
咸蛋,2
飙升,2
正合适,2
总之,2
蒋奇明,2
超配,2
crush,2
怡情,2
发完,2
匹匹,2
好运来,2
玄学,2
中文,2
感高,2
亲手做,2
一束,2
心爱,2
新工服,2
相比,2
唯美,2
全红,2
透亮,2
睁开眼睛,2
静安,2
人和瑞子,2
第二款,2
小草,2
拼单,2
巨头,2
投个,2
空说,2
具体步骤,2
彩虹桥,2
进阶,2
吸小,2
冰风,2
感拉,2
杯冰,2
已赠,2
铛铛,2
小队,2
拜访,2
协会会长,2
词汇,2
国画,2
会长,2
毒角,2
一站,2
勇气,2
不困,2
不输,2
较淡,2
长线,2
选半糖,2
去瑞,2
好多好多,2
融为一体,2
冰冷,2
期盼,2
原名,2
就会,2
替身,2
三八妇女节,2
内附,2
知春拿铁上,2
仙人,2
尽显,2
花环,2
夏花,2
盎司,2
330ml,2
470ml,2
将会,2
豆浆,2
油条,2
自荐,2
专门,2
掏出,2
相认,2
道歉信,2
实名,2
拉面,2
单身,2
拿铁教,2
时会,2
两只,2
想念,2
摸摸,2
欲罢不能,2
流浪,2
满江红,2
无名,2
鹿厂,2
麻将,2
沟通,2
干货,2
离职,2
爆夸,2
福娃,2
设计者,2
大展,2
红兔,2
前兔,2
似锦,2
日买,2
鸿运,2
当红,2
前三名,2
过分,2
莫属,2
人来,2
seven,2
谭松,2
韵瑞幸,2
钉子户,2
两步,2
长沙,2
九宫格,2
导入,2
真爱,2
人均,2
本苏,2
挑人,2
冰无,2
纯纯,2
困难户,2
鸡腿,2
冷门,2
挖宝,2
换换,2
香奶,2
奶味星,2
风车,2
卡塔尔,2
日期,2
送大券,2
日前,2
拜金,2
bgm,2
看上去,2
奶味超,2
存图,2
光速,2
巨香,2
65r,2
宝快,2
初冬,2
墙裂,2
LOD,2
葡萄酒,2
弹窗,2
越高折,2
kou,2
越大,2
小银鹿,2
大包,2
三万英尺,2
卡其,2
夹层,2
平均,2
4r,2
冰滴,2
水温,2
冷热水,2
以后,2
黑巧瑞,2
转给,2
面团,2
铁来,2
铁点,2
不多,2
CD,2
楼底,2
滴滴,2
父女,2
潮酷,2
一瑞,2
抽盲,2
生椰瑞,2
220w,2
30w,2
瑞辛,2
画师,2
严肃,2
参谋,2
用法,2
尊上,2
拎包,2
再来,2
做个,2
圆润,2
诚心,2
一哈,2
巨高,2
嘴角,2
省钱,2
张俪,2
乳拿铁冰,2
甜咸,2
卡面,2
青蛙,2
不咕,2
升职,2
加薪,2
绿绿的,2
布蕾奶,2
巨浓,2
一盘散沙,2
粉墨,2
冰瑞纳冰,2
CRAIGKARL,2
冰饮杯,2
并存,2
家银们,2
小奥鹿,2
莫吉托,2
BRAMBATI,2
咖啡机,2
淋上,2
糖浆,2
开盖,2
BlingBling,2
开盒,2
fafa,2
宝子们,2
INTOYOU,2
轻巧,2
粉柠,2
酸感,2
协会,2
推广,2
79r,2
点杯,2
光有,2
它瑞,2
意味,2
广大,2
柚果,2
燥热,2
芭上,2
双顶,2
kiss,2
不谢,2
太绝,2
点心,2
集体,2
吸欧气,2
易拉罐,2
排队,2
来教,2
泉水,2
top,2
不便,2
深感,2
抱歉,2
画家,2
冬冬,2
奶沫,2
椰椰荔,2
荔冰,2
白巧瑞纳,2
特地,2
更添,2
不甜,2
油腻,2
可享,2
小金,2
钻鹿,2
弹奶,2
暖春,2
椰椰荔荔,2
109r,2
每期,2
特价,2
白巧瑞纳冰,2
滑雪板,2
生椰浆,2
稳稳,2
型池,2
资格赛,2
上个月,2
逆袭,2
上瘾,2
夺金,2
飒翻,2
非人工,2
结局,2
开端,2
率先,2
超浓,2
等不及,2
厚烧,2
即点,2
配送,2
物语,2
50Dirty,2
口奶,2
优先,2
颗粒感,2
铁热半糖,2
白巧克力,2
鹿鹿,2
连鹿厂,2
糖半糖,2
滑冰,2
椰乳茶,2
基乳茶,2
请位,2
350ml,2
略带,2
在外,2
烫伤,2
不知不觉,2
能少,2
暖和,2
荔浦,2
泥芋,2
暖心,2
泥控,2
监护人,2
讲述,2
很甜,2
彩带,2
味中,2
慕斯拿铁,2
熔岩,2
口中,2
和芋,2
相互,2
亲调,2
温热,2
Q4,2
坐在,2
缕缕,2
既有,2
韵味,2
金桂芋,2
泥软,2
更高,2
四国,2
习惯,2
金桂芒,2
学姐,2
规划,2
助阵,2
瓷杯,2
水母,2
法压,2
LANEIGE,2
气垫,2
爆款生,2
椰拿铁为,2
款瑞纳,2
幸运色,2
天生一对,2
冰小,2
爱瑞纳冰,2
冰水,2
相拥,2
冻满杯,2
冰车,2
一身,2
先泡,2
上新来,2
奢华,2
黄金时代,2
雅黑,2
选它,2
防尘,2
修带,2
正当,2
粉荔,2
冰粉,2
bling,2
修同款,2
门面,2
很芒,2
绿霸屏,2
桃桃芒,2
咀嚼,2
酷爽,2
不论是,2
熟透,2
翻倍,2
活泼,2
高脚杯,2
顺延,2
小汽车,2
Cony,2
4SALLY,2
人冲,2
不为过,2
细密,2
尝新,2
香滑软,2
官宣生,2
一股,2
耶加生,2
散步,2
生生不息,2
永不,2
冰沙香,2
幼滑,2
曼舞,2
青提厚,2
沙包,2
支援,2
瑞即,2
Iced,2
这句,2
镭射,2
篇数,2
核准,2
可兑换,2
小橘,2
纬度,2
三大,2
黄糖,2
细致,2
适宜,2
具备,2
如小,2
大限度,2
试验,2
厌氧红蜜,2
尾段,2
甜意,2
营造,2
无铅,2
挎包,2
耐热,2
口径,2
日晚,2
Wide,2
Awake,2
喝款,2
一共,2
款新杯,2
涂层,2
卡扣,2
拆解,2
TRITAN,2
耐用,2
400ml,2
兔莎莉,2
icon,2
保冷,2
向下,2
频繁,2
各类,2
之时,2
小分队,2
新作,2
袅袅,2
无尽,2
真滴,2
直通车,2
mua,2
变粉,2
蜜糖,2
三档,2
点个,2
摘金,2
六角,2
近在眼前,2
科学,2
旨在,2
记鹿,2
第一支,2
历时,2
经历,2
晨曦,2
冻干粉,2
极光,2
在手,2
毛毯,2
绒包,2
手提,2
两用,2
长效,2
防护,2
佳音,2
杨幂,2
董子,2
健于,2
和伟,2
郭京飞,2
个瑞幸,2
背带,2
接近,2
大概,2
不候,2
牛气,2
冲天,2
cue,2
不补,2
咨询,2
抵用,2
新式,2
乳拿铁轻,2
港味,2
红润,2
桂圆,2
拿铁新,2
胡桃,2
顶脆,2
扁桃,2
仁厚,2
减塑,2
难免,2
罗博,2
罗博之选,2
茗茶,2
青年,2
红袍,2
潘达,2
DR,2
钻戒,2
百乐,2
小爱浆,2
千山,2
电动牙刷,2
九阳,2
积雪草,2
修护,2
卸妆,2
研制,2
对杯,2
兼具,2
心底,2
命名,2
遵循,2
阵列,2
拼接,2
YirgacheffeArabica,2
杯聚,2
大噶晒,2
piu,2
特添,2
款新,2
五香,2
往下,2
全糖,2
调味,2
融汇,2
芳醇,2
留香,2
微糖,2
SALLY,2
脸颊,2
怪兽,2
悉心,2
方寸之间,2
圣诞红,2
奶罐,2
圆弧,2
关注点,2
评分,2
每种,2
曼特宁,2
关瑞幸,2
vogue,2
下划,2
仙草,2
一见,2
luckinluckin,2
渐凉,2
击中,2
茸入,2
助眠,2
遇热,2
赤藓,2
糖醇,2
乳拿铁厚,2
滑嫩,2
Andrea,2
百香,2
HaagenDazs,2
过多,2
拿铁小,2
北京大学,2
南京大学,2
厦门大学,2
传媒大学,2
上海交通大学,2
炒蛋,2
不至于,2
浮光跃金,2
硕大,2
腰果仁,2
种装,2
BOSS,2
些许,2
文末,2
11ing,2
第二杯,2
新芒,2
唧唧,2
薯宝,2
巴掌,2
花果茶,2
拿铁变,2
身冰爽,2
弹桃,2
桃山,2
湿纸巾,2
蓝波,2
超柔,2
占据,2
边边角角,2
湿水,2
面巾纸,2
COPCO,2
春纷,2
小花猫,2
妙谷,2
合体,1
随着,1
旋律,1
舞动,1
热情洋溢,1
定义,1
严选自,1
温控,1
慢火,1
豆芯,1
热意,1
驱散,1
寒意,1
温度控制,1
点位,1
化和美,1
相似,1
秒钟,1
验证,1
入脑,1
感知,1
躲进,1
暖烘烘,1
发呆,1
看书,1
触手可及,1
吃货,1
欧尼酱,1
编号,1
两片,1
两颗,1
身份证明,1
人开,1
深烘大屏,1
深烘看,1
深烘是,1
在于,1
二爆,1
出豆,1
气体,1
冲破,1
细胞壁,1
爆破,1
噼啪,1
站内搜索,1
元免,1
卡季,1
仅用,1
编码,1
拿铁烤,1
同好,1
此物,1
萌商,1
恐怕,1
保安,1
报刊亭,1
电梯间,1
同心,1
聚力,1
守望相助,1
捐赠,1
万元,1
驰援,1
大埔,1
火灾,1
救援,1
上网,1
朱迪学,1
pose,1
穿点,1
棉袄,1
天冷多,1
穿衣,1
据悉,1
建议您,1
城内,1
豹款,1
小种,1
印度,1
栗香,1
逗我,1
银幕,1
新篇,1
高空,1
千里,1
值机,1
登机牌,1
乘客,1
搭乘,1
冷不丁,1
拿瑞幸,1
放放,1
备忘,1
乘机,1
班机,1
机上,1
往返,1
经济舱,1
适应,1
三家,1
高德置,1
地秋,1
延安路,1
湖滨,1
培根,1
IPhone17,1
赢取,1
限领,1
城瑞幸,1
骑行,1
单车,1
喝维,1
编来,1
美萌,1
王卡,1
八周年,1
卡新,1
分钱,1
开卡即,1
诸多,1
PVC,1
磁吸,1
四杯,1
选仅,1
城开,1
监测,1
叫做,1
随本鹿,1
太劲豹,1
含应季,1
丹东,1
社为,1
专列,1
来接,1
上车,1
城好,1
先卖个,1
特快,1
luckinLets,1
男主角,1
四合院,1
蓝本,1
暖木,1
空落落,1
凭空出现,1
小瑞能,1
点将,1
糖葫芦,1
入职,1
对决,1
进城,1
急得,1
人话,1
心思,1
不多红,1
出了名,1
西柚粒,1
清理,1
并未,1
子拿铁,1
时效,1
细则,1
三维,1
泰尔,1
筛网,1
目数,1
大网,1
越密粉,1
越细,1
旁边,1
三品,1
管上,1
简易,1
妮儿,1
沉默寡言,1
新思路,1
出谷,1
好谷,1
挑地,1
水盆,1
感谷,1
庄兰舟,1
可谷,1
号线,1
徐家汇,1
第一章,1
城全,1
除冰,1
群像,1
如雾,1
汤鲜香,1
赤小豆,1
登峰造极,1
一睹为快,1
高燃,1
颜料,1
解构,1
我出,1
李黑,1
李嘉诚,1
小片,1
开拓者队,1
逐梦,1
征程,1
力破,1
离婚,1
传言,1
电视,1
恩爱,1
上种,1
windows,1
特此,1
喝家,1
代理,1
由小编,1
接管,1
最会,1
及轻,1
最为,1
致命,1
满天星,1
嗅到,1
question,1
放慢,1
夜空,1
草地,1
奶牛,1
万点,1
相通,1
群星,1
牧火,1
起伏,1
就此,1
汤唯爱,1
杯中,1
铁皮,1
小奶,1
四地,1
各美,1
其美,1
图景,1
砖茶,1
内耗,1
序章,1
可触,1
秋凉,1
泛黄,1
宋宋,1
长椅,1
三分钟,1
锡林郭勒草原,1
主人,1
高高的,1
兴安岭,1
鄂伦春,1
ForcesofFashion,1
三宫,1
咖让,1
下颚,1
切开,1
强调,1
出装,1
装已,1
很少,1
用想,1
喝来,1
架不住,1
班长,1
搜素,1
事神装,1
渐冷,1
黑土地,1
大米,1
彭酪,1
原汁原味,1
多瑶,1
瑶大摇特瑶,1
TIMI,1
抽签,1
摇一摇,1
编史,1
遭受,1
威胁,1
舞王,1
cortis,1
咖顶流,1
输出,1
款神装,1
1000W,1
490W,1
说酸角,1
他出,1
名刀,1
司命,1
梦之泪,1
帅气,1
脸庞,1
Yes,1
怪怪,1
佩戴,1
每秒,1
丢失,1
脸面,1
来得,1
猛烈,1
农吗,1
Buff,1
杯除,1
手持,1
寻味,1
山野,1
酸冽,1
沉睡,1
魔女,1
斗篷,1
防御,1
秋寒,1
蜜甜,1
蜜味,1
PV,1
法术,1
法师,1
射手,1
打野,1
buff,1
s41,1
天元,1
打团,1
大招,1
冷却,1
幻觉,1
Tom,1
床上,1
Jerry,1
余额,1
圆人,1
lalaland,1
爱乐,1
闯入,1
大师赛,1
球员,1
空手,1
开口,1
不白来,1
实录,1
主厨,1
外练,1
筋骨,1
连成,1
一条线,1
挑个,1
跑步,1
没瑞幸,1
广东省,1
沈阳,1
耳机线,1
用途,1
可选现,1
溜子,1
先住,1
Go,1
艺天,1
动漫,1
上班时间,1
保利,1
世贸,1
博览,1
3F01,1
AGF,1
动漫展,1
local,1
柚粒,1
榨取,1
冷榨,1
顺口,1
人山人海,1
山川,1
打算,1
去往,1
奶源,1
吸一吸,1
爆有料,1
面貌,1
重出江湖,1
追逐,1
开入,1
打入,1
情校,1
点加量,1
超多非,1
飘落,1
幸边,1
听罗,1
平分秋色,1
邀约,1
乐白,1
厄款,1
旅快,1
拉气模,1
次周,1
君子,1
摆个,1
存图瑞,1
幸星,1
复配,1
点起,1
充能,1
小曲,1
AwoooSong,1
消耗品,1
加载,1
杯线,1
把关,1
叠绕,1
心尖,1
日才,1
超全星,1
博主曜画,1
YAO,1
写作,1
爱瑞豹,1
课本,1
Teachers,1
我用,1
excel,1
格子,1
苹果树,1
装在,1
纸箱,1
可装,1
燃炸,1
突发,1
浇灌,1
糖心,1
季带,1
谁给了,1
挂包,1
箱要,1
全明星赛,1
托尼帕克,1
超燃,1
每一,1
难得,1
豹豹,1
婚车,1
嘶好,1
独属,1
黄厝,1
日出,1
白城,1
Car,1
汽车,1
车机,1
点瑞,1
幸动口,1
getCar,1
火气,1
累子,1
空投,1
很久没,1
甜头,1
初来乍到,1
请多关照,1
重新认识,1
拿铁好,1
摘回,1
昼夜,1
雪水,1
孕育出,1
甜丝,1
萦绕在,1
奶香内,1
干个,1
多瑞多,1
鹊桥,1
尽头,1
兜里,1
美而萌,1
早八先来,1
进入状态,1
真行,1
摄影包,1
亚子,1
般慕斯,1
桃到,1
白厄遐蝶,1
含透卡,1
注意安全,1
聚集,1
电量,1
该换,1
life,1
再坏,1
喝多肉,1
粒桃肉,1
粉上,1
flowfit,1
OOD,1
桃汁,1
脂畅,1
享大口,1
强者,1
抱怨,1
环境,1
一纸,1
透出,1
捡起,1
一瓣,1
金桂之乡,1
翎子,1
小玩意儿,1
到瑞幸,1
浩浩荡荡,1
嘻行,1
贴齐,1
叶肉,1
含水量,1
超解,1
婴幼儿,1
慎用,1
滑过去,1
不经意,1
露出,1
瑞号线,1
逃离,1
第一张,1
拍下,1
长文,1
排版,1
模版,1
老大徒伤,1
小家伙,1
当嘻行,1
上美,1
影像,1
妖本,1
会议,1
接力,1
上美团,1
活成,1
连同,1
师弟,1
组齐,1
四人款,1
退散,1
桂香来,1
万朵,1
公斤,1
兰香配,1
回甘鲜醇,1
桂花树,1
福大,1
太精彩,1
大批,1
山里,1
拿铁易,1
翻过,1
那座,1
火请,1
三百颗,1
不辞,1
长作,1
二日,1
之鲜,1
版来,1
一齐,1
东方明珠,1
全荔以,1
向前,1
好心,1
凭此,1
出入,1
顶住,1
压荔,1
瑞哉,1
幸哉,1
秘方,1
一本,1
随处,1
季送,1
见过,1
奈何,1
魔王,1
65Kcal,1
53Kcal,1
真没想到,1
蜜月,1
逛瑞幸,1
冷酷,1
萌化,1
人要,1
肠道,1
轻腹,1
担亲,1
53kcal,1
别忘记,1
承认,1
qiu,1
想出,1
柚惑,1
柠盟,1
热舞,1
扫腿舞,1
爽感,1
劲爽,1
900w,1
光喝,1
随地,1
小学,1
万众,1
BW,1
bw,1
咯亲,1
无料,1
bw2025,1
树荫,1
Glen,1
按时,1
无疑,1
文件,1
电脑桌面,1
经久不衰,1
轻灵,1
文件夹,1
扣住,1
婚房,1
越瑞越,1
云随,1
多场,1
鸟友,1
有序,1
散场,1
右转,1
打车,1
第三集,1
司仪,1
鹿鸟,1
这门,1
婚事,1
BirdyBirdy,1
远哥,1
一首,1
豪门,1
风波,1
突遭,1
搅局,1
首部,1
三集,1
连播,1
曲折,1
家多儿,1
香丝滑,1
墨鸿飞,1
牛牛,1
Twinkle,1
ASMR,1
那先来,1
学吧,1
转脸,1
爱多,1
姐同款,1
光明正大,1
漏看,1
有名,1
前排,1
落座,1
大婚,1
Were,1
married,1
喜券包,1
见者有份,1
名人,1
疑似,1
此事,1
拭目以待,1
新郎,1
八卦,1
wigglypaint,1
抖抖,1
乌萨,1
双店,1
Broadway,1
6th,1
Ave,1
大洋彼岸,1
LuckInNYC,1
晒成,1
书当,1
时请,1
领略,1
三万里,1
日行,1
两万步,1
唐风,1
古风,1
店有,1
半价,1
产自瑞幸,1
Work,1
er,1
DirtyWork,1
DirtyWorker,1
aespa,1
枝上,1
文创,1
古韵,1
之美,1
古都,1
情满,1
曲名,1
重音,1
原作者,1
蛋包饭,1
咖喱饭,1
来学,1
做菜,1
泥嚎,1
客串,1
书蓝,1
蓝玉,1
阎必,1
果果,1
骑手,1
蓝哥,1
阎必果,1
人物,1
浓密,1
Allin,1
红尘,1
妃子笑,1
永生,1
博主周,1
Kay,1
敏锐,1
露水,1
最知,1
趁早,1
数十匹,1
快马,1
醉倒,1
当下,1
翘首以待,1
长源,1
春风得意,1
马蹄疾,1
看尽,1
不尽,1
一荔尝,1
荔香,1
消散,1
茶为,1
底佐以,1
冰皮,1
底层,1
荔不开,1
不庄,1
无压,1
思路,1
胡说,1
胡谅,1
越做越,1
错位,1
一有,1
善德兄,1
两日,1
香变,1
三日,1
运输,1
战局,1
白热化,1
乐趣,1
冷灌护,1
鲜中,1
断货,1
索尼,1
大疆,1
Poket3,1
兑奖,1
虚拟,1
我本,1
编非,1
单依纯,1
集瑞幸,1
比基尼,1
大陆,1
椰青冻,1
大热天,1
含青,1
瓜片,1
小红书轻,1
集有,1
娇生惯养,1
沙场,1
擦擦,1
瑞上,1
联赛,1
Call,1
在内,1
放到,1
三地,1
大星,1
茶报,1
缺货,1
一段时间,1
预估,1
Show,1
lanlan,1
麦粉,1
种籽,1
买回去,1
吐司面包,1
茶压,1
压惊,1
钟楼,1
津鲁冀,1
洋楼,1
建筑风格,1
装潢,1
TIANJIN,1
袋杯,1
一节,1
毛血旺,1
放眼,1
道歉,1
传个,1
稀奇古怪,1
小东西,1
关心,1
24h,1
大杯免,1
洗碗,1
小玩意,1
坐不住,1
一来,1
下会,1
不发,1
整一个,1
博主橘,1
GENEVA,1
丰厚,1
油脂,1
日内瓦,1
become,1
only,1
designated,1
bean,1
World,1
Art,1
Championship,1
Our,1
empower,1
every,1
competitors,1
creativity,1
their,1
rich,1
stable,1
crema,1
See,1
Geneva,1
competition,1
June,1
26th,1
Let,1
art,1
begin,1
博览园,1
童心未泯,1
体帮,1
语音输入,1
单藏,1
解放,1
接入,1
模型,1
一步到位,1
豆包,1
智能化,1
具象化,1
穿越时空,1
道安,1
王晓璐,1
栀香,1
香再,1
何以,1
辈辈,1
相传,1
流转,1
银丝,1
羽翼,1
过非,1
奔鹿图,1
看非,1
云肩配,1
季来,1
用非,1
出国,1
风云,1
爱鱼,1
PP5,1
耐高温,1
当非,1
具像化,1
啥子,1
杯鲜萃,1
猎金,1
甜筒,1
归花,1
小家,1
执子之手,1
之手,1
泪流满面,1
洋葱,1
有时,1
遗瑞幸,1
姜丽萍,1
正以,1
收入,1
囊中,1
小叶,1
大花,1
次窨制,1
89kcal,1
遗生花,1
瑰宝,1
赛一,1
杯百卡冰,1
pyq,1
剧透来,1
美得,1
P2,1
星期二,1
这辈子,1
对称,1
推着,1
小推车,1
光华路,1
SOHO,1
各方,1
经贸,1
大单,1
领域,1
同步进行,1
Dionatan,1
Almeida,1
悠久,1
距离感,1
之内,1
时髦,1
有型,1
百卡,1
沉闷,1
节奏,1
谷美新,1
吃谷,1
范儿,1
模特,1
双人,1
爱百卡冰,1
毋庸置疑,1
扭着,1
猫爷,1
再创新高,1
数达,1
2800w,1
GMV,1
工程,1
五彩缤纷,1
卡兰,1
辛格,1
Karan,1
Singh,1
染上,1
赛椰青,1
椰青水,1
脂超,1
一眨眼,1
能带,1
是从,1
青年节,1
休假,1
勿扰,1
time,1
以前,1
一趟,1
有多爽,1
透心凉,1
爽到,1
天灵盖,1
虹口,1
北外滩,1
锦江区,1
春熙路,1
出口处,1
民园,1
庙会,1
码好,1
天太热想,1
拿铁含,1
经典之作,1
长来,1
一集,1
对人,1
对娃,1
娃用,1
热喝,1
之子,1
印反,1
NoNoNo,1
反过来,1
变正,1
这波瑞,1
纹身,1
没藏住,1
揪住,1
真巴,1
适得板,1
铁嚼,1
冰爽果,1
浪姐,1
帽子,1
绳子,1
就会变,1
亦非,1
比尔,1
Kill,1
美少女,1
杀死比尔,1
oner,1
显舞,1
问小瑞,1
远古,1
金沙,1
蕴藏,1
小熊猫,1
青羊区,1
长顺,1
相当于,1
种下,1
一绿,1
罐头,1
散起,1
适得,1
板瑞幸,1
精气神,1
绿豆糕,1
我勒个,1
仙桃,1
爽爽爽,1
偷袭,1
KPI,1
好心人,1
可飞,1
放风筝,1
伴着,1
博主霖,1
明星壁纸,1
上养,1
鲜甜,1
我超,1
喝西北风,1
舞起,1
之舞,1
报冰,1
五家,1
期望,1
不断创新,1
高能量,1
职瑞幸,1
陪同,1
金钻,1
皇后,1
巴厘,1
凤梨汁,1
耽误,1
十秒钟,1
看个,1
尖尖,1
比卡套,1
张开,1
大嘴,1
Shopaholic,1
5v,1
谋福利,1
找个,1
末班车,1
文具,1
图是,1
嘿瞧,1
bang,1
树下,1
更美,1
来生,1
七款,1
怪萌细,1
脸萌,1
爆大瓜,1
瓜汁,1
黄瓜,1
比为,1
获胜,1
西游,1
歇歇脚,1
淮安,1
豆腐,1
duangduang,1
亿杯生,1
餐饮,1
感叹,1
从冰,1
官到,1
叫作,1
思念,1
祝利,1
Freedom,1
综艺,1
东经,1
靠近,1
赤道,1
岛上,1
留存,1
高德,1
谷歌,1
登岛,1
取椰记,1
Sir,1
英音,1
绝无,1
人请,1
ZIP,1
尊敬,1
OR,1
椰鹿,1
套含,1
感谢您,1
吸冻,1
脂椰青,1
冻畅,1
享轻,1
椰干,1
无声,1
缘份,1
第一代,1
取椰之路,1
鸣谢,1
云宫,1
迅音,1
作曲家,1
许镜,1
岛航,1
行驶,1
时长,1
里程,1
途径,1
82H,1
美食节,1
见生,1
庆生会,1
列表,1
椰椰,1
四岁,1
出息,1
ChatGPT,1
4o,1
gpt4o,1
日邀,1
天团,1
HOTELEX,1
会用,1
浦西,1
虹桥,1
82F12,1
采销,1
hotelex,1
中国日报,1
召开,1
学子,1
King,1
一万次,1
springphoto,1
傅云夕,1
饮尽,1
春光,1
雁回,1
回暖,1
个把月,1
甘爽,1
柔醇,1
咖配,1
拿铁一,1
色系,1
博主请,1
娜娜,1
链路,1
实际行动,1
关爱,1
多样性,1
取景框,1
小卡去,1
wigglewiggle321,1
前先,1
Get30,1
日祝,1
美梦,1
建厂,1
丽江,1
色彩感,1
吹动,1
可咕,1
ootd,1
画人点,1
xxxAfter,1
generate,1
type,1
it,1
xxx,1
翻译成,1
答是,1
想见,1
重逢,1
季生,1
椰拿铁有,1
生椰拿铁有,1
Exclusive,1
Island,1
县政府,1
享有,1
产业链,1
店内超,1
人熊,1
跃入,1
樱花树,1
Loooooongjing,1
当宝花,1
置身于,1
街头,1
后会有期,1
喊出,1
横树,1
横着,1
山寨,1
商标,1
报社,1
轻大杯,1
100kcal,1
此基础,1
炒制,1
小憩,1
鹰嘴豆,1
第七期,1
生花,1
第六期,1
装花,1
字节,1
新浪,1
第五期,1
重工,1
晴天,1
款香卡,1
沉甸甸,1
强挂,1
upup,1
含率,1
送小蓝鹿,1
第四期,1
当光落,1
花里,1
对准,1
鲜亮,1
普罗,1
提亚,1
第三期,1
中文数字,1
字符,1
内晒,1
先是,1
紧接着,1
散开,1
杂粮,1
好奇,1
栏目,1
第一期,1
悄然,1
盛景,1
茉香,1
缭绕,1
中细品,1
组含,1
奶双,1
自瑞幸,1
萃茶机,1
偏淡,1
杯免,1
项链,1
点小瑞,1
好美,1
二鹿,1
渐显,1
好日子,1
连击,1
面孔,1
身高,1
上岗,1
新版,1
新造型,1
官有,1
先用,1
茶机,1
植才,1
果脯,1
柔韧,1
鸡胸肉,1
沙拉,1
小炒,1
晃晃,1
LFC,1
LLuckin,1
FFresh,1
CCoffee,1
碰碰,1
河马,1
看扁,1
P1P2,1
P5,1
黄陂,1
路店,1
P6,1
里店,1
Free,1
Chicken,1
财报,1
月均,1
瑞带,1
幸运地,1
一米,1
特别强调,1
RIP,1
Do,1
know,1
today,1
seventh,1
day,1
In,1
Chinawe,1
ittou,1
qi,1
礼仪,1
路遇,1
不肯,1
承担,1
扁扁的,1
解个,1
火焰,1
树皮,1
卷奶,1
樱桃酒,1
拿铁天,1
天呐,1
收看,1
王小,1
连杯,1
煎饼,1
狗子,1
至死不渝,1
鹿童,1
购可得,1
君生,1
未生,1
生君,1
不卖,1
成真,1
两枚,1
嘟嘟,1
正月十五,1
新衣,1
层开,1
山东,1
关闭,1
二人,1
波来,1
黄杏冰,1
前夜,1
会杯,1
连读,1
空耳,1
Deepseek,1
之生,1
椰拿铁版,1
看尔滨,1
难答,1
张动图,1
领到,1
引发,1
连连,1
惊呼,1
小红书养,1
开门红,1
不梨不弃,1
能数,1
清楚,1
附磁吸,1
凑在一起,1
这天,1
香藏,1
脆甜,1
脑海,1
自动播放,1
迎财,1
成品,1
偏小,1
部位,1
学做,1
吉他,1
预览,1
将分,1
来玩个,1
懂行,1
门道,1
有多深,1
易懂,1
罚站,1
多档,1
看场,1
电影吧,1
唐探,1
射雕,1
英雄传,1
蛟龙,1
第二回,1
亲友,1
小聚,1
第三回,1
吃饱喝足,1
来口,1
开胃,1
大年初二,1
位之神,1
我拿定,1
迪拜,1
开演,1
沿途,1
电子屏,1
影评,1
一飞冲天,1
紧锣密鼓,1
表演者,1
诗朗诵,1
灵蛇,1
小瑞祝,1
遗里,1
为家,1
风火轮,1
奶浓醇,1
瑞一,1
超前,1
点映,1
兵临城下,1
变数,1
新的篇章,1
young,1
拿铁前,1
将近,1
央视,1
人敢,1
一下子,1
汉堡,1
大人,1
留着,1
集福纳,1
喜贺,1
福们,1
集福,1
Lets,1
see,1
what,1
During,1
Yearpanda,1
sipping,1
leaving,1
office,1
hopping,1
highspeed,1
train,1
embarking,1
its,1
journey,1
back,1
home,1
返乡,1
Thats,1
right,1
this,1
cattax,1
大抵,1
百草园,1
三味书屋,1
浙江省,1
绍兴市,1
越城区,1
塔山,1
街道,1
水墨,1
宣纸,1
竹编,1
布景,1
烟雨,1
书卷气,1
所属,1
疯感,1
热闹,1
新春愉快,1
三度,1
两店,1
Apa,1
KhabarMalaysia,1
Sunway,1
Pyramid,1
双威,1
金字塔,1
Menara,1
Ecoworld,1
吉隆坡,1
地狂,1
出众,1
甜甜蜜蜜,1
迎小年,1
小钱,1
外表,1
芸豆,1
糅合,1
店开,1
首期,1
南京东路,1
号百联,1
Learn,1
idiom,1
诚挚,1
枣枣,1
枣点,1
China,1
It,1
customary,1
send,1
Here,1
sincere,1
May,1
holiday,1
may,1
rest,1
玩起来,1
布置,1
太能,1
赞助商,1
手笔,1
可玩性,1
游戏卡,1
盒含,1
张卡牌,1
条头,1
静电,1
元得瑞幸,1
详情页,1
单前,1
本店,1
乙巳,1
品蛇来,1
we,1
just,1
launched,1
Light,1
Tea,1
These,1
Chinesestyle,1
creations,1
subvert,1
perception,1
Please,1
listen,1
carefully,1
detailed,1
introduction,1
一员,1
降至,1
长辈,1
尝尝鲜,1
红到,1
绘制,1
新年新,1
风向,1
殷商,1
太师,1
闻仲回,1
报瑞幸,1
梅花,1
镜面,1
织物,1
外幕,1
织线,1
这座,1
南京市,1
秦淮区,1
1F20191,1
来线,1
内来,1
一去,1
卖得,1
exactly,1
Why,1
generally,1
expensive,1
than,1
全称,1
knowledge,1
which,1
stands,1
made,1
single,1
origin,1
At,1
compared,1
series,1
thats,1
not,1
changed,1
More,1
quantity,1
no,1
increase,1
capacity,1
has,1
increased,1
With,1
larger,1
size,1
remains,1
same,1
讲奖,1
里瑞幸,1
奖奖易,1
机里,1
Who,1
within,1
REDnoteMe,1
REDnotes,1
headquarters,1
isYesis,1
hope,1
邻居们,1
一段,1
员们,1
领衔主演,1
Next,1
bring,1
performance,1
Kung,1
Fu,1
staff,1
Wishing,1
prosperous,1
advance,1
梯形,1
门框,1
运用,1
斗拱,1
桌椅,1
色彩鲜艳,1
布艺,1
随处可见,1
拉萨市,1
城关区,1
读仁路,1
LASA,1
最受,1
而言,1
需升杯,1
杯款,1
包是,1
饰品,1
零碎,1
Hinew,1
heard,1
many,1
new,1
here,1
recently,1
Im,1
meet,1
allWe,1
brand,1
job,1
provide,1
better,1
Dear,1
dont,1
miss,1
recent,1
upgrade,1
event,1
Its,1
upgraded,1
free,1
深信,1
SHOT,1
于用,1
商竣,1
程限,1
酷饮杯,1
有所增加,1
杯变,1
网罗,1
上升,1
很橙功,1
咪蹦子,1
餐时,1
惩罚,1
教你用,1
oO,1
有多强,1
太酸,1
偏甜,1
冰茄,1
人会,1
Fale,1
poplach,1
手写,1
先送,1
点年,1
敢喝,1
熬粥,1
不太好,1
编们,1
一碗,1
做饭,1
己备,1
腊八节,1
腊八,1
杯超,1
渺小,1
杜城,1
橙退,1
一退,1
这一退,1
此条,1
占地,1
放不下,1
废物,1
如米,1
积极,1
履行,1
力所能及,1
公平,1
就业,1
从速,1
妙用,1
倒放,1
褚橙拿铁祝,1
xxMJxx,1
之夜,1
闪耀,1
四方,1
添个,1
柿子,1
一如既往,1
柿香,1
漫溢,1
裹住,1
一户,1
农家,1
农忙,1
抽空,1
农闲,1
摆放,1
草帽,1
稳字,1
褚橙报,1
之瑞是,1
褚橙拿铁带,1
凳子,1
褚氏,1
农业,1
背篓,1
沿着,1
山路,1
飘进,1
辞旧迎新,1
店齐,1
开小蓝杯,1
千玺映,1
合个,1
HONGKONG,1
找瑞幸,1
年云,1
办公楼,1
医院,1
爱岗敬业,1
瑞年,1
爆多,1
比小瑞,1
打下,1
应有尽有,1
掏个,1
老总,1
苹苹,1
安安,1
小确,1
平平安安,1
PPT,1
请假,1
哪来,1
地板,1
希同款,1
开卖,1
舞鹿鹿,1
瑞要,1
跟不上,1
耶哈,1
不端,1
没人管,1
俗话,1
喝冻,1
招到,1
跳起,1
赵四同款,1
萨斯,1
毕雷,1
一举两得,1
人才,1
能看懂,1
读出来,1
害有,1
戒骄戒躁,1
社大冻,1
老铁拿大冻,1
感冻,1
让开,1
尼古拉斯,1
赵四,1
冻得,1
哆嗦,1
艾特上,1
Zeze,1
本地,1
真送,1
整得,1
板正,1
巾大冻,1
铁大冻,1
苹果梨,1
冷冻,1
化冻,1
汁水,1
甜丝丝,1
丝滑点,1
妈呀,1
可太,1
极高,1
听懂,1
啥时候,1
上桌,1
冻梨能,1
群发,1
哔个,1
听君,1
胜读,1
获奖者,1
规定,1
佳子,1
养老,1
傲小古,1
苍城,1
小蜜蜂,1
渡狸,1
0v0,1
Akira,1
two,1
董号,1
模因,1
浓汤,1
卡维,1
名额有限,1
气馁,1
鸡柳,1
永夜,1
旮旯,1
绕开,1
维娅,1
功课,1
改版,1
日份,1
数百万,1
诊断,1
支撑物,1
越到,1
榜样,1
色轮,1
本卡,1
流行色,1
杯枫丹,1
成诗,1
愈之旅,1
场馆,1
壮观,1
贡献,1
nonono,1
包派,1
商城,1
搜一,1
导航,1
包后,1
枫丹城,1
小雪人,1
季为,1
揭密,1
爆单,1
大卖,1
核销,1
邮寄,1
做到,1
第四点,1
点好,1
旅同,1
小红书带,1
视图,1
跟易,1
急躁,1
消消气,1
包年,1
空月,1
下嘴,1
黑巧香,1
酥皮,1
覆盆子,1
碎粒,1
冷着,1
从头,1
通道,1
必冲,1
低卡低,1
kcal,1
几件,1
走走,1
闻闻,1
举举,1
有事,1
生活习惯,1
不小,1
wink,1
路西,1
李尾鱼,1
柳蛋,1
没事儿,1
快点,1
好不好,1
表示感谢,1
大礼,1
天份,1
豪气,1
解释权,1
归瑞幸,1
多城,1
好戏,1
扬韬,1
雪附,1
出名,1
当逗,1
鼠条,1
指示,1
门铃,1
钓鱼,1
超软,1
千奇,1
百棍,1
有活,1
生存,1
有感,1
两块,1
四目,1
新一波,1
签订,1
再迎,1
G20,1
阿尔克,1
投资,1
促进,1
局在,1
首都,1
巴西利亚,1
誉满全球,1
中巴关系,1
向着,1
卓越,1
世界级,1
迈进,1
本尊,1
亲临,1
起手,1
需杯,1
可真,1
诚不欺,1
变脸,1
包不同,1
惊人,1
两岁,1
报之以,1
黏糊,1
鹿生酪,1
没边,1
心急,1
预制,1
第十五届,1
珠海,1
到易,1
广告投放,1
帮小瑞合个,1
新来,1
过生,1
炙烤,1
含瑞幸,1
加件,1
铁像,1
你们好,1
饮瑞幸,1
建交,1
纽带,1
共谱,1
产业,1
和暖,1
来进,1
第七届,1
世界各地,1
贵宾,1
共品,1
远比,1
中要,1
铁费尔岛季,1
铁费尔岛,1
张卡,1
背含,1
造假,1
iPhone16,1
MaxPS5365,1
秒杀,1
写真,1
帷幕,1
拉开,1
顶易,1
日和易,1
捅娄子,1
玩点,1
瞌睡,1
矮星,1
穿包,1
cosPingu,1
菇髅,1
裂缝,1
恶搞,1
捣蛋鬼,1
绝赞,1
秋裤,1
Caelan,1
我选,1
肉蛋,1
黑椒,1
片碎,1
蛋丝,1
荷兰,1
乳酸,1
咸鲜,1
巴西站,1
birthday,1
一批,1
省吾身,1
糯香,1
铁暖,1
发泡,1
起源,1
变革,1
必喝款,1
有何,1
会议室,1
抽个,1
C语言,1
勤勤恳恳,1
乒乓球拍,1
好重,1
头套,1
娃衣,1
子上,1
月余,1
速收,1
冷得,1
来瑞杯,1
偷感大,1
超闪,1
换脸,1
不让,1
越想,1
红心,1
秦冠,1
沙威玛,1
鹿瑞幸,1
真的假,1
只开到,1
西北角,1
靖江,1
月牙,1
河二纬路,1
勤俭,1
地铁口,1
大琦琦是,1
包香,1
退出,1
拖拽,1
打印,1
帐里,1
满月,1
高悬,1
候场,1
两者,1
稳定性,1
生态系统,1
自然资源,1
造就,1
官号,1
Pingu00,1
包火,1
速来瑞,1
Vogue,1
共筑,1
时尚生活,1
四重,1
得来,1
杯加,1
鹿生,1
浓巨,1
生椰轻,1
生椰生,1
鲜椰,1
整道,1
前调,1
中后,1
肯尼亚,1
coffeeVOGUE,1
登上,1
泰文,1
一提,1
好笑,1
敬老,1
宜喝生,1
太火,1
火火火,1
柏油,1
拍小,1
大贵,1
IamVikiko,1
Re,1
医学,1
领域专家,1
穿着,1
张会动,1
明珠,1
始终,1
消费者,1
高性价比,1
便利性,1
一路上,1
新一期,1
2D,1
想奶,1
香来,1
比小,1
展现,1
搞不定,1
这图,1
笑话,1
博主南屿,1
递增,1
全连,1
碰到,1
休闲,1
版瑞门,1
熊出没,1
湾悦,1
陆家嘴,1
正大,1
1F,1
物资,1
奥莱,1
凯德,1
禾悦悦,1
有矿,1
小菡,1
看一看,1
刷屏,1
撕掉,1
随透卡,1
格里,1
戈尔迪,1
特洛夫,1
第十四,1
麦迪逊,1
凯斯,1
递来,1
网线,1
进床,1
butterbear,1
人偶,1
透卡共,1
卖个,1
无水,1
温带,1
得天独厚,1
打破,1
晃悠悠,1
BUTTER,1
更多,1
更苦,1
NO,1
首夺,1
奥林匹克,1
森林公园,1
西南部,1
气候,1
深刻影响,1
循着,1
傲人,1
师们,1
铺于,1
洒下,1
光辉,1
慢速,1
脱胎,1
此瑰夏,1
中度,1
杏干,1
夏威夷,1
首进,1
职业生涯,1
闯进,1
体育精神,1
夏深,1
深烘拿铁有,1
慢深,1
更多深,1
严格控制,1
风量,1
要素,1
得以,1
隐隐,1
毛孩子,1
稀饭,1
短腿,1
花卷,1
海胆,1
历险记,1
胖胖,1
益力,1
宝儿,1
准测测,1
说准,1
首推,1
折出,1
来来来,1
一架,1
编先,1
看法,1
照到,1
举行,1
中国大使馆,1
今后,1
度为,1
印呀,1
品有,1
有杯,1
周年纪念,1
史上,1
睡着,1
秘密武器,1
点来杯,1
小镇,1
可乐,1
赏月,1
嫋嫋,1
住点,1
咖香,1
初试,1
打扰,1
今秋,1
迎新,1
古法,1
精粹,1
品到,1
咖坏,1
成人,1
机了,1
路线,1
蓝牙,1
斜挎包,1
有瑞,1
害得,1
幻术,1
吹进,1
书里,1
大户,1
小南,1
进书里,1
如履薄冰,1
橙事,1
举重若轻,1
葡济,1
众生,1
徐卓一想,1
军训,1
累上,1
早八太困,1
乏想,1
省流版,1
咖少,1
解乏,1
出校,1
月销量,1
徐卓一邀,1
跨入,1
绘本,1
轻乳奶,1
写给,1
咖版,1
茶楼,1
聊表心意,1
趣丸,1
画屋,1
严宽,1
军事化,1
管理,1
不吃,1
没说,1
生活化,1
椰椰盲,1
选定,1
离手,1
一双,1
观察,1
好时机,1
大力,1
重演,1
错觉,1
同款生,1
高晃,1
喝冰摇前,1
大喊,1
广智救,1
今生,1
挂碍,1
吃顿,1
饱饭,1
善哉,1
一台,1
大头,1
适度,1
贪刀,1
到此一游,1
人霸屏,1
秀出,1
夸张,1
直观,1
瑞幸点,1
单冰摇,1
浓缩液,1
层叠,1
三段式,1
自上而下,1
瞬锁,1
欢迎光临,1
COFFEE,1
小店,1
松叶,1
蟹黄,1
杨旭,1
文冰摇,1
闪卡,1
点先,1
方言版,1
恭迎,1
匹配,1
大口开,1
喝尽,1
贴近,1
位黑,1
CDK,1
千次,1
化为,1
慕斯般,1
见上图,1
整束,1
披挂,1
小瑞邀,1
直觉,1
回看,1
战全胜,1
恐惧症,1
简易版,1
对宝花,1
叮铃铃,1
家嘴,1
贴身,1
太严,1
敬业,1
内晒出,1
诸位,1
瓜分,1
助推,1
定时,1
图腾,1
主旨,1
花卉,1
供选择,1
蓝款,1
青黛蓝款,1
喝同款,1
分见,1
看赞,1
萌露,1
小瑞宠,1
没道理,1
比快,1
住手,1
霹雳舞,1
少年,1
pp,1
看云,1
擦汗,1
嘴版,1
1p,1
立秋请,1
茉要,1
直拍,1
选少,1
微甜奶,1
喜甜,1
答多练,1
完蛋,1
汗流浃背,1
热得,1
出汗,1
图带,1
深蓝色,1
张细,1
P8,1
再有,1
定小瑞,1
动心,1
轻喝,1
含不含,1
咖双款,1
减轻,1
体操选手,1
体操,1
比准,1
夏校,1
三分球,1
灌篮,1
篮球,1
打球,1
年纪,1
球场上,1
分清,1
小瑞到,1
葡香,1
这俩,1
巧妙,1
包赢,1
就地取材,1
做人,1
深藏,1
跳水队,1
跳水台,1
跳水,1
往小蓝杯,1
网只,1
厘米,1
和娜然,1
Naran,1
中和瑞幸,1
塑造,1
Hhoopl,1
全都,1
买生,1
生耶拿铁,1
博主七仔,1
该配,1
橘狗马,1
娃娃,1
见面礼,1
液挂,1
胶囊,1
ap,1
加油站,1
领奖台,1
安逸,1
点爱,1
闪度,1
探过,1
拿起,1
举起,1
无氧,1
怎能不,1
有氧,1
几号,1
碰巧,1
哭辣,1
对小瑞,1
不加,1
液喝,1
杯吨,1
不同之处,1
LEED,1
铂金,1
海淀区,1
海淀,1
大街,1
购物广场,1
任哲为,1
错过去,1
品茶,1
咖单,1
丛拿铁,1
悠悠,1
夏茶,1
蜜兰,1
小尼,1
刘谦小尼,1
尼格,1
人有,1
好学,1
每买,1
英文单词,1
善良,1
我善,1
生椰拿铁卖,1
好准,1
Chant,1
Moore,1
蓝屏,1
愉快,1
血书,1
小瑞喜,1
别吵,1
冒烟,1
冒汗,1
既然如此,1
用小瑞,1
静可,1
动可,1
第三页,1
气高,1
CEO,1
一思,1
塞纳河畔,1
层次分明,1
小龙虾,1
酱料,1
辣好,1
哪几,1
发过,1
帮帮忙,1
好搭档,1
并肩,1
Jessica,1
生龙活虎,1
博主逗,1
瑞门点,1
就会选,1
大明,1
湖畔,1
盼来,1
流轻,1
说不出,1
小瑞好,1
备受,1
梗瑞幸,1
编辑部,1
JPG,1
同甘共苦,1
落难,1
家门口,1
那家瑞,1
栓甜,1
小酪,1
破坏,1
喝时,1
上下,1
喝下去,1
酒精度,1
配都,1
人格,1
轻软,1
芝香奶,1
邮票,1
威风凛凛,1
真放,1
90ml,1
80ml,1
杯酒,1
精度,1
高速,1
三位,1
苦奖,1
奖生,1
黑马,1
奖轻,1
再创,1
佳绩,1
心目,1
变莓莓,1
阶段性,1
变啤里,1
啤气,1
而小瑞爱,1
肆意,1
朵玫瑰,1
创来,1
古岛,1
秋荼,1
Tamayura,1
提热,1
初见,1
陷入,1
张扬,1
苦香,1
门前,1
夫橘,1
前任,1
咖会,1
有薯,1
有空,1
拿铁带,1
Take,1
花语,1
不喜,1
爱藏于,1
大剧,1
爱豆,1
流爱豆,1
老实,1
叮小瑞,1
喝西梅,1
畅聊,1
换下,1
眼尖,1
西梅瑞,1
整花活,1
法兰西,1
西梅汁,1
颗西梅,1
放空,1
小瑞是,1
开水,1
上店,1
浙江,1
slogan,1
书藏,1
古今,1
通天,1
夜晚,1
一番,1
Lars,1
水左滑,1
赛博,1
单从,1
饮轻,1
吹散,1
阴霾,1
两下,1
咆哮,1
完全相同,1
你试,1
过加,1
奥地利,1
坠落,1
气囊,1
椰来,1
重重的,1
椰子汁,1
查重率,1
交个,1
端幸,1
瑞午,1
各就各位,1
开划,1
竞争,1
画卷,1
拍瑞,1
甘坑,1
古镇,1
贵州省,1
重庆市,1
端阳,1
佳节,1
现代文明,1
对虾,1
bigger,1
比标,1
瑞云,1
文博,1
bro,1
小甜球,1
财财,1
入住,1
比较满意,1
新家,1
小呆,1
Aria23,1
号机,1
曹熙,1
指教,1
锅子,1
咪咪,1
携瑞门,1
细分,1
甜少,1
甜微,1
递减,1
款轻,1
新世纪,1
大坪,1
商都,1
金陵,1
style,1
KissaYou,1
猛萌,1
做法,1
防窥,1
保护层,1
将杯,1
剪开,1
改瑞门,1
小瑞不白,1
小宝贝,1
赢个,1
咖轻,1
咖是,1
未经,1
杯轻,1
所含,1
纯茶,1
偏苦,1
观战,1
强烈推荐,1
滑走,1
三十个,1
宝抱,1
款猫,1
款加,1
肥款,1
电商,1
潮品券,1
周边产品,1
兑换券,1
换身,1
门牌,1
几岁,1
OMG,1
个赞,1
转岗,1
岗位,1
焕发,1
职业,1
一会儿,1
先卷,1
跃进,1
呼吸,1
傻傻,1
分不清楚,1
强爽,1
不养,1
闲人,1
ooc,1
致歉,1
初代小众,1
满溢,1
苏打,1
走出,1
带气,1
带劲儿,1
终点,1
连上,1
创新纪录,1
CC,1
MALL,1
时代广场,1
杯量,1
种种,1
困了,1
铁助,1
助兴,1
猫儿,1
晚安,1
爆瑞幸,1
优秀员工,1
垫底,1
瑞在,1
落下,1
心系,1
故乡,1
双城,1
9OATLY,1
九款,1
挥洒,1
下一场,1
瓜来,1
便签,1
阿摸,1
Moa,1
妞儿,1
违者必究,1
小丑,1
寄给,1
寄情,1
物种,1
群众,1
资历,1
起到,1
塌房,1
综上所述,1
提议,1
踢馆,1
报瓜,1
瓜壳,1
外瓜,1
顶呱呱,1
更易,1
世园,1
用冰爽,1
拂去,1
赛道,1
我爱瑞,1
做瑞幸,1
月光宝盒,1
同笔,1
标有,1
新瓜,1
需要的话,1
铁小铁,1
铁吃瓜,1
五月,1
感小瑞包,1
操心,1
很贵,1
手提包,1
虚伪,1
好冰,1
冰爽感,1
那份,1
火花,1
阿黄,1
elegant,1
艾特小瑞来,1
超冰爽,1
控请,1
猛猛,1
大号,1
款布艺,1
长胖,1
16oz3,1
猜猜猜,1
默契,1
几家,1
超美瑞幸,1
海口,1
商业街,1
颠成,1
纯属虚构,1
当真,1
天水,1
麻辣烫,1
耳根,1
香菜,1
淄博,1
锅包肉,1
是否是,1
色和青,1
提色,1
长毛,1
很红,1
从远,1
看会,1
红灯,1
显得,1
第七,1
应季,1
老话,1
说得好,1
第八,1
好几年,1
足以,1
称王称霸,1
第十,1
我求,1
要算,1
业绩,1
冰真,1
多次,1
买单,1
下个月,1
张可,1
转赠,1
指导方针,1
瑞友们,1
劳动者,1
扬眉吐气,1
吐气,1
劳动节,1
冰嘿,1
三分之一,1
梦儿,1
畅所欲言,1
艺人,1
主动,1
摆烂,1
DDDDDD,1
不动,1
江郎,1
更何况,1
瑞郎,1
聪明伶俐,1
主意,1
采纳,1
有赏,1
香冰沙,1
特供,1
热卖中,1
沙质,1
选橙之,1
奶色,1
橙之海,1
提味,1
ELMO,1
Cookie,1
Monster,1
Big,1
Bird,1
多滋,1
冰沙冰爽,1
纳冰橙意,1
jujuju,1
地艾特,1
低压,1
原萃,1
各半,1
Lungo,1
更长,1
萃液,1
神仔,1
755w,1
搞点,1
第九个,1
可绕,1
浓到,1
next,1
level,1
浓人版,1
保护环境,1
废弃,1
Angelhanini,1
设计图,1
出专,1
优点,1
两级,1
分化,1
椰青回,1
打上去,1
纪念日,1
小行星,1
更重,1
辟谣,1
流传,1
言论,1
高度重视,1
此类,1
坚决,1
反对,1
地域,1
歧视,1
组成部分,1
聘用,1
人数,1
人且,1
严重,1
损害,1
声誉,1
法律,1
措施,1
合法权益,1
昆山,1
迄今已,1
单体,1
涵盖,1
分拨,1
一体,1
恒温,1
恒湿,1
存储,1
尖端,1
物流,1
减排,1
水资源,1
太阳能,1
光伏,1
发电,1
热能,1
回收,1
减碳,1
共创,1
黑白,1
线稿,1
家主,1
整整齐齐,1
鱼眼,1
菜头,1
成杯,1
资料,1
捏碎,1
全然不同,1
封为,1
版之首,1
充耳不闻,1
太晒,1
一笑而过,1
LABUBULABUBU,1
凉来,1
厚重,1
小冰风,1
鼻祖,1
强制,1
吸瑞幸,1
冰替,1
凉到,1
望京,1
SOHO2,1
塔店,1
之心店,1
文化公园,1
店瑞,1
糊弄,1
剪起来,1
累死,1
哪怕,1
掉队,1
125ml,1
乐附,1
放着,1
labubu,1
糯冰皮,1
椰粒,1
椰香拉满,1
款热杯,1
款冰杯,1
之选限,1
时限,1
丹嫩沙,1
多产地,1
椰皇水,1
位瑞宝,1
看不见,1
看满杯,1
水椰香,1
发椰,1
皇拿铁,1
瑞幸准,1
测出,1
椰门,1
爱好,1
新编,1
出战,1
张元英,1
转圈,1
方格,1
高萌,1
一帧,1
玩出,1
花样,1
宣言,1
生椰拿铁速,1
椰量,1
出生,1
出过,1
收听,1
演唱,1
歌生,1
周岁,1
Boramum,1
现有,1
四时八节,1
嘉汇,1
四时,1
韵意,1
暖春红款,1
知春绿款,1
花为,1
茵茵,1
自逢春,1
味和花,1
起航,1
第四站,1
法让,1
面上,1
它变,1
没变,1
这三条,1
停留,1
一分钟,1
我悟,1
花钱,1
试问,1
盒式,1
迟迟,1
索性,1
摸底,1
我塞,1
五件,1
衍生,1
画中,1
盎然,1
前过,1
万份,1
国家级,1
试运营,1
微水,1
生产线,1
处理量,1
贯穿,1
进一步,1
加强,1
建设,1
培训中心,1
实操,1
面向,1
咖农,1
开展,1
培训,1
建立,1
高标准,1
体系,1
标准化,1
选码,1
没试,1
浓茶,1
五窨一提,1
奶在,1
即融,1
充斥,1
今春,1
珍品,1
身为,1
而来,1
摊放,1
理条,1
毛火摊,1
凉足火,1
醇润,1
如临,1
元梦之星别,1
爱看,1
滴柚,1
全勤,1
男款,1
瑞已,1
竹筐,1
框等,1
心路历程,1
质疑,1
第四步,1
柚门,1
选橙,1
无酸,1
太苦,1
植树,1
何必,1
博主和花,1
奏乐,1
Angel,1
带上去,1
陪你去,1
蓝绿,1
白茉香,1
天柚,1
昔日,1
阔别,1
丰满,1
熬大夜,1
伊凡,1
芍药,1
云云,1
5G,1
回南天,1
房太,1
敢管,1
出水,1
滋润,1
一部分,1
润进,1
心脾,1
味真香,1
拿铁先,1
一世,1
会想,1
预习,1
引来,1
玉版,1
用黛玉,1
假装,1
有道是,1
石前盟,1
相逢,1
金玉良缘,1
白首,1
故人,1
姑苏,1
雨前,1
用宝黛钗,1
梦中人,1
共解,1
黛玉,1
宝钗,1
邀君,1
民族,1
静下心来,1
结尾,1
满纸,1
知春春,1
轰隆,1
巨响,1
何时,1
一人留,1
现成,1
款纸,1
雕灯,1
谜底,1
纸雕,1
二十六日,1
变暖,1
感都拉满,1
留下来,1
日超,1
喜加,1
糕体,1
不噎,1
小人,1
超厚,1
ucca,1
季易,1
碧落,1
著名画家,1
野兽派,1
创始人,1
初樱,1
幸亏,1
前刷,1
收假,1
今年春节,1
万家,1
陪伴着,1
坚守,1
餐桌,1
村里,1
昔人,1
此地,1
空余,1
一去不复返,1
下瑞幸,1
开咯,1
脚下,1
响得,1
轰隆隆,1
希祥鹿,1
祥鹿,1
铁为,1
六个,1
金为,1
10JQKA,1
叫法,1
老舅,1
便知,1
龙里,1
龙气,1
弹来,1
全在,1
生闷气,1
下期,1
飞龙在天,1
扫取餐,1
高阶,1
大年三十,1
不包,1
预测,1
必玩,1
乐子,1
走亲访友,1
担忧,1
选瑞,1
元梦,1
以舒芙蕾,1
丝丝,1
复苏,1
认输,1
小天地,1
闹表,1
生肖,1
舞龙,1
局部地区,1
有雪,1
认准,1
WORLDCOCOPark,1
快答,1
世界地图,1
排位,1
瑞瑞幸,1
cheers,1
领瑞幸,1
dong,1
条龙,1
保密,1
羡慕,1
大城市,1
要合个,1
哈尔滨,1
一站式,1
爸妈,1
福到,1
五套,1
锣鼓喧天,1
鞭炮,1
齐鸣,1
红旗招展,1
擅自,1
下楼,1
速冻,1
更不腻,1
小瑞要,1
开冻,1
细心,1
提前准备,1
拍下来,1
小手,1
小卡共,1
万年历,1
收藏品,1
要龙重,1
前缘,1
更多龙,1
五秒,1
字来,1
上龙,1
喝龙年,1
天龙,1
淮海中路,1
天是,1
没图,1
可发,1
裁裁,1
提亮,1
暗部,1
冷色,1
一百种,1
装得,1
装下,1
零钱,1
防水,1
擦洗,1
超能,1
暗纹,1
印金,1
球拍,1
Winner,1
背着,1
包牌面,1
铁瑰夏,1
被誉为,1
法只,1
喝彩,1
桌面上,1
钢镚儿,1
迟早,1
要进,1
医保,1
试图,1
改了,1
马不停蹄,1
赶制,1
带鱼,1
纸里,1
刮出,1
XXXL,1
晒照,1
只接,1
不接,1
分区,1
推给瑞,1
过瑞幸,1
战神,1
酒神,1
采橙,1
一群,1
朴实,1
果农,1
栽培,1
逛遍,1
沃土,1
关键帧,1
藏品,1
癖瑞幸,1
耐脏,1
胡桃木,1
过滤,1
选下瑞幸,1
记忆犹新,1
临时,1
全集,1
热带雨林,1
苏门答腊岛,1
卡优,1
塔瓦,1
缔造,1
出形,1
翠绿,1
般甜感,1
句号,1
你划,1
很急,1
发新,1
stressed,1
desserts,1
横扫,1
风头,1
轮回,1
统治,1
非要,1
吃饺子,1
甲方,1
难截,1
我服,1
小瑞出,1
自备,1
贴片,1
好使,1
玩想,1
我二创,1
共渡难关,1
地震,1
先提,1
精挑细选,1
铁软萌,1
双旦,1
过雪,1
雪会化,1
冬雪,1
景观,1
第一场,1
篝火,1
挠头,1
区艾,1
小红店,1
做点,1
堆个,1
南方人,1
瓢泼,1
抽盒,1
大象,1
塞进,1
三步,1
椰卖,1
美拉,1
德化,1
煤球,1
小介,1
第二眼,1
飞艇,1
南丰,1
L1E,1
自古,1
南北,1
两立,1
房里,1
冷气,1
一派,1
改个,1
先替,1
大乱斗,1
当家,1
今冬,1
之王,1
椰拿铁当,1
椰烤,1
暖手,1
椰吧,1
耶好,1
房间,1
椰子壳,1
椰拿铁和易,1
火字旁,1
准确性,1
对话框,1
出招,1
被迫,1
无处,1
安放,1
好用,1
卑鄙,1
脑子,1
abandon,1
歹毒,1
背单词,1
小瑞请,1
70W,1
个宝,1
最强,1
脸杯,1
一岁,1
会选,1
官宣易,1
满脑子,1
拨开,1
对冰,1
有目共睹,1
咳小瑞,1
瞒不住,1
脸蛋,1
越来越近,1
急切,1
小瑞上,1
小脸蛋,1
加班加点,1
说橙门,1
这整,1
手残,1
归宿,1
难贴,1
小瑞学,1
角落里,1
叮瑞,1
幸版,1
大转盘,1
瑞过,1
鹿送,1
Hot,1
小脸,1
一红,1
酒懵子,1
执着,1
追求,1
热血,1
战队,1
先收,1
本款,1
红葡萄酒,1
一度,1
令人震惊,1
配文,1
停滞不前,1
认字,1
时不时,1
记在,1
本本,1
第一门,1
遍布,1
精神百倍,1
黑皮,1
十月,1
组修,1
先抱,1
柴犬,1
试吃,1
没放,1
奉劝,1
好醇,1
短暂,1
战果,1
瑟瑟,1
发抖,1
SOS,1
财富,1
哈基米,1
每满,1
左下方,1
红书,1
买买,1
红灯笼,1
本笼,1
拿铁会,1
酒驾,1
劝人,1
驾要,1
担责,1
没下,1
刚到,1
热气腾腾,1
很想瑞,1
道路,1
千万条,1
第一条,1
不容,1
小觑,1
座椅,1
另类,1
给瑞幸,1
安全带,1
罗翔,1
杯天,1
冰热款,1
错款,1
亮晶晶,1
没换,1
先过,1
官带,1
很香,1
瑞幸别,1
先滑,1
卡附,1
卡而生,1
手账,1
贺卡,1
卡瑞幸,1
樟宜,1
巅峰,1
那瑞子,1
款小蓝杯,1
模样,1
液加量,1
真香,1
喝小瑞,1
当场,1
DunDunDun,1
交替,1
恨不得,1
三大顿,1
杯会,1
杯小瑞带,1
神舟,1
载人,1
飞船,1
神州,1
得体,1
手吨,1
由热到,1
十次,1
鹿替,1
重拳出击,1
打飞,1
程序语言,1
瑞星,1
白鹿瑞,1
花境,1
鼻尖,1
如风,1
第三口,1
微香,1
塞尔,1
比亚,1
共启,1
相会,1
该瑞,1
各店,1
看准,1
地晒出,1
传达,1
精英,1
穿瑞牌,1
Ootd,1
热好,1
热下,1
变更,1
从点,1
出门在外,1
上齐,1
早瑞子,1
无瑕,1
手上,1
折痕,1
防止,1
中途,1
刮花,1
划伤,1
特意,1
伤痕,1
撕下,1
这层,1
续集,1
喝首周,1
线报,1
频频,1
只花,1
隔开,1
哪条,1
好人家,1
开在,1
还开,1
别有,1
弹大,1
各家,1
献丑,1
款生酪,1
嗜甜,1
损友,1
不笑,1
再手,1
铁记,1
喝马斯卡,1
酪香奶,1
小瑞才,1
铁官,1
FD,1
这三家,1
TOMJERRY,1
二位,1
所在地,1
华谊,1
集团,1
店原,1
创邑,1
之所以,1
一周岁,1
炸弹,1
跟瑞子,1
看小瑞,1
问鼎,1
亚洲,1
奖杯,1
wow,1
drink,1
夏末秋,1
walk,1
走起,1
拉上,1
不曾,1
赢得,1
痛快,1
晒饭,1
David,1
坚如磐石,1
透光,1
有求必应,1
赶到,1
阳光充足,1
一环,1
虽好,1
铁想瑞,1
点瑞子,1
满怀,1
本职,1
配套,1
Tting,1
球场,1
展台,1
E7,1
套袋,1
作弊,1
月桂,1
宫尚角,1
丞磊,1
位来,1
一战,1
这泼天,1
亚运,1
火炬,1
新一代,1
消息灵通,1
加油打气,1
宫门,1
宫远,1
选不出,1
黎总王阳,1
黎总,1
拿铁敬,1
问询,1
诸如,1
高频,1
一解,1
疑惑,1
事到如今,1
年秋冬,1
看错,1
抢到,1
认得,1
出瑞幸,1
小木,1
泳泳,1
变废为宝,1
瑞中,1
巨匠,1
几大,1
爱攒,1
周易,1
祈祷,1
彩票,1
花花草草,1
二十岁,1
第六感,1
官宣商,1
网坛,1
没意思,1
没人,1
懒羊羊,1
卷毛,1
有意思,1
天赋,1
维密快,1
赴约,1
力宝,1
身旁,1
凌乱,1
不羁,1
整齐,1
一类,1
mbti,1
养活,1
荔枝核,1
红薯,1
花生,1
发财树,1
吊兰,1
实战经验,1
一天天,1
长高,1
中先来,1
先来瑞,1
咖啡吧,1
秋味,1
咖派,1
三角尺,1
一届,1
顺顺利利,1
检查点,1
冰萃生,1
瑞万店,1
拿铁断,1
货及,1
配酒,1
实验室,1
先干,1
新装,1
全记录,1
单名,1
眼球,1
年纪轻轻,1
不离手,1
马东,1
变红,1
偷喝,1
单购,1
双饮袋,1
支付,1
香柔醇,1
较量,1
幽雅,1
饱含,1
丝滑厚奶,1
入喉,1
后段,1
酒感渐,1
般香调,1
麻烦,1
我演,1
半斤,1
有多贵,1
包啦,1
dian,1
dan,1
众多,1
评测,1
胜出,1
挥动,1
天使,1
翅膀,1
掌握,1
招生,1
解救,1
备战,1
名校,1
结识,1
同校,1
季季,1
之翼瑞幸,1
小序,1
众神,1
盛装,1
制茶,1
甘鲜,1
花叶,1
茶感,1
秀满杯,1
恰合时宜,1
Tour,1
中国区,1
大秀,1
Victorias,1
Secret,1
IVE,1
GOT,1
SECRET,1
TO,1
剧情简介,1
听话,1
笨笨,1
想不到,1
智性,1
恋修,1
闻讯赶来,1
蹲守,1
发散,1
拿铁向,1
发起,1
斜线,1
图解法,1
一弹,1
睡不醒,1
行使,1
小金毛,1
服从,1
生效,1
初空,1
朝夕,1
期限,1
一汪,1
帮修,1
你会选,1
发牌,1
对方,1
应对,1
微信支,1
fbdy,1
换购,1
单限加购,1
撒狗,1
饮哟,1
动人,1
不累,1
谈越,1
王生,1
基因,1
相投,1
化学反应,1
相恋,1
互补,1
爱恋,1
快接,1
宝各送,1
路边,1
没狗,1
领养,1
张敲,1
收修,1
截掉,1
满载而归,1
festival,1
CAFEEX,1
单笔,1
list,1
浪漫爱情,1
发给你,1
怦然,1
9Maltese,1
博主芷若,1
竹林,1
山水,1
感绝,1
艾特瑞幸,1
瑞子会,1
优秀作品,1
Oo,1
PLOG,1
终究,1
一段路,1
忽然,1
陪你走,1
橙橙是,1
新鲜感,1
作祟,1
久违,1
感让,1
总会,1
忠诚,1
分项,1
一叶,1
之秋,1
袋家,1
折进,1
东海岸,1
摇滚,1
冰萃控,1
选择题,1
厘普,1
选茶,1
拟人,1
要瑞,1
拿铁茶,1
伊夫,1
大型,1
回顾展,1
薯瑞幸,1
实验,1
思想,1
虚空,1
表哥,1
坐拥,1
独爱兰韵,1
磁场,1
无意,1
要许,1
心诚则灵,1
东南西北,1
各有,1
ip,1
咖茶,1
发于,1
于适,1
姬发,1
瑞请,1
爱为,1
铁卖,1
炎炎,1
酷夏,1
超乖,1
咖杯,1
炫炫,1
对兰韵,1
态度,1
全靠,1
安溪,1
摇青,1
咖用,1
星耀樟宜,1
REAL,1
GAME,1
CHANGER,1
IS,1
COMING,1
一无所有,1
港仔后,1
全看,1
专业户,1
单份,1
控必冲,1
六次,1
制双瓣,1
沁透,1
干花,1
清茗香,1
取新,1
小卡包,1
追着,1
idol,1
节拍,1
流版,1
难说,1
三句话,1
太难念,1
退休,1
难读,1
拗口,1
断句,1
读法,1
蒸青,1
蒸软,1
草木,1
日向,1
第四届,1
来港,1
仔后,1
龙头,1
街心公园,1
场次,1
冲是,1
半年度,1
万万岁,1
Lancyy,1
清凉凉,1
领完瑞,1
星期,1
STARFIELD,1
可选替,1
香火,1
实弹,1
土豆,1
辣感,1
西式,1
肚子饿,1
精力,1
违和感,1
完后,1
小多肉,1
博主王,1
天王,1
幻想,1
仲夏夜,1
之梦,1
midjourney,1
概念设计,1
ios165,1
冰瑞请,1
瑞瑞请,1
用户数,1
这支,1
打肿,1
窒息,1
取得,1
实火瑞子,1
大致,1
地雷,1
种花,1
诸葛,1
茶蛋,1
西北,1
拖鞋,1
Kaz,1
第二遍,1
计较,1
52dddd,1
吃土,1
开花,1
散满,1
别看,1
一盆,1
更醇,1
勺子,1
瑞门家,1
失宠,1
自救,1
文咏珊,1
JaniceMan,1
MORNING,1
NEWS,1
半年报,1
自提均,1
SOESOE,1
新古姬,1
古姬,1
19002100m,1
薰衣草,1
喝柚,1
沁心,1
四十度,1
立马,1
图一,1
小肥手,1
Allen,1
大清,1
paopaopao,1
图二,1
柏建,1
胖熊,1
西风,1
图三,1
小青,1
QING,1
狒狒,1
侠客,1
镖人官,1
拼成,1
瑞门瑞午,1
节赛,1
鹿舟,1
逆天,1
瑞午节,1
剧组,1
作证,1
放盐,1
感比,1
疏离,1
冷冽,1
深幽,1
如同,1
菊花,1
采撷,1
霰雪经,1
封存,1
煮沸,1
略微,1
喉问,1
聚散,1
回甘是,1
牛奶糖,1
闭上眼,1
周身,1
傍晚,1
蒸腾,1
金色,1
光线,1
泼洒,1
小朵,1
雪菊,1
光明,1
次第,1
转让,1
想起,1
瞬问,1
轻舟,1
已过,1
万重山,1
你面,1
无表情,1
静静地,1
桌子,1
沉迷,1
想触,1
收回,1
超凡脱俗,1
茉香桃桃,1
黑叶,1
桃瑞纳冰,1
桃瑞纳,1
这趟,1
护送,1
雪域,1
奇珍,1
雪菊此,1
一出,1
镖客,1
铁镖人,1
昆仑山脉,1
香特调,1
卡雪菊,1
随后,1
英雄好汉,1
品此,1
奇饮,1
熙熙,1
咽下,1
记得住,1
墙角,1
CornerStone,1
Midjourney,1
谷爱凌超,1
冰万店,1
追溯到,1
源头,1
哪一条,1
高峰期,1
张当,1
周日,1
失效,1
当周瑞,1
超美超,1
家超,1
鹭港,1
湖里,1
区长,1
东路,1
园林,1
常见,1
夜景,1
渝中区,1
五四路,1
独具特色,1
溶洞,1
隐匿,1
城中,1
洞穴,1
抛开,1
青岛,1
新世界,1
数码港,1
旗舰,1
市南区,1
底商,1
船帆,1
屏风,1
墙面,1
十分钟,1
咖去,1
咖都,1
更冰爽,1
纹理,1
收藏夹,1
称之为,1
奈奈,1
aka,1
有家,1
才华,1
提了,1
首万店,1
贺辞,1
这不瑞,1
说不过去,1
没用,1
领新,1
金榜题名,1
前一天,1
取餐码,1
送货上门,1
高三,1
超常发挥,1
如愿,1
难忘,1
庆幸,1
鼓励,1
鞭策,1
落户,1
厦门市,1
思明区,1
中山路,1
调性,1
举瑞,1
紧急通知,1
主张,1
店庆,1
定位,1
位瑞,1
第一家,1
试营业,1
大瑞,1
特瑞万店,1
ios,1
醒版,1
结构,1
锐化,1
瑞抓,1
阅读,1
理解能力,1
短期,1
促销,1
回馈,1
瑞任子威,1
任子,1
威同款,1
门童,1
长方形,1
卷住,1
糖果,1
瑞小铁,1
西瓜籽,1
翻着,1
无籽,1
拱形,1
情瓜,1
瓜皮,1
薄脆,1
瓜瓤,1
2r,1
泰酷,1
摩登,1
Ardhira,1
Putra,1
瞧瞧,1
巨爱,1
咖返场,1
味丝,1
滑厚奶,1
卡糖少,1
大喜,1
50w,1
50luckin,1
暴露,1
铁瑞门,1
也好,1
放手,1
机壳,1
颧骨,1
升天,1
花是,1
礼拜,1
菠萝包,1
香味扑鼻,1
实惠,1
体奶,1
心甜,1
必读,1
选不,1
跳操,1
千呼万唤,1
健身运动,1
水是,1
拍个,1
Chill,1
亲戚,1
一对,1
螺莉,1
CPdouble,1
爱莉,1
cursh,1
男孩,1
刘畊宏瑞门,1
麦瑞,1
小酌,1
封口,1
万张,1
每人每天,1
能领,1
景区,1
四面八方,1
神附,1
飙到,1
感稍,1
喜酸,1
喝瑞纳冰,1
涌入,1
快得多,1
天热来,1
含绿量,1
色卡,1
不但,1
款不含,1
冰饮超,1
冲瑞纳冰,1
非冰沙,1
椰不,1
嗓天,1
救星,1
退掉,1
嗓的家,1
嗓子,1
做冰,1
邪门,1
生财,1
发财,1
包太,1
小卡换,1
换新,1
YI,1
工服焕,1
爆赞,1
套写,1
铁向,1
人带,1
重返,1
so,1
hot,1
年代,1
未曾,1
小绿奶,1
人官,1
靓仔,1
靓女,1
summer,1
上瑞区,1
房瑞门,1
别太,1
天瑞幸,1
它产自,1
取名为,1
只不过,1
再截,1
第三支,1
豆上,1
烂漫,1
笔触,1
蓬勃,1
手选,1
Dirty4,1
打个,1
忍痛,1
抚慰,1
超棒,1
巡游,1
XIAN,1
城门,1
城墙,1
砖瓦,1
具有,1
雁塔区,1
慈恩,1
西路,1
大悦,1
下沉,1
大雁塔,1
游玩,1
逛累,1
歇歇,1
位说,1
太古,1
西区,1
屯儿,1
扭蛋,1
小鸡,1
啄米,1
笑嘻嘻,1
超神,1
dream,1
这杯瑞,1
出泰裤,1
屏蔽,1
事实证明,1
伸出,1
小圆手,1
瑞子种,1
可看,1
动起,1
手来,1
签与,1
下买,1
签会,1
团购,1
力速,1
暂列,1
懂得,1
动摇,1
气小,1
包说,1
极力,1
自制力,1
发给,1
椰拿铁瑞幸,1
不难,1
剪掉,1
上半,1
支撑,1
细绳,1
童趣,1
小冰风版,1
完该,1
咯冰,1
梦大雄,1
再吸,1
冲冰,1
咯瑞幸,1
带队,1
特雷莎,1
实地考察,1
有鹿,1
一下下,1
巡回,1
贺图,1
来康康,1
帮生,1
椰拿铁点,1
总所,1
周知,1
知祝,1
合唱团,1
大合唱,1
凌祝生,1
后瑞,1
薯条,1
宝举个,1
手瑞瑞,1
份瑞,1
师小艾,1
新产季,1
此次,1
惊现,1
独角兽,1
两家,1
Ngee,1
Ann,1
义安,1
Marina,1
Square,1
感新,1
singapore,1
交集,1
比拿铁,1
忠实,1
咖的宝,1
VC,1
香给,1
动力,1
装反,1
重装,1
如假包换,1
Dodooo,1
得瑞子,1
创作者,1
看来,1
很长,1
方言,1
chatgpt,1
迟疑,1
变为,1
那年,1
微雨,1
四郎瑞幸,1
赏春,1
隐士,1
白芽,1
奇兰,1
茶韵口口,1
香是,1
初春,1
拿铁当,1
画出,1
冰过,1
玄奥,1
弥散,1
太难,1
沙口,1
感超,1
宝安,1
控双厨,1
开挂,1
版抹,1
冰去,1
冰热,1
共同点,1
珍呐,1
东恩,1
东恩同款,1
过爽剧,1
冰冲,1
推给,1
冰沙厚,1
疲倦,1
困意,1
泥用,1
爽爆,1
知春拿铁首,1
怀着,1
认错,1
六窨一提,1
更显,1
普普通通,1
再小众,1
解决不了,1
对事,1
咖瑞,1
喝法划,1
清明,1
后经,1
捻搓,1
双茶,1
如齿,1
公举,1
人瑞,1
由春至,1
仙气,1
飘飘,1
符号,1
瑞瑞同,1
款噜,1
季新,1
spring,1
春暖花开,1
新瑞粉,1
所用,1
各有不同,1
相同点,1
两句,1
喝太冰,1
喝太热,1
不会错,1
AUV,1
地地,1
地地道道,1
第三件,1
重大,1
盼个,1
好瑞头,1
龙抬头,1
找人,1
助理,1
各国,1
带领,1
寻豆团,1
采收,1
控等,1
HOT,1
瑞门幸,1
招是,1
眼熟,1
迈克尔,1
杰克,1
驴来,1
幸会幸,1
麻子,1
无所谓,1
瑞会,1
心在,1
开眼,1
请留步,1
mooooo,1
信荠辣,1
合辑,1
好棒,1
森森,1
海里,1
有童,1
7mini,1
落枕,1
小肥羊,1
燃燃想,1
島韻子,1
快来瑞,1
修狗超,1
菜单项,1
单会,1
完则,1
本订,1
总量,1
张赠,1
拿铁喜,1
发张,1
高启,1
经典语录,1
包金,1
第三天,1
星期一,1
得金,1
咖的家,1
黑巧厚,1
老家,1
转一转,1
指到,1
雪联,1
场地,1
一举,1
首战,1
show,1
雪场,1
见谷,1
凌瑞幸,1
两圈,1
高定,1
过过瘾,1
过个,1
情商,1
点名,1
建材,1
批发,1
好会画,1
本瑞,1
话筒,1
美术,1
良好,1
查询,1
故意,1
棕杯,1
贴心,1
整挺,1
兔个,1
双兔,1
会啡长,1
局来,1
丝滑奶,1
瑞幸车,1
挨家挨户,1
敲门,1
礼花,1
不正经,1
含瑞量,1
宠幸,1
瑞瑞一,1
拼在一起,1
古吉罕,1
贝拉,1
含糖量,1
法中,1
2333333333n,1
幸杯,1
圆圆满满,1
much,1
颁奖,1
颁奖典礼,1
大屏幕,1
搜王奖,1
顺畅,1
内涵,1
万人,1
吃瓜奖,1
新约,1
郑州,1
大连,1
昆明,1
党超,1
瑞人,1
可瑞,1
决赛圈,1
选选冰,1
发太有,1
兔子,1
图稿,1
切成,1
新建,1
画布,1
切好,1
再选,1
加图,1
大券包,1
越高,1
金鹿,1
领见,1
2lv5,1
lv6,1
自提外,1
不出意外,1
65r66r,1
多么,1
拼出,1
tvc,1
大院,1
进场,1
观影,1
一粒,1
米尼阿真,1
Aliceeez,1
两句话,1
费列罗,1
木香,1
hinhin,1
深得,1
超久,1
圣誕,1
可好,1
爱玩,1
包找,1
有点累,1
玩个,1
找茬儿,1
驯服,1
萌翻,1
根本,1
包杯,1
套变,1
聖誕裝飾,1
组已,1
太乖,1
款握,1
握杯,1
复原,1
鹿帮,1
吸走,1
霉运,1
慌瑞,1
支棱,1
之家,1
大笨狗,1
香辣,1
发声,1
挖宝点,1
拿铁奶,1
蛋挞,1
香香的,1
蛋奶味,1
宝请,1
确定,1
太火瑞子,1
搞了个,1
自画像,1
布做,1
最富,1
看球累,1
看球,1
挡住,1
llAC,1
金砖,1
采购计划,1
缘分,1
更巧,1
年金,1
足球,1
盛宴,1
旗开得胜,1
球迷,1
瑞为,1
果拜,1
香超,1
绵滑,1
实际上,1
怎么回事,1
咸海,1
盐味,1
5r,1
小面包,1
更香,1
咸感,1
开冲,1
水獭,1
鹿瑞粉,1
日为,1
鹿会,1
折轻,1
食券,1
颠覆,1
荡漾,1
微咸,1
不冷不热,1
接住,1
打翻,1
番茄,1
起司,1
苦短,1
瑞别,1
奥味,1
小奥,1
介么,1
DIYKelly,1
dirtyKelly,1
五天,1
份免,1
单快,1
抽中,1
爱不释手,1
瑞迷,1
手艺,1
活儿,1
天凉,1
不太想,1
喝热,1
常温,1
1960m,1
ristretto,1
好处,1
款见,1
高升,1
俩个,1
个人资料,1
前台,1
走个秀,1
时装周,1
T台,1
时装秀,1
还养,1
没鹿,1
玩儿,1
困困滴,1
养狗,1
封校,1
炒栗子,1
山楂,1
雪球,1
冷防,1
社死,1
发错,1
区分,1
遮挡,1
避免,1
社死名,1
放钱,1
现金,1
票据,1
money,1
hand,1
萬聖節,1
感天,1
阔耐,1
找找看,1
今年冬天,1
敢肯定,1
看清,1
王截,1
党速,1
囤点,1
即冲,1
柔顺,1
度高,1
醇奶,1
咖党,1
10r,1
趁现在,1
便宜,1
瑞瑞家,1
卷上,1
还加,1
口绝,1
这儿,1
翻遍,1
超全瑞,1
铁少,1
拿铁少,1
铁少少,1
到头,1
这届,1
下弦月,1
孙大炮,1
planA,1
末成,1
香橙,1
冲橙之,1
上联,1
二生酪,1
三生有幸,1
___________________,1
生椰拿铁生,1
划水,1
第一名,1
早睡,1
小馬爱,1
爱奇绘,1
Tjomas,1
蒋磁,1
妖怪,1
拳柯,1
ymoeu,1
天真烂漫,1
张月鹿,1
环游,1
加拉,1
TASIamy,1
斑点狗,1
献上,1
膝盖,1
最新消息,1
抓住机会,1
空条徐伦,1
厨们,1
不服,1
咱瑞家,1
一万个,1
Ipad,1
张白,1
小黄鱼,1
浣熊,1
清泉石,1
刘女士,1
George,1
BerryQ,1
痛包,1
joojoo,1
阿拉,1
思佳想,1
虚势,1
包同款,1
工卡,1
无锡,1
合肥,1
单小,1
大伙儿,1
瑞瑞来,1
铁名,1
尖叫,1
作者,1
妄猫,1
菜刀,1
田壹,1
太行,1
慕斯超,1
有点像,1
物超所值,1
超炫酷,1
厨来,1
厨快,1
joffee,1
发型,1
发几张,1
组一,1
帅飒,1
美住,1
铁生酪,1
太高兴,1
流下,1
喜悦,1
泪水,1
阻止不了,1
芜湖,1
id,1
国庆节,1
王能,1
Huila,1
1600m,1
Dirty5,1
机密,1
关灯,1
百吃,1
不厌,1
日照,1
包好,1
站稳,1
扶好,1
超丝,1
会有,1
阿帕茶,1
Aemmmm,1
狂热,1
铁热少,1
铁热少少,1
甜加,1
由衷,1
叫瑞,1
rui,1
xing,1
xin,1
duan,1
多人,1
写错,1
石之,1
工具,1
老三样,1
自个儿,1
回教,1
遭遇,1
psDIY,1
中等,1
拿铁刷,1
ITI,1
问个,1
Black,1
JoJo,1
波澜壮阔,1
绝大多数,1
终将,1
化作,1
死寂,1
编不,1
鬼畜,1
撕开,1
气沉,1
丹田,1
掌心,1
发力,1
瞄准,1
冷笑,1
冷到,1
人厚,1
两周岁,1
发展壮大,1
寿星,1
秘是,1
新开,1
赶快,1
躲起来,1
甜不甜,1
枣糕,1
湿湿,1
这方面,1
一大块,1
香香甜甜,1
三选,1
要交,1
自愿,1
赏瑰夏,1
王鹤,1
青苍,1
搞起,1
瑰夏好,1
生如瑰夏,1
暖色调,1
BenchMaji,1
生产区,1
厌氧发酵,1
法定,1
SCA84,1
大口慢,1
夏豆量,1
日新,1
gui,1
铁布瑞夫,1
铁下市,1
布瑞夫,1
铁快,1
室友,1
置办,1
20r,1
三周,1
说个,1
咖就,1
深切,1
慰问,1
不是故意,1
IvyLa,1
柠特调,1
清橙特调,1
不太酸,1
不太甜,1
盲选,1
好信,1
偏浓醇,1
打嗝,1
宝选,1
冰沙半糖,1
铁金桂,1
hinhinhin,1
720s,1
提取物,1
凉凉爽爽,1
不舍,1
眼泪,1
打转,1
握拳,1
不哭,1
轻微,1
哽咽,1
手抖,1
爱冰萃,1
尾声,1
投票决定,1
哭泣,1
口水,1
飞流直下三千尺,1
D24,1
受不了,1
崩溃,1
储良,1
刚来,1
得知,1
点子,1
想法,1
小红书能,1
弹射,1
duangduangduang,1
转成,1
webp,1
格式,1
重命名,1
服务平台,1
边角料,1
新手机,1
美是,1
裸杯,1
铁冰少,1
少糖,1
有点咸,1
宝冲,1
迷糊,1
圆圆,1
编辑,1
嘿嘿嘿,1
忙里,1
偷点,1
咸来,1
毛病,1
咸不,1
拿铁求,1
发问,1
送点,1
送瑞幸,1
不论,1
转发给,1
实用教程,1
寻一知,1
心爱人,1
姨姨,1
叔叔,1
做媒,1
单身贵族,1
附点,1
两单,1
摩摩哒,1
呱哇瑞,1
魔性,1
土潮,1
呱蛙瑞,1
一端,1
二叫,1
哇瑞是,1
哈喇子,1
粉红色,1
就点,1
十几次,1
折快,1
喝哇瑞,1
冲免,1
可太香,1
铁哇瑞,1
爱河,1
糖颜值,1
均价,1
6r,1
多来,1
这道题,1
难倒,1
芙瑞纳,1
芙瑞纳冰,1
冲奶,1
fu,1
冰沙蛋奶,1
超多奶,1
可外,1
严选金,1
甜酸,1
冰透劲爽,1
舌头,1
通便,1
稀小妙,1
招鹿,1
偷走,1
大无语,1
只办,1
事好,1
出同款,1
冰瑞纳,1
超吸睛,1
花花绿绿,1
变样,1
冰颜值,1
系冰沙,1
捕获,1
巨上,1
掐指一算,1
莓莓瑞,1
流口水,1
莓子味,1
湿软,1
数已,1
家共,1
覆盖全国,1
省级,1
行政区,1
瑞幸家,1
投个票,1
款撞色,1
长期,1
开盲,1
鹿卡龙瑞幸,1
新手,1
热衷,1
荣膺,1
2021IIAC,1
卡生,1
添加剂,1
手冲法,1
压壶,1
鹿卡,1
龙火,1
真鹿,1
食欲,1
咯吱,1
味贼,1
天儿,1
烦躁,1
浅吸,1
拿铁去,1
浅帅,1
像不像,1
单时,1
雪纳瑞,1
我俩,1
搞混,1
大噶瑞纳冰,1
闪到,1
戴上,1
墨镜,1
减糖,1
奈斯,1
软糖,1
弹绝,1
一整块,1
夹心饼干,1
INTO,1
心慕,1
出彩,1
花漾,1
水雾,1
w01,1
w08,1
w11,1
日快,1
into,1
intoyou,1
自助,1
夏至,1
意之作,1
千卡,1
fei,1
阿哥,1
阿妹,1
太阔,1
boii,1
差不多,1
通勤,1
包里,1
不沉,1
258ml,1
或水,1
调来,1
加拿大,1
眼馋,1
鸡尾酒,1
PINK,1
ME,1
尝到了,1
寻觅,1
打磨,1
第二支,1
直采,1
选豆,1
MINI,1
绚丽多彩,1
亮眼,1
椰云厚,1
椰云芒,1
椰云桃桃,1
椰云荔荔,1
铁同款,1
吸椰云,1
插入,1
怪瑞,1
季换,1
超炫超,1
用波普,1
恰冰过,1
酸酸,1
茶味百喝,1
饱西,1
晶球料,1
起上,1
Luck,1
ShangHai,1
好久不见,1
儿童,1
榜来,1
名变,1
餐爆款,1
杯要,1
幼稚,1
酷暑,1
可达鹿,1
瑞瑞瑞瑞瑞,1
脂少,1
狂狂,1
低脂,1
仅约,1
比加奶,1
亲研,1
RISTRETTO,1
草椰云,1
一人能,1
鹿向,1
包请,1
kisskiss,1
领证,1
今天上午,1
点领,1
要少,1
另一半,1
第四次,1
布列塔尼,1
浓是,1
铁粉,1
心巴,1
代瑞幸,1
乳奶味,1
冰纯,1
尊滴,1
拿铁绝,1
超抓,1
保甜,1
保熟,1
爱吃瓜,1
巴比,1
吃大口,1
粉嘟嘟,1
咖季瑞幸,1
卖瓜,1
接龙,1
徒手,1
吃瓜,1
计时,1
谷爱凌向,1
召回,1
四选,1
look,1
谷爱凌贴,1
包出,1
yym,1
快冲,1
小瑞和宁檬,1
苏维然,1
卫生,1
谷爱凌教,1
卡谷,1
王青提,1
卡青提,1
小累,1
小困,1
爆款求,1
激情,1
开炫,1
爱橘,1
金请,1
死死的,1
别争,1
此处,1
日有,1
这边,1
三厨,1
入场,1
串场,1
咖季杯,1
套杯,1
egd,1
小孔,1
大功告成,1
淀粉,1
上海地区,1
edgluckin,1
逆风,1
翻盘,1
非常明显,1
挚爱,1
爬树,1
冷酷无情,1
杀手,1
铁桃桃冰,1
雪泥,1
椰云拿铁,1
销售总额,1
咖第,1
浅瑞,1
配置,1
短时,1
挤压,1
取消,1
闭店,1
补偿,1
另行通知,1
包瑞幸,1
包书,1
读书,1
收纳袋,1
hong,1
叫个,1
示范,1
排面,1
两大玩,1
面纱,1
环状,1
包埋,1
出超,1
云绵滑,1
末少,1
更爽,1
飞升,1
安静,1
年来,1
流新晋,1
红人,1
po,1
鹿和生,1
铁人,1
感觉良好,1
热烈庆祝,1
售出,1
9900w,1
封印,1
快速,1
照样,1
happy,1
椰冰,1
狠想,1
没能,1
意难平,1
弥补,1
原地打转,1
innerchild,1
一堆,1
别太芒,1
冻奶,1
泥冷,1
胖乎乎,1
香酥,1
还超,1
个嗦,1
太会,1
可太会,1
多美图,1
赏花,1
起新,1
SCA85,1
柠檬草,1
果酒,1
早睡早起,1
趁热,1
找事,1
小铁冰,1
浓颜值,1
卡冰爽,1
茶味超,1
小密,1
人赏,1
乳拿铁生,1
冲一波,1
念出,1
心逃,1
读樱樱,1
吸着,1
口碑,1
小点心,1
白桃味,1
柔柔,1
能藏,1
铁耶加雪菲,1
回本,1
girls,1
女主,1
GIRLSPOWER,1
女性,1
冻冰,1
奶昔,1
几乎,1
咬破,1
仙女们,1
更让人,1
自由发挥,1
心大,1
Mayumi,1
Oono,1
渐暖,1
浓浆,1
味奶,1
发布会,1
附超,1
包学,1
包会,1
美工刀,1
多个,1
丝毫,1
抽谷,1
爱凌同款,1
慢焙,1
更绝,1
奶拿铁,1
刷起来,1
第三场,1
top3,1
第二枚,1
谷爱凌摘,1
心脏,1
细胞,1
香回,1
脑补,1
轻食瑞幸,1
喜带,1
谷爱凌杯,1
凌小,1
款谷,1
谷爱凌飒,1
首金,1
金墩,1
太棒了,1
跳台,1
项目,1
一切顺利,1
飒雪,1
一见钟情,1
冰甜丝,1
雪顶,1
飒雪拿铁,1
HE,1
白敬亭,1
已为,1
谷爱凌为,1
季特,1
飒爽,1
奶盖瑞幸,1
冰蓝,1
洒落,1
真梦中情,1
皮卷,1
签了,1
小脑,1
小包,1
北们,1
晒美图,1
少得,1
透红,1
大厘,1
大半杯,1
脂晶球料,1
超多纯,1
含奶,1
沙特,1
成冰沙,1
double,1
顶扁,1
兆头,1
好福气,1
虎虎生威,1
冰沙奶,1
大约,1
点半糖,1
比大口,1
新颜,1
串串,1
烤肉,1
新气象,1
50dirty,1
盲猜,1
第一套,1
光顾,1
鹿粉,1
天啦家,1
重量级,1
冰厚乳,1
壁挂,1
小口,1
要大口,1
喝大口,1
点冲,1
单向,1
这时候,1
好次,1
安佳,1
丁酸,1
放久,1
小蓝豆,1
小可,1
计算,1
由小蓝豆,1
门槛,1
升至,1
lv1,1
小蓝鹿,1
lv2,1
lv3,1
lv4,1
lv5,1
天为,1
升下,1
一级,1
降级,1
到期,1
保级,1
清零,1
定级,1
终身,1
王尔德,1
宜瑞幸,1
超低价,1
鹿毛,1
浮力,1
开卡礼,1
喝超,1
一波瑞幸,1
kiri,1
再制,1
香绝,1
有红,1
凉凉的,1
冷落,1
身心,1
伤害,1
自闭,1
巴巴,1
转达,1
投影仪,1
Switch,1
中奖率,1
高宝们,1
券共,1
天明,1
艰难,1
困境,1
父母,1
抵御,1
阵容,1
争分夺秒,1
绝地,1
反击,1
买不到,1
从今天起,1
艺名,1
小众款,1
家快,1
感妥,1
整一波,1
窗贴,1
多层次,1
从上到下,1
泥慕斯,1
从里到外,1
外面,1
波杯,1
family,1
压轴,1
感向,1
拿铁相,1
全系列,1
告急,1
新豆,1
它化,1
高刚,1
易化,1
规格,1
塌陷,1
盖上,1
几口,1
无影无踪,1
尽量,1
大为,1
very,1
一栏,1
重选,1
盲买,1
吃火锅,1
真轻,1
乳真,1
不耐生,1
蛋白质,1
会卖萌,1
味和奶,1
46r,1
39r,1
猫瑞幸,1
轻饮,1
冷冷的,1
SOESingle,1
典型,1
耶加雪菲有,1
极具,1
配得,1
后悔,1
发瑞幸,1
来晚,1
艾瑞,1
乳拿铁热,1
拍美照,1
并且,1
有多绝,1
方方,1
硬硬,1
撕着,1
软乎,1
一压,1
腻奶,1
第二次,1
浓啦瑞幸,1
波上,1
变甜,1
感都,1
名叫,1
回流,1
中杯,1
会受,1
热膨胀,1
杯塞顶,1
会洒,1
风险,1
气压,1
散热,1
防洒,1
拔开,1
黑塞,1
非常适合,1
乳拿铁半糖,1
太快,1
冷请,1
猝不及防,1
冻手,1
瑞幸芋,1
圆溜溜,1
超舒糊,1
投入,1
怀抱,1
独自,1
心窝,1
亲情,1
家庭,1
蓝杯备,1
坚强,1
软曲来,1
总想,1
软香,1
红绿,1
肉丝,1
香菇,1
微辣,1
真不错,1
核桃仁,1
超美腻,1
流星,1
手指,1
指纹,1
五线谱,1
音符,1
动动,1
铃声,1
敲响,1
当生,1
ID90809,1
季求,1
问瑞幸,1
本篇,1
byebye,1
男生,1
猛男,1
主编,1
上树,1
深有体会,1
来整,1
之大,1
雷用,1
35r,1
比软,1
泡进,1
新光,1
整整,1
爱碧斯,1
emmm,1
外人,1
料足,1
plus,1
锁死,1
停不下,1
很足,1
会吸,1
透露,1
阿华田厚,1
香阿华田,1
感猛,1
香在,1
微冷,1
有芋,1
圆啦生,1
含芋,1
冲一冲,1
小芋,1
涌到,1
更赞,1
变冷,1
芋圆,1
太酥糊,1
流生,1
结晶,1
不减,1
新宠,1
咖暖,1
转凉,1
谷爱凌邀,1
用生,1
浓而,1
甜醇,1
咖点,1
口粮,1
荡开,1
口舌,1
根部,1
回转,1
酸涩,1
ID83333,1
x3,1
奇思妙想,1
两情相悦,1
非你莫属,1
精力充沛,1
学业,1
可控,1
新宠儿,1
物理,1
皇室,1
上镜,1
一拍,1
吸睛,1
遮阳篷,1
露天,1
拍拍,1
福州市,1
建新,1
镇金达路,1
大榕树,1
Irene,1
清淡,1
融在,1
细细,1
强留,1
余味,1
有生,1
幽香,1
与生,1
静静的,1
品完,1
甜感散,1
固然,1
乳拿铁有,1
奶香微,1
生椰拿铁冷,1
各不相同,1
双星,1
合璧,1
丝滑间,1
颇具,1
争议,1
盆友们,1
铁宠粉,1
超丝滑,1
前所未有,1
天鹅绒,1
抚过,1
奶轻拥,1
奶香间,1
ID73918,1
铁卷,1
拿铁下,1
富桂撞,1
接富桂,1
桂香袭,1
冻人,1
满陇金桂,1
佳酿,1
量身,1
少量,1
新桂,1
拿铁中,1
添上,1
桂气,1
情调,1
Eileen,1
Gu,1
斩获,1
Games,1
极限运动,1
世锦赛,1
双冠王,1
季在,1
新学,1
北鼻们,1
摸摸头,1
大桂请,1
金九银,1
乳沁甜,1
离学霸,1
大麦,1
不在话下,1
Q4Q5Q6,1
桂林,1
馅饼,1
后头,1
学富五车,1
贵气,1
逼人,1
荣华富贵,1
安乐,1
嗅觉,1
富贵花,1
内心深处,1
向往,1
抚海,1
撩沙,1
岸边,1
蓝紫色,1
光泽,1
外观设计,1
彩陶,1
人鱼,1
之尾晶,1
低眉,1
亲吻,1
浮出,1
海面,1
鱼姬,1
海底,1
贝彩,1
斑斓,1
入门级,1
加奶,1
宝子萌,1
倦容,1
工作效率,1
Double,1
热烈欢迎,1
晶莹,1
小星星,1
宜饮,1
花型,1
有太多,1
冻抹,1
冰集,1
甜酷,1
灿烂,1
智慧,1
虔诚,1
诸事,1
业中,1
助攻,1
官配,1
爱惨,1
冰甜,1
微涩,1
斯人,1
方知,1
偶然,1
咸苦,1
Pick,1
逆退,1
恰冰瑞幸,1
例如,1
1xxxxxxxx,1
紫来,1
三伏天,1
冰沙超,1
super,1
ID60734,1
数将,1
至多,1
上期,1
公示,1
雨季,1
困倦,1
高调,1
超多车,1
封顶,1
诱惑力,1
鲜红,1
子车,1
两相宜,1
嘀生,1
说到做到,1
镜像,1
白嫩,1
更多生,1
椰新,1
茶生,1
椰生,1
萨瓦迪卡芒,1
铺底,1
糯嚼劲,1
台农,1
相加,1
重头戏,1
泰味,1
度假,1
柚子茶,1
果溶,1
葡萄汁,1
味大,1
琉光金,1
典雅,1
沉稳,1
格调,1
蜡光杯,1
纯黑,1
杯面,1
大气,1
放出,1
xiu,1
款粉,1
季一,1
荔瑞纳冰,1
滑弹,1
超荔害,1
引毫,1
撩拨,1
荔瑞纳,1
生椰给,1
不必,1
冰无糖,1
生椰版,1
乳瑞纳,1
冰沙沁凉,1
更多瑞纳,1
冰新,1
后小红书,1
之镜,1
糖为,1
颜值加,1
人工合成,1
深呼吸,1
ID54354,1
TOP3,1
恩宠,1
人见人爱,1
抗拒,1
爆开,1
要加,1
咖利路,1
死忠,1
控看,1
重奏,1
逛街,1
吸收,1
冻芒,1
俘获,1
桃肉,1
感现,1
这满杯,1
可人儿,1
桃离,1
烦闷,1
燥郁,1
津甜,1
花形,1
桃桃桃桃,1
欲滴,1
色泽,1
男女朋友,1
脂香,1
清浅,1
相互交织,1
亮丽,1
嫌多,1
未奖,1
赤焰,1
一袭,1
红裙,1
却集,1
得当,1
寂寞,1
ID50338,1
个杯,1
太萌,1
车去,1
郊游,1
半透明,1
身藏,1
冷水,1
变小,1
get2,1
既视感,1
球形,1
破壳,1
Sally,1
这呆萌,1
幸运值,1
超萌趣,1
隔冷,1
标志性,1
卖萌,1
说来,1
款桃桃,1
满载,1
快感,1
酸牛奶,1
粉系,1
甜滋滋,1
源泉,1
冰桃桃,1
冻桃桃,1
褪去,1
不烦,1
磨合,1
恰似,1
上新尝,1
baby,1
享福,1
椰青为,1
清流,1
别致,1
不由得,1
修摘,1
喝腻,1
炎炎夏日,1
铁冰爽,1
大家族,1
让你在,1
阔落,1
拍打,1
海韵,1
方底,1
圆口,1
白云,1
椰影,1
摇曳,1
附带,1
从容,1
弄花,1
两段式,1
渴望,1
妙想,1
人字拖,1
浅蓝,1
淡粉,1
青草,1
周阿华田,1
产品名称,1
TOP5,1
工作日内,1
单篇,1
点赞数,1
多篇,1
时常,1
晴王,1
回甜,1
暗恋,1
乱撞,1
捉摸不透,1
何况,1
波波,1
阿华田酷,1
脆酱,1
吸入,1
英国,1
波谱,1
四座,1
款欧,1
柔嫩,1
回味无穷,1
脑后,1
GET,1
分明,1
冰沙版,1
可瑞纳冰,1
阿华田瑞纳,1
元快,1
元起,1
SOE6,1
价低,1
来个,1
乳拿铁点,1
份瑞幸,1
最低,1
重样,1
欧包软,1
小康,1
请求,1
暑热,1
烟消云散,1
爽甜,1
加份,1
蝶恋花,1
多冰,1
厚乳轻,1
即购,1
求出,1
无人,1
社区,1
Amu,1
Yuu,1
修官,1
Grapefruit,1
Soda,1
有西柚,1
newer,1
更高乳,1
比厚,1
这甜,1
咸醇,1
分寸,1
把握,1
sugar,1
boba,1
流水,1
铁打,1
脆弹,1
Sparkling,1
Americano,1
金橘,1
愿生,1
一冲,1
冰们,1
ID42669,1
宣利路,1
官宣瑞,1
乳拿铁橘,1
周补登,1
日下,1
确保您,1
应得,1
下文,1
接连,1
多漏,1
排查,1
移动,1
PC,1
引起,1
量过大,1
多位,1
黑洞,1
白发,1
答请,1
一以贯之,1
核对,1
相符,1
致电,1
客服,1
无休,1
视作,1
这么久,1
到券,1
日内,1
审批,1
保守,1
如遇,1
必然,1
同价位,1
低价位,1
找零,1
自发,1
天请,1
等候,1
珍视,1
如对,1
疑难问题,1
拨打,1
客服热线,1
耳来,1
盒装,1
横跨,1
三只,1
如小橘,1
乖萌,1
浓淡,1
柔润,1
仿照,1
酿造,1
高贵,1
小傲,1
机和,1
工业,1
热水,1
1SCA80,1
北纬,1
富饶,1
1300m1500m,1
蒂姆,1
潜心,1
特性,1
蜜饯,1
丰盈,1
杏仁,1
只新杯,1
内外,1
釉面,1
趴在,1
花间,1
花丛,1
250ml,1
方形,1
和煦,1
约个,1
假笑,1
遇冷,1
时杯,1
春花,1
500ml,1
隔空,1
握感,1
烫手,1
花枝,1
春满,1
290ml,1
把手,1
由杯,1
延伸,1
180ml,1
奥氏体,1
超轻,1
编制,1
丛中,1
12cm,1
灰白,1
真棒,1
淘气,1
小灰猫,1
化妆镜,1
生椰整,1
以冷,1
椰不含,1
ID37216,1
椰冷,1
肉大颗,1
粒大颗,1
汇入,1
脂寒,1
天球,1
冻西柚,1
luckin5,1
植物蛋白,1
味晶球,1
以香滑,1
奶为,1
粉萌,1
410ml,1
防掉,1
硅胶套,1
脱手,1
510ml,1
指提,1
挂绳,1
820ml,1
坚固耐用,1
樱蓝,1
520ml,1
轻量化,1
防漏,1
秋千,1
630ml,1
底垫,1
开关,1
喝耶加,1
地来,1
宣辣,1
2018WBC,1
公认,1
狂人,1
拿奖,1
手软,1
搞怪,1
性格开朗,1
活泼可爱,1
交朋友,1
包机,1
空运,1
SOEDistinct,1
Aroma,1
可谓,1
饮均,1
第三方,1
沙漠,1
绿洲,1
有机,1
欧式,1
风靡,1
欧洲,1
俏皮,1
心悦己,1
烛台,1
沉醉,1
闲暇,1
申领,1
倾心,1
中浅度,1
产品包装,1
设计奖,1
大满贯,1
得主,1
事宜,1
他人,1
累积,1
一档,1
结算,1
收奖,1
批次,1
发奖,1
樱拿铁瑞幸,1
粉瑞幸,1
主色调,1
点上,1
安然,1
静静,1
流淌,1
号楼,1
花开,1
樱粉,1
顶樱粉,1
晕开,1
高出,1
一倍,1
灭菌,1
国标,1
当樱粉,1
风物,1
此杯,1
看不到,1
现点,1
幸韵,1
晶晶,1
追锦心,1
似玉,1
抽粉,1
味脆,1
感尾调,1
六角形,1
烛光,1
流线型,1
壶嘴,1
细长,1
商瑞幸,1
ID29593,1
茶款,1
葱茏,1
简称,1
老网,1
配抹,1
奶绿味,1
coming,1
soon,1
宜猜,1
外加,1
2021luckin,1
樱花雨,1
2020IIAC,1
IIAC1993,1
非盈利,1
意味着,1
GOLD,1
MEDAL,1
奥斯卡,1
设立,1
目的,1
摘种,1
筛选,1
独具匠心,1
面对,1
参赛国,1
样品,1
摘得,1
1IIAC,1
WIDE,1
AWAKE,1
咖奶,1
咖厚乳,1
全员,1
SOEDISTINCT,1
AROMA,1
初衷,1
贴合,1
脚本,1
时才,1
忍痛割爱,1
认知,1
剪版,1
团结,1
这部,1
漫游,1
装来,1
豆种,1
百花盛开,1
微光,1
心上,1
水中,1
彰显,1
千般,1
无奶,1
无植脂,1
10kcal,1
消水肿,1
刷毛,1
铝制,1
口管握,1
抓粉,1
上妆,1
皮革,1
刷具,1
全脸,1
强迫症,1
鹿鹿子,1
高甜,1
化妆品,1
先奉,1
签收,1
瑞意常,1
幸年,1
旧年,1
滑看,1
熊绒绒,1
包萌,1
熊绒,1
做工,1
咖储物,1
光滑,1
色釉,1
生动,1
艳丽,1
550ml,1
储物罐,1
多功能,1
午休,1
枕头,1
寒冷,1
披肩,1
久坐,1
依靠,1
暖融融,1
面料,1
农历,1
描金,1
真空,1
温且,1
锁扣,1
守候,1
钥匙链,1
420ml,1
钢印,1
业鹿头,1
日会,1
团团圆圆,1
祝大,1
哪部,1
视效,1
绣春刀,1
路阳,1
导演,1
宁浩,1
监制,1
演员阵容,1
豪华,1
影片,1
改编自,1
双雪涛,1
短篇小说,1
父亲,1
失踪,1
女儿,1
接下,1
众人,1
打住,1
就剧,1
透到,1
开开,1
平行,1
影视,1
悬疑,1
探险,1
款绒,1
luckinLINE,1
夸一夸,1
绒绒包,1
摸上去,1
聚酯纤维,1
经久耐用,1
挎着,1
不大,1
290mm50mm190mm,1
矿泉水,1
兜兜,1
FRIENDS2021,1
再用,1
TOP10,1
兼有,1
烤奶,1
色祝,1
ID25822,1
金运,1
滚滚,1
念念不忘,1
必有,1
回响,1
外壁,1
内壁,1
漂浮,1
空中,1
传送门,1
tm,1
超市,1
元满,1
减券,1
加盟,1
零售,1
意向,1
打着,1
市场营销,1
wxh,1
SOP,1
国内外,1
全域,1
裂变,1
获客,1
社群,1
API,1
识别,1
联网,1
耶加雪菲新,1
奶盖版来,1
咸奶,1
先吸,1
喝新,1
拿铁写,1
新年伊始,1
情怀,1
兔牙,1
吃喝,1
乳乳,1
Tiramisu,1
酒味,1
富于,1
含义,1
视若,1
珍宝,1
吃喝玩乐,1
BB,1
积极响应,1
号召,1
及外,1
环境友好,1
可降解,1
欧盟,1
DIN,1
FSC,1
卫生标准,1
欧标,1
放心使用,1
排入,1
海洋生物,1
进食,1
缠绕,1
生态,1
亿美元,1
经济损失,1
污染,1
刻不容缓,1
爱护,1
长时间,1
饮中纸,1
大噶喝,1
2020Best,1
Best,1
上轻,1
充分运用,1
跨界,1
luckyluna,1
大额,1
人拿铁轻,1
GUYU,1
PILOT,1
ID21117,1
面膜,1
敏感,1
肌星,1
奶霜,1
维稳,1
赠礼,1
自用,1
卸除,1
顽固,1
彩妆,1
乳化,1
不闷,1
养肤,1
小酸瓶,1
资生堂,1
新手入门,1
刷酸去,1
闭口,1
粉刺,1
祛痘,1
淡痘,1
印为,1
焕肤,1
堪称,1
练字,1
笔尖,1
第一笔,1
礼装,1
顺顺,1
果浆,1
眼无,1
沈梦辰,1
刷牙,1
切面,1
续航,1
260ml,1
口袋,1
TJ,1
小琪,1
某糖,1
酒窝,1
Paranoid,1
cheesenutPonyo,1
红绿灯,1
迪士尼,1
西娅,1
鱼儿,1
沙茶,1
日后,1
写出,1
期许,1
置顶,1
每盒,1
AB,1
字母,1
第二轮,1
Wind,1
呵呵,1
兮兮,1
茯苓,1
白术,1
两轮,1
周到,1
右滑图,1
啰嗦,1
抽抽,1
菜单栏,1
左上角,1
订阅,1
EDGE,1
AWARDS,1
一经,1
已有,1
欧超,1
款新贝果,1
本鹿,1
私心,1
韧韧,1
进香,1
点睛之笔,1
紧实,1
爽脆,1
酸黄瓜,1
午餐,1
刷脂,1
香气扑鼻,1
飘起,1
高涨,1
想加个,1
shot,1
先点,1
随心,1
请出,1
豪横,1
倒入,1
可依,1
个人爱好,1
整罐,1
飞速,1
溶化,1
稍作,1
境界,1
选在,1
碎杯,1
如梦,1
碎雅韵,1
清芬,1
CONY,1
莎莉鸡,1
套瑞幸,1
姗姗来迟,1
三遍,1
礼包,1
孤独,1
画册,1
收录,1
多年,1
孤独感,1
情境,1
描绘,1
阅读者,1
共鸣,1
以此,1
引动,1
喷火龙,1
宜出,1
绿色软件,1
上墙,1
PUPU,1
文艺,1
vivi,1
官请,1
耶加雪菲曼,1
特宁,1
开杯,1
360ml,1
小红帽,1
230ml,1
一枚,1
水晶球,1
加厚,1
3LUCKY,1
300ml,1
弹跳,1
按下,1
初吻,1
430ml,1
白唇鹿,1
正红,1
流金,1
5mosh,1
6mosh,1
轻装,1
之作瑞幸,1
杯耶加雪菲,1
SCA,1
中深,1
medium,1
roastingSCA,1
维系,1
酸质,1
甜感后,1
12oz330ml,1
等你拿,1
分级,1
配备,1
机器,1
印有,1
恢弘,1
长卷,1
腰封,1
硫酸纸,1
隔层,1
秘境,1
A1,1
寻踪,1
巴布亚新几内亚,1
B1,1
赞藏,1
务请,1
领衔,1
波轻食,1
熏烤,1
微波炉,1
喷薄而出,1
玫瑰红,1
饼体,1
小司康,1
英式,1
萦于,1
围绕,1
搞出,1
那样,1
没辙,1
全部都是,1
喝遍,1
铁季杯,1
纸套,1
铁厚,1
宫墙,1
燃情,1
追上,1
秋末,1
明艳,1
黄叶,1
故宫,1
紫禁城,1
人拿铁芋,1
瑞雪,1
心疼,1
某杯,1
顾客,1
一晃眼,1
点到,1
多尝,1
自习,1
下课,1
用料,1
冒出来,1
目空一切,1
自信,1
厚乳浅,1
冷飕飕,1
浅紫色,1
厚乳厚,1
吐槽,1
solo,1
生姜,1
香软,1
款想,1
拿铁出,1
大佬,1
珍存,1
锦上添花,1
铁热替,1
倔强地,1
拿铁多,1
time20,1
盒助眠,1
特约,1
春曦,1
烤鸭,1
高冷岐,1
刺猬,1
周小萌,1
cure,1
能动,1
灿灿,1
Moomin,1
如初,1
热心,1
市民,1
李夫人,1
家西西酱,1
起名,1
Gakki,1
甜宝,1
皮卡,1
皮秋,1
酿佳玲,1
ovo,1
狗蛋,1
常来,1
日厚,1
加送,1
熊款,1
公选,1
外衣,1
红玫瑰,1
花茶,1
奶思,1
首轮,1
热敷,1
Luna,1
水蒸气,1
缓解,1
眼部,1
疲劳,1
毫米,1
国家专利,1
发热,1
薄片,1
控温,1
伤眼,1
无香微,1
弹力,1
耳挂,1
不勒耳,1
赞藏评,1
临近,1
追问,1
特有,1
辛香,1
醇味,1
含且,1
开瑞幸,1
需加,1
甜菊糖,1
轻享,1
茶芋,1
敬请,1
零卡糖,1
零糖,1
乳拿铁芋,1
季比,1
往年,1
款芋,1
凉丝丝,1
治芋,1
杯芋,1
植脂末,1
润口,1
之余,1
多一份,1
Flat,1
White,1
起源于,1
数轮,1
调配,1
觅得,1
折后,1
指用,1
更少,1
避开,1
烫口,1
限充,1
操作步骤,1
充券,1
举个,1
长达,1
年且,1
转赠给,1
价位,1
拿铁充,1
绝尘,1
当家花旦,1
之高,1
超乎,1
倍感,1
厚乳小,1
乳厚乳,1
确保,1
签约,1
张赟,1
主笔,1
各大线,1
初次,1
优先选择,1
组合装,1
几种,1
挑出,1
最心水,1
开设,1
各具特色,1
安德烈,1
小馆,1
金城,1
公寓,1
国宝级,1
国家队,1
Lattuada,1
大叔,1
QQ1999,1
beta,1
裙楼,1
QQ20,1
怀旧,1
咖啡馆,1
恒奥,1
C座,1
书香,1
平米,1
诗集,1
藏书,1
归于,1
这一室,1
墙上,1
亲笔,1
网易,1
灰白色,1
灯箱,1
连结,1
形态,1
垂挂,1
感器,1
带入,1
私享,1
登月,1
店以,1
密室,1
异次元,1
how,1
pay,1
展览馆,1
唐店,1
亲绘,1
饮中,1
八仙,1
最负,1
盛名,1
八位,1
豪饮,1
之士,1
为首,1
便是,1
墨角,1
明月,1
一腔,1
静待,1
君临,1
汉口,1
江滩,1
主楼,1
商铺,1
鱼群,1
造型艺术,1
悬挂,1
解丁泉,1
拜风,1
长江,1
追赶,1
江风,1
天爆款,1
大名,1
格纹,1
深受,1
爱称,1
配件,1
拍不出,1
戳戳,1
无效,1
对不起,1
一赠,1
芥末,1
甘薯,1
板栗,1
仁甜,1
玉米粒,1
黄桃脆,1
囤一波,1
买一送一,1
款司康,1
英伦,1
发言,1
家瑞幸,1
干甜,1
很绝,1
sconeQuick,1
Bread,1
用小蓝杯,1
拍厚,1
学霸,1
天领,1
高校,1
燕园,1
吕志,1
严巍,1
杜厦,1
刷夜,1
作伴,1
叶心,1
凤凰花开,1
陆静岚,1
西门,1
席氏,1
肉夹馍,1
郭珊珊,1
师姐,1
陈茜,1
澳瑞白厚,1
一瞬间,1
受小红书,1
限制,1
截取,1
大图,1
time9,1
四次,1
开出,1
黑芝麻,1
sasa,1
吃饱,1
one,1
波想,1
小祖二,1
铁匠,1
小龙,1
任吃,1
查无此人,1
反驳,1
秋韵,1
妙趣,1
凉凉,1
喝口,1
兔杯,1
小红书以,1
四处,1
出没,1
乳拿铁边,1
乳拿铁奶,1
布偶,1
怀里,1
这群,1
萌化辣,1
手提箱,1
熊版,1
莎莉,1
鸡版奶,1
甄品,1
心紫薯,1
肉松,1
中秋月饼,1
FRIENDSLINEluckin,1
拿铁瑞,1
上次,1
承受,1
拆下来,1
4380ml,1
BROWNSALLYCONY,1
拥用,1
来尝,1
鲜嫩,1
当做,1
覆住,1
馅集,1
芝芝奶,1
香贝果,1
泛着,1
或是,1
6g,1
将奶,1
怕苦,1
产品部,1
爽烈,1
后调,1
变凉,1
桔子,1
1CONY,1
2BROWN,1
3CHOCO,1
冰中,1
love,1
巧芒,1
甜食,1
咬开,1
别样,1
溢于,1
恰恰好,1
好恰,1
清脆,1
椰香扁,1
整箱,1
luckincoffeeAPP,1
摩力,1
旋舞,1
仿若,1
那刻,1
特饮来,1
川渝冰粉,1
mixQ,1
生津解渴,1
汇集,1
沸腾,1
重庆地区,1
剔透,1
尾韵于,1
终章,1
奏响,1
冰沙配,1
晶莹剔透,1
果韵,1
选山雾,1
罢休,1
gai,1
BROWNCHOCOSALLYCONY,1
联萌,1
款潮品,1
萌动,1
你心,1
沁凉,1
款冰,1
可加购,1
jpg,1
转眼间,1
流逝,1
打架,1
第三杯,1
周六日,1
宛如,1
爱西柚,1
最全,1
钟意,1
ONE,1
PICK,1
时瑞幸,1
颈部,1
按摩,1
背靠,1
办公,1
公号,1
头条,1
挑逗,1
底融,1
乳白色,1
冰味,1
连云,1
炙热,1
蒸气,1
飞转,1
聊聊,1
冰拿铁,1
别有风味,1
biu,1
real,1
位请,1
zhui,1
焦酥,1
绝佳,1
开能,1
内软,1
蛮足,1
中餐,1
晚餐,1
一试,1
位薯,1
红莓,1
能品,1
碱性,1
氢氧化钠,1
微量元素,1
很美,1
手拉手,1
人儿,1
铁瑞纳,1
Boom,1
引出,1
MIX,1
一跃而入,1
雪白,1
黄桃,1
沉底,1
真真,1
十里,1
桃林,1
卡祝,1
临中夏时,1
清日,1
复长,1
卡为,1
真挚,1
四种,1
疾进,1
赏味趣,1
阵阵,1
粽香,1
久久,1
环绕,1
赛龙舟,1
挂彩,1
绳儿,1
粽情,1
真切,1
波点系,1
保湿,1
手口,1
手掌,1
锁水,1
囤货,1
角落,1
干掉,1
无香,1
洁癖,1
害怕,1
沾染,1
buy,1
木质,1
纤维,1
最潮,1
短途,1
出差,1
便捷,1
干用,1
结实,1
团建,1
够用,1
人性化,1
拉链,1
办公桌,1
占用,1
先尝,1
席卷,1
夹带,1
撞个满怀,1
喜添,1
藏进,1
桃气,1
弹满杯,1
嗜甜星,1
来辣,1
勾起,1
冰为,1
冰樂岛,1
即将来临,1
Bonjour,1
炭烤,1
Mothers,1
喷香,1
Morning,1
拳头,1
款丝,1
杯来,1
阻隔,1
灰尘,1
漂漂亮亮,1
划个,1
易握,1
雕刻,1
合宜,1
萌趣,1
4Tritan,1
花面,1
玲珑,1
杜鹃花,1
续个,1
尚新季,1
乐范,1
数码,1
特惠,1
数码产品,1
享满,1
上火,1
冻态,1
茶橘,1
添新,1
百香果汁,1
弹得,1
十分,1
在售,1
罗汉果,1
鲜脆,1
韩网,1
理本,1
奶糖,1
木西,1
鳕鱼,1
岩本,1
小馒头,1
野村,1
米乐,1
玉米,1
杉本,1
屋妙谷,1
